번호,상태,상호명,대표자명,기관구분,지역
1,유지,제이케이성형외과의원,주권,의원,서울
2,유지,자생한방병원,신준식,한방병원,서울
3,유지,경북대학교병원,양동헌,상급종합병원,대구
4,유지,좋은문화병원,문화숙외 1명,종합병원,부산
5,유지,드림성형외과의원,박양수,의원,서울
6,유지,건국대학교병원,유광하,상급종합병원,서울
7,유지,씨엠병원,이상훈,종합병원,서울
8,유지,좋은강안병원,구자성,종합병원,부산
9,유지,조선대학교병원,최남규,상급종합병원,광주
10,유지,대영성형외과의원,안동현,의원,서울
11,유지,예송이비인후과의원,김형태,의원,서울
12,유지,에이치제이매그놀리아요양병원,이진우,기타,경기
13,유지,삼성서울병원,박승우,상급종합병원,서울
14,유지,유씨강남치과의원,정해웅,치과의원,서울
15,유지,오킴스피부과의원,조항래,의원,경기
16,유지,지에스안과의원,김무연,의원,서울
17,유지,에이치제이매그놀리아국제병원,이기만,병원,경기
18,유지,동아대학교병원, 이해우,상급종합병원,부산
19,유지,의료법인 명지의료재단 명지병원,이왕준,종합병원,경기
20,유지,이화여자대학교의과대학부속목동병원,유경하,상급종합병원,서울
21,유지,(재)한국의학연구소 부산분사무소,이광배,의원,부산
22,유지,(재)한국의학연구소 대구분사무소,이광배,의원,대구
23,유지,(재)한국의학연구소 광주분사무소,이광배,의원,광주
24,유지,(재)한국의학연구소 KMI경기의원,이광배,의원,경기
25,유지,재단법인 한국의학연구소 강남의원,이광배,의원,서울
26,유지,(재)한국의학연구소 케이엠아이여의도의원,이광배,의원,서울
27,유지,강남삼성성형외과의원,박영진,의원,서울
28,유지,허쉬성형외과의원,정영춘 ,의원,서울
29,유지,의료법인경동의료재단효성병원,박경동,병원,대구
30,유지,아이디병원,박상훈,병원,서울
31,유지,서울대학교병원,백남종,상급종합병원,서울
32,유지,순천향대학교 부속 서울병원,서교일,종합병원,서울
33,유지,순천향대학교 부속 부천병원,서교일,상급종합병원,경기
34,유지,삼육서울병원,양거승,종합병원,서울
35,유지,차의과학대학교 강남차병원,김춘복,종합병원,서울
36,유지,에스플란트치과병원,손병섭 외 5명,치과병원,서울
37,유지,글로벌성형외과의원,최오규,의원,서울
38,유지,온누리수의원,이소영,의원,대전
39,유지,초이스피부과의원,양성규,의원,서울
40,유지,의료법인 토마스의료재단(윌스기념병원),박춘근,종합병원,경기
41,유지,한길안과병원,정규형,병원,인천
42,유지,서울대학교병원 강남의원,윤영호,의원,서울
43,유지,경희대학교병원,오주형,상급종합병원,서울
44,유지,경희대학교 치과병원,김형섭,치과병원,서울
45,유지,경희대학교 한방병원,정희재,한방병원,서울
46,유지,한양대학교병원,이형중,상급종합병원,서울
47,유지,뷰성형외과의원,최순우,의원,서울
48,유지,대경영상의학과의원,이기만 외 8명,의원,대구
49,유지,연세대학교 의과대학 세브란스병원,금기창,상급종합병원,서울
50,유지,서울아산병원,박승일,상급종합병원,서울
51,유지,충남대학교병원,조강희,상급종합병원,대전
52,유지,의료법인 길의료재단 길병원,이태훈,상급종합병원,인천
53,유지,부민병원,정흥태,종합병원,부산
54,유지,가톨릭대학교 서울성모병원,이지열,상급종합병원,서울
55,유지,구미강동병원,신재학,종합병원,경북
56,유지,화순전남대학교병원,이완식,상급종합병원,전남
57,유지,국립암센터,양한광,종합병원,경기
58,유지,의료법인 아인의료재단 아인병원,오익환,병원,인천
59,유지,강남베드로병원,윤강준,종합병원,서울
60,유지,덕영치과병원,박준홍,치과병원,대구
61,유지,호산여성병원,방장훈,병원,서울
62,유지,우리들병원,이상호,병원,서울
63,유지,제이앤성형외과의원,조주원,의원,서울
64,유지,하늘성형외과의원,김성호,의원,부산
65,유지,우리들병원,백운기,종합병원,서울
66,유지,인하대학교의과대학부속병원 (인하대병원),이택,상급종합병원,인천
67,유지,원진성형외과의원,강문석,의원,서울
68,유지,서울밝은세상안과의원,이종호,의원,서울
69,유지,밝은세상안과,박길호 외 1명,의원,부산
70,유지,고운세상 김양제장봉석피부과의원,김양제 외 1명,의원,부산
71,유지,청담고운세상닥터지피부과의원,이창균,의원,서울
72,유지,365mc의원 일산점,양현석,의원,경기
73,유지,서울대학교치과병원,김성균,치과병원,서울
74,유지,양산부산대학교병원,남수봉,상급종합병원,경남
75,유지,전남대학교병원,정신,상급종합병원,광주
76,유지,계명대학교 동산병원,배재훈,상급종합병원,대구
77,유지,조선대학교 치과병원,임성훈,치과병원,광주
78,유지,아름다운나라피부과의원,류지호,의원,서울
79,유지,아름다운나라 피부과의원,이상준,의원,서울
80,유지,비에비스나무병원,홍성수,병원,서울
81,유지,부천세종병원,박진식,종합병원,경기
82,유지,의료법인 목포구암의료재단 목포중앙병원,이승택,종합병원,전남
83,유지,미즈메디병원,노성일,종합병원,서울
84,유지,강동경희대학교병원,이형래,종합병원,서울
85,유지,아주대학교 병원,한상욱,상급종합병원,경기
86,유지,강동경희대학교 한방병원,이형래,한방병원,서울
87,유지,강동경희대학교 치과병원,이형래,치과병원,서울
88,유지,연세대학교 의과대학 강남세브란스병원,김용욱,상급종합병원,서울
89,유지,대전선병원,선두훈,종합병원,대전
90,유지,더블랙성형외과의원,신동필,의원,대구
91,유지,(사) 한국건강관리협회 서울특별시 동부지부,김인원,의원,서울
92,유지,고려대학교 의과대학 부속 안암병원,윤을식,상급종합병원,서울
93,유지,연세스타피부과의원 ,강진문,의원,서울
94,유지,안동병원,강신홍,종합병원,경북
95,유지,중앙대학교병원,이재성,상급종합병원,서울
96,유지,올포스킨피부과의원,민복기,의원,대구
97,유지,면혁한의원,박경호,한의원,대구
98,유지,국립중앙의료원,서길준,종합병원,서울
99,유지,한도병원,성대영,종합병원,경기
100,유지,(사)한국건강관리협회부산광역시동부지부,김인원,의원,부산
101,유지,마리아병원,임진호,병원,서울
102,유지,메디힐의원,김원우,의원,서울
103,유지,비앤빛안과의원,김진국,의원,서울
104,유지,보라안과병원,박진우,병원,광주
105,유지,대항병원,김도선,병원,서울
106,유지,대구파티마병원,김선미,종합병원,대구
107,유지,삼육부산병원,이무화,종합병원,부산
108,유지,국제나은병원,정병주,병원,경기
109,유지,대구한의대한방병원,장우석,한방병원,대구
110,유지,건양대학교병원,배장호,상급종합병원,대전
111,유지,재단법인예수병원유지재단예수병원,임현희,종합병원,전북
112,유지,충북대학교병원,최영석,상급종합병원,충북
113,유지,국민건강보험공단 일산병원,한창훈,종합병원,경기
114,유지,강동성심병원,윤대인,종합병원,서울
115,유지,한국병원,송재승,종합병원,충북
116,유지,아름다운피부과,양준성외 2명,의원,제주
117,유지,제주한라병원,김성수,종합병원,제주
118,유지,서울21세기병원,성경훈,병원,서울
119,유지,미사랑성형외과의원,심형곤,의원,서울
120,유지,더성형외과의원,옥재진,의원,서울
121,유지,한림대학교춘천성심병원,윤희성,종합병원,강원
122,유지,한림대학교강남성심병원,윤희성,종합병원,서울
123,유지,전라북도 군산의료원,조준필,종합병원,전북
124,유지,유성선병원,선두훈,종합병원,대전
125,유지,한림대학교한강성심병원,윤희성,종합병원,서울
126,유지,분당서울대학교병원,전영태,상급종합병원,경기
127,유지,부산대학교병원,김해영,상급종합병원,부산
128,유지,고신대학교 복음병원,최종순,상급종합병원,부산
129,유지,4월31일성형외과의원,김재훈 외2명,의원,서울
130,유지,강릉아산병원,유창식,상급종합병원,강원
131,유지,글로비성형외과의원,노봉일,의원,서울
132,유지,아이오유성형외과의원,강철욱,의원,서울
133,유지,밝은안과21병원,주종대,병원,광주
134,유지,차의과학대학교 분당차병원,김춘복,종합병원,경기
135,유지, 충청북도 청주의료원,김영규,상급종합병원,충북
136,유지,고려대학교의과대학부속 구로병원,민병욱,상급종합병원,서울
137,유지,울산대학교 병원,박종하,상급종합병원,울산
138,유지,페이스라인성형외과의원,이태희,의원,서울
139,유지,강북삼성병원,황득규,상급종합병원,서울
140,유지,모제림성형외과의원,황정욱,의원,서울
141,유지,의료법인삼성의료재단 강북삼성태평로의원,김대환,의원,서울
142,유지,손정형외과의원,손문호,의원,대전
143,유지,연세대학교 세브란스헬스체크업의원,금기창,의원,서울
144,유지,실로암한의원,신상만,한의원,서울
145,유지,허리나은병원,이재학,병원,서울
146,유지,인제대학교 해운대백병원,백대욱,종합병원,부산
147,유지,가톨릭대학교 부천성모병원,박익성,종합병원,경기
148,유지,가톨릭대학교 인천성모병원,홍승모,상급종합병원,인천
149,유지,소리이비인후과,박홍준,의원,서울
150,유지,구병원,구자일,종합병원,대구
151,유지,밝은성모안과의원,김준형,의원,서울
152,유지,부평힘찬병원,박혜영,병원,인천
153,유지,여성메디파크병원,여준규,병원,대구
154,유지,유캔비성형외과의원,김준호,의원,서울
155,유지,스마일정경우비뇨기과의원,정경우,의원,부산
156,유지,차움의원,김춘복,의원,서울
157,유지,쥬얼리성형외과의원,윤용일,의원,서울
158,유지,남양주 한양병원,장진혁,종합병원,경기
159,유지,에비타흉부외과의원,전철우,의원,서울
160,유지,필립의원,김태진,의원,경기
161,유지,램브란트치과의원,권주홍,치과의원,대전
162,유지,전북대학교병원,양종철,상급종합병원,전북
163,유지,제주특별자치도 서귀포 의료원,이윤복,종합병원,제주
164,유지,브이성형외과의원,최원석,의원,대구
165,유지,참튼튼병원,이수현,병원,서울
166,유지,마리아의원,임진호,의원,부산
167,유지,서울여성병원,송현진,병원,경기
168,유지,가톨릭대학교 의정부 성모병원,이태규,종합병원,경기
169,유지,누네안과병원,최철명,병원,대구
170,유지,의료법인 명경의료재단 꽃마을한의원,강명자,한의원,서울
171,유지,의료법인백송의료재단 굿모닝병원,이진수,종합병원,경기
172,유지,부산성모병원,구수권,종합병원,부산
173,유지,이샘병원,이성근,병원,부산
174,유지,순천향대학교 부속 천안병원,서교일,종합병원,충남
175,유지,센텀소중한눈안과의원,구남균외 1명,의원,부산
176,유지,연수김안과의원,김학철,의원,인천
177,유지,칠곡경북대학교병원,김종광,상급종합병원,대구
178,유지,김병준 레다스 흉부외과의원,김병준,의원,부산
179,유지,건양의료재단 김안과병원,김희수,병원,서울
180,유지,의료법인 토마스의료재단 안양윌스기념병원,박춘근,병원,경기
181,유지,현대미학성형외과의원,황호,의원,서울
182,유지,미래와희망산부인과,이승재,의원,서울
183,유지,동남권원자력의학원원자력병원,정승필,종합병원,부산
184,유지,누네빛안과의원,박효순,의원,부산
185,유지,광혜병원,박경우,병원,서울
186,유지,고려대학교 의과대학 부속 안산병원,서동훈,상급종합병원,경기
187,유지,워너비성형외과의원,차명규,의원,서울
188,유지,주앤의원,최경희,의원,서울
189,유지,비엘에스의원,이동진,의원,서울
190,유지,부민한의원,강순성,한의원,대구
191,유지,시너지성형외과의원,정경인,의원,서울
192,유지,포헤어의원,권오성,의원,서울
193,유지,대진의료재단 분당제생병원,손경옥,종합병원,경기
194,유지,나누리병원,장진태,병원,인천
195,유지,인천백병원,백승호,종합병원,인천
196,유지,오늘성형외과의원,곽인수,의원,서울
197,유지,대명앰알씨티의원,한채규,의원,서울
198,유지,인정병원,김병인,병원,서울
199,유지,노종훈성형외과의원,노종훈,의원,서울
200,유지,서울제일병원,양민석 외 1명,병원,경기
201,유지,에버성형외과의원,박영오,의원,서울
202,유지,라비앙성형외과의원,정재영,의원,서울
203,유지,예스병원,김훈수,병원,서울
204,유지,더비단성형외과의원,전경욱,의원,서울
205,유지,감동비뇨의학과의원,정호준,의원,경기
206,유지,바노바기성형외과의원,오창현,의원,서울
207,유지,해들인한의원 ,송재진,한의원,서울
208,유지,원광대학교 한방병원,조한백,한방병원,전북
209,유지,서울스타병원,고영도,병원,서울
210,유지,의료법인 중앙의료재단 중앙병원,김덕용,종합병원,제주
211,유지,한림대학교 동탄성심병원,윤희성,종합병원,경기
212,유지,의료법인 남촌의료재단 시화병원,최병철,종합병원,경기
213,유지,호움산부인과의원,정환욱,의원,서울
214,유지,효산의료재단 지샘병원,이대희,종합병원,경기
215,유지,서울시카고치과병원,우정제,치과병원,인천
216,유지,디에이성형외과의원,이상우,의원,서울
217,유지,의료법인 서울효천의료재단 에이치플러스 양지병원,김철수,종합병원,서울
218,유지,인천광역시의료원,조승연,종합병원,인천
219,유지,압구정페이스라인성형외과의원,이진수,의원,서울
220,유지,의료법인 혜인의료재단 한국병원,한승태,종합병원,제주
221,유지,강남성모안과의원,김성환,의원,서울
222,유지,쿠키성형외과의원,정성모,의원,서울
223,유지,보다안과의원,한남수  외 2명,의원,대전
224,유지,에스티성형외과의원,김상태,의원,서울
225,유지,방병원,방한천,병원,서울
226,유지,지오성형외과의원,차지훈,의원,서울
227,유지,사랑플러스병원,국희균,병원,서울
228,유지,글로리서울안과의원,구오섭,의원,서울
229,유지,굿모닝백이안과의원,백태민,의원,부산
230,유지,더멘토성형외과의원,배원배,의원,서울
231,유지,리프트성형외과의원,이영배,의원,대구
232,유지,아름다운 미탐의원,김광태,의원,서울
233,유지,365엠씨(mc)병원,김하진,병원,서울
234,유지,푸른병원,김상규 ,병원,대구
235,유지,세일병원,전철우,병원,부산
236,유지,한강수병원,고장휴,병원,서울
237,유지,가톨릭관동대학교 국제성모병원,고동현,종합병원,인천
238,유지,웰성형외과의원,하성윤,의원,서울
239,유지,연세항맥외과의원,권용민,의원,경기
240,유지,의료법인명경의료재단메디플라워헬스케어의원,강명자,의원,서울
241,유지,의료법인명경의료재단꽃마을치과의원,강명자,치과의원,서울
242,유지,오메가성형외과의원,조정남,의원,서울
243,유지,강북삼성수원의원,김대환,의원,경기
244,유지,비엘성형외과의원,김 홍 열외 12명,의원,대구
245,유지,WE병원,김성수,병원,제주
246,유지,소피아여성의원,두재균,의원,전북
247,유지,일산21세기병원,임형태,병원,경기
248,유지,내이플란트치과의원,이용문,치과의원,서울
249,유지,린의원,김세현,의원,서울
250,유지,정성훈성형외과의원,정성훈,의원,부산
251,유지,클린외과의원,이채영,의원,서울
252,유지,신세계안과의원,김재봉,의원,광주
253,유지,하늘마음한의원,박성배,한의원,서울
254,유지,사단법인 정해복지부설 한신메디피아의원,강한승,의원,서울
255,유지,제니스병원,정영원,병원,울산
256,유지,에이펙스성형외과의원,송현석,의원,서울
257,유지,이즈치과의원,오정란 외 1명,치과의원,경기
258,유지,모아로한의원,신준우,한의원,서울
259,유지,오라클피부과의원,이승규,의원,인천
260,유지,스마튼병원,장세영,병원,경기
261,유지,신가병원,이준영 외 5명 ,종합병원,광주
262,유지,누베베 한의원,임영우,한의원,경기
263,유지,온바디한의원,고남경,한의원,서울
264,유지,프레메디산부인과의원,조윤경,의원,광주
265,유지,뉴욕치과의원,윤홍식,치과의원,대구
266,유지,대동병원,고경숙,종합병원,부산
267,유지,원광대학교 치과병원,강경화,치과병원,전북
268,유지,대구보건대학교병원,박명수,병원,대구
269,유지,움찬의원,현상윤,의원,서울
270,유지,도곡양재차앤박피부과의원,차미경,의원,서울
271,유지,뮤즈의원,하은환,의원,서울
272,유지,티에스성형외과의원,이상균,의원,서울
273,유지,더바디성형외과,장재훈,의원,부산
274,유지,클린업피부과의원 대구범어점,이광준,의원,대구
275,유지,마블성형외과의원,서일범,의원,서울
276,유지,닥터허치과의원,허봉천,치과의원,서울
277,유지,별성형외과의원,고국진,의원,서울
278,유지,모리의원,이상욱,의원,서울
279,유지,(의)성광의료재단 차여성의원,김춘복,의원,서울
280,유지,라이브치과병원,최정우,치과병원,서울
281,유지,JK위드미의원,정광모,의원,인천
282,유지,소중치과의원,전태두,치과의원,서울
283,유지,엄나구모성형외과의원,엄순찬,의원,서울
284,유지,올소치과의원,권민수외 1명,치과의원,서울
285,유지,누베베한의원,옥지명,한의원,서울
286,유지,어깨동무한의원, 김성민,한의원,서울
287,유지,미주치과병원,이영미,치과병원,부산
288,유지,기린성형외과의원,이승룡,의원,서울
289,유지,뉴센스의원,임형근,의원,서울
290,유지,비오페이스의원,박주영,의원,서울
291,유지,하나비의원,장근욱,의원,서울
292,유지,엔슬림의원,이재영,의원,서울
293,유지,루비성형외과의원,허정우,의원,서울
294,유지,이유구강악안면외과치과의원,김종윤,치과의원,서울
295,유지,라이안 성형외과 의원,최상문,의원,서울
296,유지,인천세종병원,박진식,종합병원,인천
297,유지,인스타성형외과의원,김명철,의원,서울
298,유지,강남서울밝은안과의원,박형직,의원,서울
299,유지,나리여성병원,이종찬,병원,경기
300,유지,리노보의원,김승준,의원,서울
301,유지,밝은눈안과병원,정지원,병원,부산
302,유지,누베베한의원,최가혜,한의원,서울
303,유지,뉴헤어모발성형외과의원,"	 김진오",의원,서울
304,유지,리엔장성형외과의원,장영우,의원,서울
305,유지,베데스다복음병원,김주선,종합병원,경남
306,유지,플라덴성형외과의원,석윤,의원,서울
307,유지,유로성형외과의원,최준용,의원,서울
308,유지,더스타치과의원,하현,치과의원,서울
309,유지,뷰티스 맑은피부과의원,신삼식,의원,광주
310,유지,차 & 박 피부과의원,박건수,의원,서울
311,유지,아이안과의원,박정현,의원,광주
312,유지,라프린의원,박병춘,의원,서울
313,유지,(사)모퉁이복지재단 인천재활의원,백락운,의원,인천
314,유지,제주사랑한의원,최정현,한의원,제주
315,유지,원데이치과의원,김진환,치과의원,서울
316,유지,더페이스치과의원,이중규,치과의원,서울
317,유지,메이드영성형외과의원,서범신,의원,서울
318,유지,서울특별시 보라매병원,이재협,종합병원,서울
319,유지,라봄성형외과의원,김태헌,의원,서울
320,유지,명동고운세상피부과의원,임현상,의원,서울
321,유지,은승표코리아정형외과의원,은승표,의원,서울
322,유지,리원피부과의원,이원용,의원,서울
323,유지,스노우치과의원,김기영,치과의원,서울
324,유지,제스타성형외과의원,최혁규,의원,서울
325,유지,서울탑치과병원,김현종,치과병원,서울
326,유지,아이리움안과의원,강성용,의원,서울
327,유지,드림성모안과의원,구태형,의원,서울
328,유지,오마쥬의원,박유나,의원,서울
329,유지,고정아의원,고정아,의원,서울
330,유지,더플러스성형외과의원,김택균,의원,서울
331,유지,자연미인성형외과의원,조준현,의원,대구
332,유지,연세산부인과의원,성 혜리,의원,서울
333,유지,정우성형외과,이정우,의원,서울
334,유지,노상훈성형외과의원,노상훈,의원,서울
335,유지,권장덕케이성형외과의원,권장덕,의원,서울
336,유지,비오케이김봉옥치과의원,김봉옥,치과의원,서울
337,유지,고도일병원,고도일,병원,서울
338,유지,에이탑성형외과의원,이한정,의원,서울
339,유지,루트의원, 이윤주,의원,서울
340,유지,더원성형외과의원,방난석,의원,서울
341,유지,비온성형외과의원,황귀환,의원,서울
342,유지,속편한내과의원,조영직 외 4명,의원,경기
343,유지,미나 성형외과,차정호,의원,서울
344,유지,비포 성형외과의원,,의원,서울
345,유지,압구정디오성형외과의원,최중호,의원,서울
346,유지,메드렉스 병원,양혁재 외 1명,병원,서울
347,유지,생기한의원,박치영,한의원,서울
348,유지,강남테마피부과의원,이학규,의원,서울
349,유지,러블리안 성형외과의원,김상범,의원,서울
350,유지,잇츠비의원,장형준,의원,서울
351,유지,서울베스트의료의원,이걸,의원,서울
352,유지,어울림병원,윤재영,병원,서울
353,유지,더스퀘어치과의원,임종우,치과의원,서울
354,유지,더 더블유 의원,김재홍,의원,서울
355,유지,차이의원,조원진,의원,서울
356,유지,김현석성형외과의원,김현석,의원,서울
357,유지,공감성형외과,이기응,의원,제주
358,유지,라인컬처의원,조재형,의원,서울
359,유지,르미엘 성형외과 의원,우은경,의원,서울
360,유지,서울리마치과의원 ,안상철,치과의원,서울
361,유지,의료법인 인봉의료재단 뉴고려병원,윤영순,종합병원,경기
362,유지,미자인의원,김상우,의원,서울
363,유지,의료법인마리아의료재단수지마리아의원,임진호,의원,경기
364,유지,한그루치과병원,윤범희,치과병원,서울
365,유지,본서부병원,이승엽,병원,서울
366,유지,일신기독병원,인명진,종합병원,부산
367,유지,맥치과의원,조영준 외 1명,치과의원,대구
368,유지,디엠성형외과의원,이주홍외1명,의원,서울
369,유지,행복한에이치(H)병원,김정훈,병원,대구
370,유지,목동고운세상피부과의원,이남호,의원,서울
371,유지,바이오인프라의원,김철우,의원,서울
372,유지,마인드성형외과의원,이영택 외 1명,의원,서울
373,유지,퓨어피부과의원,이수현,의원,서울
374,유지,예닮치과병원,강재석 외 7명,치과병원,전남
375,유지,오네스타 의원,송윤지,의원,인천
376,유지,톡스앤필의원,유동식,의원,인천
377,유지,모두병원,임대의 외 2명,병원,인천
378,유지,22세기서울치과병원,이상철 외 2명,치과병원,인천
379,유지,리즈온위드연세슬림라인의원,박건채,의원,서울
380,유지,카이안과의원,권형구 외 1인,의원,서울
381,유지,티제이성형외과의원,장택진,의원,서울
382,유지,물방울성형외과의원,이영대,의원,서울
383,유지,에이치아이(HI) 여성의원,김나영,의원,서울
384,유지,코비한의원,이판제,한의원,대구
385,유지,청담서클의원,서희원,의원,서울
386,유지,쁨글로벌의원,박한솔,의원,서울
387,유지,라이브치과병원,송은경,치과병원,인천
388,유지,일산차앤박피부과의원,김명환,의원,경기
389,유지,민병원,김종민,병원,서울
390,유지,강남유앤아이의원,허찬,의원,서울
391,유지,클렌피부과의원,송기훈,의원,인천
392,유지,디바인성형외과의원,송선호,의원,서울
393,유지,비아이오성형외과의원,조인창,의원,서울
394,유지,청담라인성형외과,김종석,의원,경기
395,유지,압구정에스앤비안과의원,유승열,의원,서울
396,유지,스누피부과의원,민성욱,의원,서울
397,유지,에이티에이치과의원,오현근,치과의원,서울
398,유지,첫번째 의원,조용우,의원,서울
399,유지,내추럴치과의원,이을재,치과의원,인천
400,유지,페이스성형외과의원,윤영묵,의원,대전
401,유지,이음하지외과의원,김동혁,의원,서울
402,유지,청맥병원,박용범,병원,부산
403,유지,나나성형외과의원,김형준,의원,서울
404,유지,르본피부과의원,김성언,의원,대구
405,유지,더끌림 산부인과의원,신나리,의원,서울
406,유지,오킴스오성형외과의원,오세광,의원,경기
407,유지,다나치과의원,이민우,치과의원,제주
408,유지,이동훈연세정형외과의원,이동훈,의원,경기
409,유지,프라미스성형외과의원,류석태,의원,서울
410,유지,유앤아이의원 홍대신촌점,정은희,의원,서울
411,유지,봉봉성형외과의원,박성수,의원,서울
412,유지,청담여신성형외과의원,김진형,의원,서울
413,유지,의료법인 인봉의료재단 영등포병원,유태전,병원,서울
414,유지,트루맨남성의원 ,양기훈,의원,서울
415,유지,제주우리병원,김호진,병원,제주
416,유지,리봄한방병원,문지환,한방병원,서울
417,유지,대전을지대학교병원,박준영,종합병원,대전
418,유지,서울메디투어의원,김형일 ,의원,서울
419,유지,프로필성형외과의원,정재호,의원,서울
420,유지,백석의원,박희철,의원,경기
421,유지,코앤미성형외과의원,하승일 ,의원,서울
422,유지,111의원,김호빈,의원,서울
423,유지,의료법인 행도의료재단 해동병원,박은주,종합병원,부산
424,유지,로블에비뉴의원,박후석,의원,서울
425,유지,스카이(SKY) 치과의원,이성은,치과의원,서울
426,유지,제주 수 흉부외과,이길수,의원,제주
427,유지,모건휴먼피부과의원,이승용,의원,서울
428,유지,모션의원,송운현,의원,서울
429,유지,엔비유의원,권병소,의원,서울
430,유지,하성서울의원,김철수,의원,경기
431,유지,단단한정형외과의원,김관우,의원,제주
432,유지,삼성본병원,강준희,병원,경기
433,유지,대청병원,김인향,종합병원,대전
434,유지,송도퍼스트치과의원,박기은,치과의원,인천
435,유지,닥터정한의원,정세인,한의원,서울
436,유지,임이석테마피부과의원,임이석,의원,서울
437,유지,미오름성형외과의원,서광석,의원,서울
438,유지,베리굿 성형외과의원,임영민,의원,서울
439,유지,스테이영피부과의원,김성민,의원,서울
440,유지,하루의원,정성문,의원,서울
441,유지,라이트성형외과의원,김지연,의원,서울
442,유지,닥터미성형외과의원,하재성,의원,서울
443,유지,라이크 성형외과 의원,이용우,의원,서울
444,유지,자비손한의원,전영웅,한의원,서울
445,유지,닉스의원 수원,김승희,의원,경기
446,유지,레아주서울피부과의원,이재열,의원,서울
447,유지,쁨글로벌의원,양동철,의원,서울
448,유지,연세예감치과의원,배지은,치과의원,서울
449,유지,유앤아이의원,이상훈,의원,서울
450,유지,연세다인성형외과 의원,김균태,의원,서울
451,유지,닥터스키니의원,최보윤,의원,서울
452,유지,신소애여성의원,박정원,의원,서울
453,유지,트루맨남성의원,심영진,의원,서울
454,유지,이브성형외과의원,정윤재,의원,서울
455,유지,우아성한의원,정은아,한의원,서울
456,유지,모리나치과의원,김용석,치과의원,경기
457,유지,제이앤케이의원,정병태,의원,서울
458,유지,플러스치과의원,송정호,치과의원,경기
459,유지,바른이치과교정과치과의원,김도현,치과의원,제주
460,유지,밝은눈안과의원,천현철,의원,서울
461,유지,제이더블유안과의원 ,최정원,의원,서울
462,유지,리엔장의원,백승민,의원,인천
463,유지,아트인휴먼피부과의원,이혜인,의원,서울
464,유지,미니쉬치과병원,곽해성,치과병원,서울
465,유지,설레임의원,강정하,의원,서울
466,유지,샤인빔의원,김준우,의원,서울
467,유지,모델라인의원,김현승,의원,서울
468,유지,창원힘찬병원,박혜영,병원,경남
469,유지,더한스메디의원,한만욱,의원,인천
470,유지,조은손성형외과의원,고태범,의원,경기
471,유지,순플러스성형외과의원,김순동,의원,서울
472,유지,쉬즈웰산부인과의원,이영경,의원,서울
473,유지,스노우의원,서원홍,의원,서울
474,유지,그랜드성형외과의원,이세환,의원,서울
475,유지,치유성형외과의원,천남주,의원,서울
476,유지,에스메디센터내과외과의원,서형민,의원,서울
477,유지,동탄시티병원,신재흥,병원,경기
478,유지,연세이너힐의원,류호성,의원,서울
479,유지,미다스의원,최중호,의원,서울
480,유지,장튼위튼병원,육의곤,병원,서울
481,유지,허혁한의원,허혁,한의원,대전
482,유지,최혁 한의원,최혁,한의원,서울
483,유지,비엔성형외과의원,이중근,의원,서울
484,유지,스타트성형외과의원,오동석,의원,서울
485,유지,클린유의원,배준,의원,서울
486,유지,세란안과의원,임승정,의원,서울
487,유지,닥터에버스의원,이영우,의원,인천
488,유지,밝은눈안과의원,박세광,의원,서울
489,유지,강남선이고은한의원,이성노,한의원,서울
490,유지,9988병원 ,이태훈,병원,서울
491,유지,이에이치엘셀의원,이홍기,의원,서울
492,유지,비에스티성형외과의원,나옥주 외 1명,의원,서울
493,유지,센터맨남성의원,장주현,의원,서울
494,유지,준경한의원,김남엽,한의원,서울
495,유지,트루맨남성의원 인천점,김상규,의원,인천
496,유지,톡스앤필의원 명동점,이현정,의원,서울
497,유지,서울라본병원,임병호,병원,서울
498,유지,포유문산부인과의원,문영규,의원,서울
499,유지,본디성형외과의원,박정일,의원,서울
500,유지,내이처럼치과병원,옥용주,치과병원,서울
501,유지,황금피부과,임현정 외 2명,의원,대구
502,유지,엔유성형외과의원,이정훈,의원,서울
503,유지,리필톡의원,염윤석,의원,서울
504,유지,하이봄성형외과의원,백운일,의원,서울
505,유지,이화의대부속서울병원,유경하,종합병원,서울
506,유지,아이니크 성형외과의원,양해원,의원,서울
507,유지,누베베한의원,한지연,한의원,경기
508,유지,우리병원,홍현종 외 1명,병원,경기
509,유지,포즈의원,황세일,의원,서울
510,유지,온유재한의원,정현주,한의원,서울
511,유지,닥터디자이너의원,최원혁,의원,서울
512,유지,세이지의원,이경수,의원,서울
513,유지,루브르성형외과 의원,윤성원,의원,서울
514,유지,조은마디병원,송철,병원,서울
515,유지,씨케이(CK)성모안과의원,주종수,의원,서울
516,유지,모아트의원,유영근,의원,서울
517,유지,인천자생한방병원,우인,한방병원,인천
518,유지,에스앤유서울병원,이상훈,병원,서울
519,유지,정근안과병원,정근,병원,부산
520,유지,맘스외과성형외과의원,배진혜 ,의원,서울
521,유지,다온 헬스케어 의원,박성민,의원,서울
522,유지,스마일뷰치과의원,김한결,치과의원,서울
523,유지,성모사랑이비인후과의원,심민보,의원,서울
524,유지,안산중앙내과의원,김경리,의원,경기
525,유지,그날 성형외과의원,유경한,의원,서울
526,유지,아이원성형외과의원,박병주,의원,서울
527,유지,보단한의원,이원경,한의원,서울
528,유지,셀파크피부과의원,박병순,의원,서울
529,유지,브릴린의원,김예지,의원,서울
530,유지,노트성형외과의원,권순근,의원,서울
531,유지,포에버성형외과의원,임형우,의원,서울
532,유지,에이블리(ably) 성형외과,이진규,의원,서울
533,유지,포커스성형외과,김동현,의원,경기
534,유지,송도비앤미의원,황경선,의원,인천
535,유지,강남애프터치과의원,김성용,치과의원,서울
536,유지,빈센트의원,조명신,의원,서울
537,유지,아크로한의원,임주혁,한의원,서울
538,유지,민트병원, 김재욱,병원,서울
539,유지,모앤라인성형외과의원,이병권,의원,서울
540,유지,리스펙성형외과의원,공정식,의원,서울
541,유지,모델라인 의원,김영표,의원,부산
542,유지,제이필의원,이용석,의원,서울
543,유지,동안중심의원,조창환,의원,서울
544,유지,리디안의원,안경천,의원,서울
545,유지,만세정형외과의원,소동혁,의원,서울
546,유지,강남로미모의원,강민호,의원,서울
547,유지,국문 Test,테스트1,종합병원,경기
548,유지,아이러브강남의원,서경희,의원,서울
549,유지,에스안과의원,김창국,의원,경기
550,유지,드레스성형외과의원,홍수정,의원,서울
551,유지,미호성형외과의원,윤석호,의원,서울
552,유지,아이델성형외과의원,김대희,의원,서울
553,유지,엣지라인의원,우상봉,의원,서울
554,유지,연세바로척병원,원유건,병원,서울
555,유지,의료법인 예당의료재단 예산종합병원,이정숙,종합병원,충남
556,유지,리팅성형외과의원,이성준,의원,서울
557,유지,와이즈유의원,정태원,의원,서울
558,유지,강남유나이티드병원,권혁남,병원,서울
559,유지, 엔젤산부인과의원,차경봉,의원,제주
560,유지,의료법인성광의료재단 일산차병원,김춘복,종합병원,경기
561,유지,닥터손유나의원,손유나,의원,서울
562,유지,리샘한의원,성호영,한의원,서울
563,유지,김현수내과의원,김현수,의원,서울
564,유지,리오성형외과의원,이동관 ,의원,부산
565,유지,편안마취통증의학과의원,이형석,의원,전남
566,유지,제이디의원,박병권,의원,서울
567,유지,리뉴미피부과의원,송병한,의원,서울
568,유지,휴먼피부과의원 청라점,지재홍,의원,인천
569,유지,와우성형외과의원,조종제,의원,서울
570,유지,태을양생한의원,허담,한의원,대구
571,유지,디자인성형외과의원,권기현,의원,부산
572,유지,의료법인 밝은마음의료재단 워크런재활병원,염진호,병원,대전
573,유지,더블유(W)의원,전동혁,의원,서울
574,유지,사암은성한의원,정유옹,한의원,서울
575,유지,르치과의원,송승윤,치과의원,서울
576,유지,누베베한의원,김서영,한의원,서울
577,유지,슈퍼맨비뇨기과의원,윤종선,의원,서울
578,유지,아이윤병원,최원석,병원,울산
579,유지,에프아이성형외과의원,박재현,의원,서울
580,유지,그리다성형외과의원,김현수,의원,서울
581,유지,해들인의원,황유선,의원,서울
582,유지,구산한의원,금수연,한의원,경북
583,유지,명진단영상의학과의원,배민영,의원,서울
584,유지,하늘마음한의원,조영천,한의원,제주
585,유지,의료법인영훈의료재단선치과병원,선두훈,종합병원,대전
586,유지,강남병원,정영진,종합병원,경기
587,유지,수아이성형외과의원,안태주,의원,서울
588,유지,울산청맥외과의원,강병완,의원,울산
589,유지,티유치과의원,서재원,치과의원,서울
590,유지,청담봄여성의원,원영석,의원,서울
591,유지,테스트계정(의료기관),임꺽정,의원,경기
592,유지,미서울의원,박슬아,의원,서울
593,유지,민의원,민영수,의원,서울
594,유지,경희두드림한의원,김동민,한의원,서울
595,유지,모델로피부과의원,서구일,의원,서울
596,유지,이재수 한의원,이 재수,한의원,대구
597,유지,미소유성형외과의원,조길환,의원,서울
598,유지,수원중앙병원,정선근,병원,경기
599,유지,관악서울대학교치과병원,현홍근,치과병원,서울
600,유지,서울중앙의료의원,양우진,의원,서울
601,유지,누가한방병원,최극래,한방병원,전북
602,유지,ABC성형외과의원,김현옥,의원,부산
603,유지,닥터안헤어플란트의원,안지섭,의원,서울
604,유지,포에버의원,한안나,의원,제주
605,유지,더힐피부과의원,박주혁,의원,서울
606,유지,예바치과교정과치과의원,이형철,치과의원,부산
607,유지,의료법인서전의료재단한사랑병원,이천환,병원,경기
608,유지,이병삼경희한의원,이병삼,한의원,서울
609,유지,파크뷰의원,조성균,의원,경기
610,유지,나인피부과의원,권혁만,의원,서울
611,유지,시엘병원,최범채,병원,광주
612,유지,영남대학교 의료원,김용대,상급종합병원,대구
613,유지,해운대부민병원,정흥태,종합병원,부산
614,유지,압구정리더스피부과의원,윤성재,의원,서울
615,유지,박정의내과의원,박정의,의원,서울
616,유지,예바치과교정과의원,남형진,치과의원,부산
617,유지,씨디씨어린이치과의원,이재천,치과의원,서울
618,유지,서울안강병원,안강,병원,서울
619,유지,제이더블유(JW)정원성형외과의원,설철환,의원,서울
620,유지,가톨릭대학교 성빈센트병원,임정수,상급종합병원,경기
621,유지,센트럴티(T)성형외과의원,김규보,의원,광주
622,유지,원광대학교병원 ,서일영 ,상급종합병원,전북
623,유지,마침표성형외과의원,서효석,의원,서울
624,유지,광주병원,김명수,종합병원,광주
625,유지,참조은병원,원종화,종합병원,경기
626,유지,(사)한국건강관리협회 서울특별시 서부지부 ,김인원,의원,서울
627,유지,유앤유성형외과의원,김기갑,의원,서울
628,유지,다인이비인후과병원,박하춘,병원,인천
629,유지,미밸런스의원,이형진,의원,경기
630,유지,클린업피부과의원,김희중,의원,서울
631,유지,서울삼성치과의원,이서현,치과의원,경기
632,유지,클린업피부과의원 ,신종훈,의원,서울
633,유지,클린업피부과의원,송민규,의원,서울
634,유지,클린업피부과의원,남상호,의원,경기
635,유지,청담클린업피부과의원,오정준,의원,서울
636,유지,유앤영피부과의원,김지영,의원,서울
637,유지,클린업피부과의원,이승재,의원,경기
638,유지,클린업피부과의원,한광수,의원,인천
639,유지,부민병원,정흥태,종합병원,서울
640,유지,미드라인성형외과의원,김준현,의원,서울
641,유지,나누리병원,장일태,병원,서울
642,유지,박진석성형외과의원,박진석,의원,서울
643,유지,청담엔비의원,이황희,의원,서울
644,유지,사과나무치과병원,이희용,치과병원,경기
645,유지,화이트사과나무치과의원,김유영,치과의원,경기
646,유지,클리니크후즈후의원,홍경국,의원,서울
647,유지,라미체성형외과의원,민희준,의원,서울
648,유지,프라임병원,최봉식,병원,부산
649,유지,클럽미즈라미체의원,주종호,의원,서울
650,유지,메디피움의원,장영준,의원,경기
651,유지,에스엔유성형외과의원,유정원,의원,서울
652,유지,삼성미라클안과의원,서정훈,의원,충남
653,유지,강남삼성드림이비인후과의원,신일호,의원,서울
654,유지,미르치과병원,조세용외 9명,치과병원,전남
655,유지,단국대학교의과대학부속병원,장호성,상급종합병원,충남
656,유지,조각성형외과의원,송용태,의원,서울
657,유지,모티브성형외과의원,박재희,의원,서울
658,유지,의료법인 양진의료재단 평택성모병원,양진,종합병원,경기
659,유지,목포기독병원,김경영,종합병원,전남
660,유지,프라움비뇨의학과의원,이지용,의원,서울
661,유지,드림피부과의원,이호균,의원,서울
662,유지,김정수여러분병원,김정수,병원,서울
663,유지,재시아 성형외과의원,한재식,의원,서울
664,유지,클레이성형외과의원,전형식,의원,서울
665,유지,쉬즈성형외과의원 ,김경호 ,의원,부산
666,유지,봄스피부과의원,인성일,의원,서울
667,유지,원광대학교전주한방병원,주종천,한방병원,전북
668,유지,예뻐진의원,최현,의원,서울
669,유지,지앤지병원,성용해,병원,서울
670,유지,의료법인성애의료재단 성애병원,김석호,종합병원,서울
671,유지,의료법인 세경의료재단 새빛안과병원,박규홍,병원,경기
672,유지,광명성애병원,김석호,종합병원,경기
673,유지,시크릿성형외과의원,송승욱,의원,서울
674,유지,하늘체한의원,최형석,한의원,제주
675,유지,리노보의원,윤주원,의원,부산
676,유지,의료법인루가의료재단 나은병원,지희숙,종합병원,인천
677,유지,창피부과의원,김창식,의원,서울
678,유지,우리성형외과의원,강병수,의원,서울
679,유지,블랑쉬형치과의원,서호균,치과의원,서울
680,유지,그린한의원,배준상,한의원,부산
681,유지,명동시원한의원,이승두,한의원,서울
682,유지,사단법인 누가 참의원,이경복,의원,경기
683,유지,(사단법인)한국건강관리협회건강증진의원,김인원,의원,광주
684,유지,블랑드비의원,최준,의원,서울
685,유지,탑페이스성형외과의원,심재선,의원,서울
686,유지,동군산병원,이성규,종합병원,전북
687,유지,마인성형외과의원,이성욱,의원,서울
688,유지,코디성형외과의원,홍현준,의원,서울
689,유지,서울나은병원,최유열,병원,서울
690,유지,메이필의원,손은미,의원,서울
691,유지,청담셀의원,조찬호,의원,서울
692,유지,페이스플러스성형외과의원,박정근,의원,서울
693,유지,명지성모병원,허춘웅,종합병원,서울
694,유지,연세대학교치과대학치과병원,윤동섭,치과병원,서울
695,유지,가인월드타워치과의원,박인환,치과의원,서울
696,유지,가톨릭대학교 여의도성모병원,강원경,종합병원,서울
697,유지,미르치과병원,권태경,치과병원,대구
698,유지,의료법인플러스의료재단 단원병원 ,문용식 ,종합병원,경기
699,유지,압구정서울성형외과의원,이민구,의원,서울
700,유지,으뜸병원,이성만,병원,대구
701,유지,한국건강관리협회건강증진의원,김인원,의원,제주
702,유지,리즈산부인과의원,이형근,의원,서울
703,유지,서울리거피부과의원,이정훈,의원,서울
704,유지,더블유병원,우상현,종합병원,대구
705,유지,연세에스비뇨의학과의원,변상권,의원,대구
706,유지,제이린의원,이정헌,의원,부산
707,유지,메종프리베의원,오명진,의원,서울
708,유지,연세위드이비인후과의원,이용주,의원,서울
709,유지,대구자생한방병원,이제균,한방병원,대구
710,유지,대림성모병원,김광태,종합병원,서울
711,유지,순천의료재단 성남정병원,정기연,종합병원,경기
712,유지,연세자연미성형외과의원,이은정,의원,서울
713,유지,통인한의원,이승환,한의원,서울
714,유지,삼성미라클안과의원,김진철,의원,서울
715,유지,한국원자력의학원원자력병원,이진경,종합병원,서울
716,유지,맥스웰피부과의원,노윤우,의원,서울
717,유지,엠디외과의원,이상달,의원,서울
718,유지,위즈앤미의원,서승원,의원,서울
719,유지,김형진베이직성형외과의원,김형진,의원,서울
720,유지,서울아이성형외과의원,황정일,의원,서울
721,유지,오알프치과의원,오경아,치과의원,서울
722,유지,브라운성형외과의원,김태규,의원,서울
723,유지,대전웰니스병원,김철준,병원,대전
724,유지,한미병원,오수령,병원,대구
725,유지,아비쥬의원,윤철수,의원,서울
726,유지,우아인성형외과의원,박철우,의원,서울
727,유지,올리브성형외과의원,반준섭,의원,서울
728,유지,연세아이소망여성의원,박이석,의원,경기
729,유지,미고성형외과의원,강은택,의원,서울
730,유지,현대유비스병원,안태희,종합병원,인천
731,유지,의료법인 석경의료재단 센트럴병원,성대영,종합병원,경기
732,유지,레아트성형외과의원,문성준,의원,서울
733,유지,비바체성형외과,김형준,의원,제주
734,유지,클림의원,김현옥,의원,서울
735,유지,대자인병원,이병관,종합병원,전북
736,유지,21세기하나내과의원,박찬웅,의원,전남
737,유지,아이앤지성형외과의원,최재혁,의원,서울
738,유지,뉴욕연세치과의원,손영우,치과의원,서울
739,유지,더하다성형외과의원,이정훈,의원,서울
740,유지,의료법인 장산의료재단 이춘택병원,최인성,병원,경기
741,유지,톡스앤필의원,박대정,의원,서울
742,유지,가인성형외과의원,최해천,의원,서울
743,유지,닥터홈즈의원,이혁진,의원,서울
744,유지,유봄성형외과의원,이정수,의원,서울
745,유지,나비성형외과의원,신예식,의원,서울
746,유지,앤써성형외과의원,최민,의원,서울
747,유지,위드윈피부과의원,이재봉,의원,서울
748,유지,더페이스성형외과의원,한재정,의원,부산
749,유지,우태하한승경피부과의원,한승경,의원,서울
750,유지,리뉴미피부과의원,양윤석,의원,서울
751,유지,리뉴미피부과의원,김중근,의원,서울
752,유지,플로레의원,황성진,의원,서울
753,유지,강남유레카치과의원,여인범,치과의원,서울
754,유지,라라성형외과의원,김종도,의원,서울
755,유지,오페라성형외과의원,김석한,의원,서울
756,유지,두드림성형외과의원,임찬수,의원,서울
757,유지,노블레스성형외과의원,이명종,의원,부산
758,유지,이화병원,이종민,병원,충남
759,유지,인천힘찬종합병원,박혜영,종합병원,인천
760,유지,프라이빗성형외과의원,이준우,의원,서울
761,유지,의료법인현암의료재단 포항우리병원,김선미,병원,경북
762,유지,큐브성형외과의원,김환익,의원,서울
763,유지,유니크성형외과의원,이준혁,의원,서울
764,유지,우리들병원 ,박찬홍,병원,대구
765,유지,김종서성형외과의원,김종서,의원,서울
766,유지,의료법인한마음의료재단하나병원,박 중 겸,종합병원,충북
767,유지,안산21세기병원,김재현,병원,경기
768,유지,학교법인성균관대학삼성창원병원,박재완,상급종합병원,경남
769,유지,브이아이피(VIP)성형외과의원,이명주,의원,제주
770,유지,신데렐라신사점성형외과의원,정종필,의원,서울
771,유지,줌 구강악안면외과 치과의원,이주민,치과의원,서울
772,유지,에이플러스치과의원 ,김응수,치과의원,서울
773,유지,압구정에이플러스치과의원,김욱동,치과의원,서울
774,유지,제이준성형외과의원,박형준,의원,서울
775,유지,리엔하이피부과,이진우,의원,부산
776,유지,강남힘찬병원,정광암,병원,서울
777,유지,리디아여성의원,홍승호,의원,서울
778,유지,편강한의원,서효석,한의원,서울
779,유지,압구정비엘에스의원,이동원,의원,서울
780,유지,의료법인편강의료재단 편강한의원,서예원,한의원,서울
781,유지,한국한의원,윤경석,한의원,부산
782,유지,강한피부과의원,강진수,의원,서울
783,유지,압구정탑라인의원,변상국,의원,서울
784,유지,아이엠성형외과의원,문주봉,의원,부산
785,유지,디자이너성형외과의원,박수완,의원,서울
786,유지,강남제이에스병원,송준섭,병원,서울
787,유지,대구의료원,김시오,종합병원,대구
788,유지,강북힘찬병원,박혜영,병원,서울
789,유지,프레쉬홍닥터의원,홍종현,의원,서울
790,유지,뉴슬림 의원,손규철,의원,서울
791,유지,의산의료재단 강릉고려병원,박의순,종합병원,강원
792,유지,인제대학교부산백병원,백대욱,상급종합병원,부산
793,유지,에스원성형외과의원,노복균,의원,서울
794,유지,리더스진치과의원,전진모,치과의원,서울
795,유지,김소형한의원,김소형,한의원,서울
796,유지,라임부부치과의원,이현주,치과의원,부산
797,유지,유비에이성형외과의원,박성철,의원,서울
798,유지, 다인병원,황장회,병원,경기
799,유지,소리의원,전영명,의원,서울
800,유지,라연한의원,김찬우,한의원,서울
801,유지,압구정오라클피부과의원,박제영,의원,서울
802,유지,플레이트의원,이기호,의원,서울
803,유지,강남더슬림의원,김지수,의원,서울
804,유지,강서바른이치과교정과치과의원,이진행,치과의원,서울
805,유지,여의공감성형외과의원 ,김유경,의원,서울
806,유지,클린연세치주과치과의원,장윤영,치과의원,인천
807,유지,더레드피부과의원,이용우,의원,서울
808,유지,(의)가산의료재단 광동병원,이강남,병원,서울
809,유지,한국건강관리협회 경상북도지부,김인원,의원,대구
810,유지,새김성형외과의원,김지명,의원,서울
811,유지,수정안과의원,박수정,의원,부산
812,유지,리지안(구)분당밝은안과,이호천,의원,경기
813,유지,디알피부과의원,방숙현,의원,서울
814,유지,더블유성형외과의원,오혁수,의원,서울
815,유지,오엠성형외과의원,오민,의원,서울
816,유지,압구정드림성형외과의원,송홍식,의원,서울
817,유지,리더스피부과의원,장경애,의원,서울
818,유지,뉴욕화이트치과의원,김웅비,치과의원,서울
819,유지,에스앤유안과의원,정의상,의원,서울
820,유지,다이트한의원,방민우,한의원,서울
821,유지,차앤유의원,유종호,의원,서울
822,유지,수치과병원,박호산,치과병원,서울
823,유지,다리안 흉부외과,이봉근,의원,부산
824,유지,뉴리즈의원,한재웅,의원,인천
825,유지,리엔장의원,김세진,의원,서울
826,유지,서울하정외과의원,나창현,의원,서울
827,유지,리엔장의원,김시완,의원,서울
828,유지,이학철한의원,이학철,한의원,부산
829,유지,한국건강관리협회 충북세종지부,김인원,의원,충북
830,유지,보나성형외과의원,김 영 수,의원,서울
831,유지,팝성형외과의원,김은영,의원,서울
832,유지,디앤에이피부과의원,전병환,의원,서울
833,유지,웰튼병원,송상호,병원,서울
834,유지,제원한의원,장성진,한의원,제주
835,유지,바른병원,진선희,병원,경남
836,유지,엠공일의원,정명재,의원,인천
837,유지,옥스치과의원,배철민,치과의원,서울
838,유지,예쁨주의쁨의원,정헌진,의원,서울
839,유지,오킴스케이성형외과의원,김홍석,의원,경기
840,유지,바이원의원,이재원,의원,서울
841,유지,제이티성형외과의원,김진성,의원,서울
842,유지,연세유피성형외과의원,이건창,의원,서울
843,유지,리영의원,엄일준,의원,서울
844,유지,사과나무치과병원,김혜성,치과병원,경기
845,유지,리트머스 성형외과,정승일,의원,서울
846,유지,유용우한의원,유용우,한의원,경기
847,유지,사적인아름디움지유의원,박기범,의원,서울
848,유지,참다운한의원,박영애,한의원,대구
849,유지,바인허브한의원,박호영,한의원,서울
850,유지,온리프성형외과의원,이재운,의원,서울
851,유지,종로연세의원,이규원,의원,서울
852,유지,국원석성형외과의원,국원석,의원,서울
853,유지,아산충무병원,권준덕,종합병원,충남
854,유지,비스타안과,김현호,의원,부산
855,유지,윙크성형외과의원,최승협,의원,서울
856,유지,지힐링스퀘어의원,홍승혁,의원,서울
857,유지,리엔장의원,김지원,의원,서울
858,유지,마크원외과,김기둥,의원,대구
859,유지,렉스성형외과의원,정재훈,의원,서울
860,유지,잇템성형외과의원,정우진,의원,서울
861,유지,박종수신경외과의원,박종수,의원,대구
862,유지,장상근 바이오 신경외과의원,장상근,의원,서울
863,유지,유로진 남성 비뇨기과 의원,송동우,의원,경기
864,유지,스케치성형외과의원,정현욱,의원,서울
865,유지,설명한의원,김병규,한의원,대구
866,유지,가톨릭대학교 은평성모병원,배시현,종합병원,서울
867,유지,김정국한의원,김정국,한의원,서울
868,유지,부산대학교한방병원,이인,한방병원,경남
869,유지,양윤돌구강악안면외과치과의원,강 명 근,치과의원,서울
870,유지,에이비성형외과의원,배인호,의원,서울
871,유지,혜명심의료재단 울산병원,임성현,종합병원,울산
872,유지,엠에이치의원,김지선,의원,서울
873,유지,강남아름다운유외과의원,이주현,의원,서울
874,유지,밴스의원,김혜원,의원,광주
875,유지,벧엘피부과의원,임숙희,의원,서울
876,유지,갤러리아피부과의원,금동인,의원,서울
877,유지,브이앤엠제이피부과의원,김민주,의원,서울
878,유지,밀리의원,김혜원,의원,서울
879,유지,바노바기일레븐치과의원,최제원,치과의원,서울
880,유지,CK치과병원,리 이 스펜서,치과병원,울산
881,유지,예미원피부과의원,안희태,의원,서울
882,유지,엘병원,조정현,병원,경기
883,유지,박원욱병원,박원욱,병원,부산
884,유지,울산시티병원,김용구,종합병원,울산
885,유지,바른생각병원,전택수,병원,대전
886,유지,에버엠치과의원,윤규식,치과의원,서울
887,유지,팩트성형외과의원,윤정호,의원,서울
888,유지,케이피부과,강동영,의원,부산
889,유지,서울페이스21 치과병원,정한울,치과병원,서울
890,유지,의료법인 마크로젠의료재단 진헬스의원 ,서정선,의원,인천
891,유지,포시즌성형외과,제갈정재,의원,부산
892,유지,조이플란트치과의원,조현태,치과의원,울산
893,유지,한미인(韓美人)의원,조성제,의원,서울
894,유지,연세에스의원,심영기,의원,서울
895,유지,연세미래IFC의원,백승혁,의원,부산
896,유지,코웰성형외과의원,강창균,의원,서울
897,유지,트윙클의원,안경미,의원,서울
898,유지,아이콘성형외과의원,유현석,의원,서울
899,유지,강남미앤미의원,이환석,의원,서울
900,유지,모아치과병원,오창주,치과병원,전남
901,유지,유노성형외과의원,김신영,의원,서울
902,유지,우아성형외과의원,김우정,의원,서울
903,유지,닥터이레이저피부과의원,서광석,의원,서울
904,유지,고은빛산부인과의원 ,이기주 ,의원,서울
905,유지,아반트성형외과의원,이현직,의원,서울
906,유지,"	 여수애양병원					",이춘기 ,병원,전남
907,유지,라민의원,김영은,의원,서울
908,유지,코앤영의원,손원상,의원,광주
909,유지,심정병원,심정현,병원,서울
910,유지,삼사오성형외과의원,박종림 ,의원,서울
911,유지,소다 성형외과의원,권재현,의원,서울
912,유지,엠제이(MJ)올피부과의원,김문정,의원,서울
913,유지,재단법인 베스티안재단 베스티안서울병원,김경식,종합병원,서울
914,유지,더라인성형외과의원,조재호,의원,서울
915,유지,서울티플란트치과의원,김상용,치과의원,인천
916,유지,호야성형외과,이경호,의원,경북
917,유지,티원의원,김태영,의원,서울
918,유지,프린스성형외과의원,박신기,의원,서울
919,유지,에스에이치(SH)성형외과의원,김성훈,의원,서울
920,유지,최상산부인과의원,최동석,의원,서울
921,유지,닥터진 이비인후과의원,진홍율,의원,서울
922,유지,로렐의원,허준혁,의원,서울
923,유지,시원성형외과의원,김창윤,의원,서울
924,유지,볼륨성형외과의원,한승오,의원,서울
925,유지,문안과의원,문정휴,의원,경기
926,유지,빌리프성형외과의원,심우철,의원,서울
927,유지,새항운병원,김민성,병원,부산
928,유지,전병원,전영훈,병원,인천
929,유지,청담더유외과의원,김성훈,의원,서울
930,유지,리우한의원,이승언,한의원,서울
931,유지,에픽성형외과의원,노용준,의원,서울
932,유지,테일러성형외과의원,탁우현,의원,서울
933,유지,올리브한의원,강일아,한의원,서울
934,유지,티오피성형외과의원,이강우,의원,서울
935,유지, 일퍼센트성형외과의원,임종우,의원,서울
936,유지,디마레의원,이하영,의원,서울
937,유지,유에이치셀의원,김연진,의원,서울
938,유지,국가대표정형외과의원,김세준,의원,제주
939,유지,바른길산부인과의원,길기현,의원,서울
940,유지,마노성형외과의원,정태광,의원,서울
941,유지,에스엠성형외과 의원,이무영,의원,서울
942,유지,서울척탑병원,최경철,병원,경기
943,유지,리프성형외과의원,김기엽,의원,서울
944,유지,바나나 성형외과 의원,최원철,의원,서울
945,유지,프레쉬 이비인후과 의원,안태환,의원,서울
946,유지,아우라성형외과의원,주락균,의원,서울
947,유지,세움비뇨기과의원,박성훈,의원,서울
948,유지,화이트드림치과의원,박제현,치과의원,경기
949,유지,화이트드림치과 인천점,황규승,치과의원,인천
950,유지,트리니티 여성의원,정난희,의원,서울
951,유지,국제바로병원,이정준,병원,인천
952,유지,모즈의원,손승용,의원,서울
953,유지,미래본병원,김형석,병원,서울
954,유지,바른윤곽치과병원,강희제,치과병원,부산
955,유지,닥터송포유의원,송형민,의원,서울
956,유지,유펜바른치과의원,김승우,치과의원,서울
957,유지,강남센트럴안과의원,풍계현,의원,서울
958,유지,청담오라클피부과의원,이영숙,의원,서울
959,유지,닥터망고의원,이종현,의원,서울
960,유지,하이안과의원,최원석,의원,서울
961,유지,플로라성형외과의원,신동민,의원,서울
962,유지,오썸성형외과의원,오광진,의원,서울
963,유지,예정홀릭성형외과의원,신한경,의원,서울
964,유지,더웰피부과의원,김형주,의원,대전
965,유지,경복궁경희한의원,김남식,한의원,서울
966,유지,처음처럼성형외과의원,이방석,의원,서울
967,유지,하나이비이인후과병원,이상덕,병원,서울
968,유지,박지훈한의원,박지훈,한의원,경기
969,유지,박성일한의원,박성일,한의원,대전
970,유지,강남에이스안과의원,신경훈,의원,서울
971,유지,청담마디신경외과의원,심재현,의원,서울
972,유지,씨비케이성형외과의원,최봉균,의원,서울
973,유지,부산큰병원,김준석,병원,부산
974,유지,히트성형외과의원,한상철,의원,서울
975,유지,성재영 이즈피부과,성재영,의원,부산
976,유지,오체안성형외과의원,이용석,의원,서울
977,유지,티파니치과의원,정은영,치과의원,경기
978,유지,첫단추의원,김태환,의원,서울
979,유지,미올한방병원,임용석,한방병원,서울
980,유지,더플랜 성형외과의원,박준형,의원,서울
981,유지,오션의원,박상우,의원,서울
982,유지,뉴리즈의원,장기현,의원,서울
983,유지,예쁨주의쁨의원,선수경,의원,대구
984,유지,대구동성로예쁨주의쁨의원,진호성,의원,대구
985,유지,랑뜨산부인과의원,최예진,의원,서울
986,유지,미다스의원,최승호,의원,인천
987,유지,태성형외과의원,김기태,의원,부산
988,유지,유밸안과,배희철,의원,인천
989,유지,압구정케이엠성형외과천안본점,김남훈,의원,충남
990,유지,아폴로헬스케어의원,남세현,의원,경기
991,유지,스토리피부과의원,김주하,의원,서울
992,유지,아미르한의원,박준희,한의원,서울
993,유지,더왈츠의원,임영빈,의원,서울
994,유지,스카이쁘아뜨의원,임완수,의원,서울
995,유지,혜성산부인과병원,홍기언,병원,충남
996,유지,우리치과,조봉석,치과의원,충남
997,유지,최재영한의원,최재영,한의원,대구
998,유지,최선필피부과,최선필,의원,광주
999,유지,원더풀성형외과의원,구윤택,의원,서울
1000,유지,서울바른훈치과의원,이상훈,치과의원,서울
1001,유지,하이엔드성형외과의원,임지홍,의원,서울
1002,유지,비엠한방내과한의원,이제원,한의원,대구
1003,유지,호평아산내과의원,배창황,의원,경기
1004,유지,의료법인 칠석의료재단 사랑의병원,이윤신,종합병원,경기
1005,유지,사과나무치과의원,김명섭,치과의원,서울
1006,유지,모던치과의원,문춘기,치과의원,전북
1007,유지,미래연여성의원,강진희,의원,서울
1008,유지,목동수치과의원,최찬,치과의원,서울
1009,유지,경희한의원,장수희,한의원,경기
1010,유지,비알피부과 의원,이재철,의원,서울
1011,유지,리드힐 병원,황상원,병원,서울
1012,유지,강남아이원스안과의원,백동원,의원,서울
1013,유지,라스트성형외과의원,최재호,의원,서울
1014,유지,강서송도병원,김칠석,병원,서울
1015,유지,더셀채원병원,오상용,병원,서울
1016,유지,루아크성형외과의원,신수혜,의원,서울
1017,유지,옐로우성형외과의원,이대성,의원,서울
1018,유지,루호성형외과의원,박일 ,의원,서울
1019,유지,리뉴미피부과의원,황상현,의원,서울
1020,유지,프라이드성형외과의원,서현우,의원,서울
1021,유지,아틀리에 성형외과의원,고주영,의원,서울
1022,유지,샤인빔의원,김동원,의원,서울
1023,유지,링크성형외과의원,정민수,의원,서울
1024,유지,신촌다인치과병원,강인원,치과병원,서울
1025,유지,365리셋의원,오준형,의원,경기
1026,유지,매직키스치과의원,정유미,치과의원,서울
1027,유지,오션시티치과병원,박성연,치과병원,부산
1028,유지,디테성형외과의원,이준욱,의원,서울
1029,유지,모아만의원,김대영,의원,서울
1030,유지,성남시의료원,한호성,종합병원,경기
1031,유지,올곧한의원,이동엽,한의원,서울
1032,유지,플래너성형외과의원,이승현,의원,서울
1033,유지,뽐나게빼의원,강대원,의원,서울
1034,유지,디데이성형외과의원,추성철,의원,서울
1035,유지,아크성형외과의원,권순범,의원,서울
1036,유지,청담에스에스640의원,김지열,의원,서울
1037,유지,톨리드정형외과의원,정주환,의원,인천
1038,유지,아너스티성형외과의원,정동우,의원,서울
1039,유지,모앤블레스의원,신경균,의원,서울
1040,유지,강남세란의원,김수연,의원,서울
1041,유지,리제피부과의원,손기민,의원,부산
1042,유지,닥터구의원,구용수,의원,서울
1043,유지,비더뉴의원,정태영,의원,서울
1044,유지,서진성형외과의원,이형민,의원,서울
1045,유지,중앙대학교광명병원,정용훈,종합병원,경기
1046,유지,바비라인의원,정희연,의원,서울
1047,유지,강남지인병원,조원영,병원,서울
1048,유지,더도어성형외과의원,엄재호,의원,서울
1049,유지,청담베스트내과의원,김원철,의원,서울
1050,유지,세인트마리 여성병원,김동주,병원,경기
1051,유지,티티성형외과의원,김의종,의원,서울
1052,유지,김한성성형외과의원,김한성,의원,서울
1053,유지,쁠리성형외과의원 ,김지훈,의원,서울
1054,유지,아몬드성형외과의원,박동권,의원,서울
1055,유지,오상신경외과의원,오민철,의원,서울
1056,유지,최앤이치과의원,최기수,치과의원,서울
1057,유지,케이아트성형외과의원,김남복,의원,서울
1058,유지,로담한의원,임태경,한의원,서울
1059,유지,디엠피부과의원,신영익,의원,서울
1060,유지,튼튼한방병원,김병철,한방병원,경기
1061,유지,미드미치과의원,강윤식,치과의원,서울
1062,유지,동탄2 튼튼한방병원,한효정,한방병원,경기
1063,유지,발머스한의원,홍정애,한의원,서울
1064,유지,모래시계한의원,고희경,한의원,서울
1065,유지,보리은백한의원,정태민,한의원,부산
1066,유지,스케줄의원,김성진,의원,서울
1067,유지,강남브랜드안과의원,한승수,의원,서울
1068,유지,강남밝은미소안과의원,문현승,의원,서울
1069,유지,알앤비성형외과의원,김대호,의원,서울
1070,유지,코리아이비인후과의원,최진혁,의원,대구
1071,유지,라이프의원,김수연,의원,서울
1072,유지,부산성모안과병원,이옥희,병원,부산
1073,유지,토론토 사랑치과의원,박헌동,치과의원,서울
1074,유지,미테크성형외과의원,전명수,의원,부산
1075,유지,저스트성형외과의원,임성윤,의원,서울
1076,유지,코비쥬의원,현상민,의원,서울
1077,유지,위비앙병원,이홍찬,병원,서울
1078,유지,세계로치과병원,정동근,치과병원,부산
1079,유지,에스씨301의원,신동진,의원,서울
1080,유지,리미티드 성형외과의원,김귀락,의원,서울
1081,유지,실로암한의원,김형기,한의원,부산
1082,유지,카이성형외과의원,조용현,의원,서울
1083,유지,벨라쥬여성의원,원철,의원,대전
1084,유지,압구정연세의원,김대용,의원,서울
1085,유지,나르샤 병원,이창수,병원,부산
1086,유지,와이WHY구강악안면외과 치과의원,이석재,치과의원,서울
1087,유지,멘드의원,윤원영,의원,서울
1088,유지,아산본내과의원,원제범,의원,서울
1089,유지,고은경희한의원,이한별,한의원,서울
1090,유지,아이큐성형외과의원,최민석,의원,서울
1091,유지,유로스메디컬의원,권민연,의원,서울
1092,유지,더새로이의원,신준,의원,서울
1093,유지,꿈꾸는성형외과의원,장준철,의원,서울
1094,유지,젤 성형외과의원,강민조,의원,서울
1095,유지,신상성형외과의원,이영재,의원,서울
1096,유지,글로리여성의원,차재호,의원,부산
1097,유지,연산당당한방병원,성진욱,한방병원,부산
1098,유지,바노바기의원 부산,이동인,의원,부산
1099,유지,코코성형외과의원,조배정,의원,서울
1100,유지,위버스성형외과의원,서승조,의원,서울
1101,유지,다인치과병원,허영준,치과병원,서울
1102,유지,감동비뇨의학과의원,임지석,의원,서울
1103,유지,입체성형외과의원,조현우,의원,서울
1104,유지,청담산부인과의원,김민우,의원,서울
1105,유지,김준엽치과의원,김준엽,치과의원,서울
1106,유지,드림헤어라인의원,박영호,의원,서울
1107,유지,비엔에스신경외과의원,장상훈,의원,서울
1108,유지,이담외과의원,김현규 ,의원,서울
1109,유지,아베크성형외과의원,박성우,의원,서울
1110,유지,유앤아이치과병원,김기현,치과병원,부산
1111,유지,강남포도여성의원,모형진,의원,서울
1112,유지,유앤정피부과의원,정운경,의원,서울
1113,유지,닥터스피부과의원,성현철,의원,서울
1114,유지,초이성형외과의원,최익균,의원,서울
1115,유지,땡큐성형외과의원,김형석,의원,서울
1116,유지,서울아트라인의원,배진만,의원,서울
1117,유지,고운몸의원,김희경,의원,서울
1118,유지,수앤모성형외과의원,조재현,의원,서울
1119,유지,우리본정형외과의원,김경환,의원,서울
1120,유지,온병원,윤선희,종합병원,부산
1121,유지,휴고성형외과의원,양성혁,의원,서울
1122,유지,굿모닝서울안과의원,김근호,의원,광주
1123,유지,의료법인백천의료재단,윤태경,병원,대구
1124,유지,글로벌비전안과의원,한세훈,의원,인천
1125,유지,루미의원,유경훈,의원,서울
1126,유지,소이안한의원,김진욱,한의원,서울
1127,유지,슈어스성형외과의원,박준규,의원,서울
1128,유지,웨이브 의원,진상균,의원,서울
1129,유지,청춘의원,강화신,의원,서울
1130,유지,마디마디신경외과의원,김일천,의원,서울
1131,유지,유로진여성의원,김관수,의원,서울
1132,유지,센텀이룸여성의원,최종열,의원,부산
1133,유지,앤드성형외과의원,윤석호,의원,서울
1134,유지,모재성 성형외과의원,모재성,의원,서울
1135,유지,링클성형외과의원,박철수,의원,서울
1136,유지,코코라인의원,김선구,의원,서울
1137,유지,엘브이성형외과의원,이서형,의원,서울
1138,유지,리앤영의원,송치훈,의원,서울
1139,유지,광피부과의원,조광현,의원,서울
1140,유지,아이컨텍성형외과의원,이석현,의원,서울
1141,유지,고유성형외과의원,조건,의원,서울
1142,유지,웰케어의원,김경철,의원,서울
1143,유지,하이연세산부인과의원,장시영,의원,서울
1144,유지,어바인피부과의원,유동기,의원,서울
1145,유지,디데이치과의원,오태훈,치과의원,서울
1146,유지,에르네의원,서현승,의원,서울
1147,유지,강남큐브안과,윤상원,의원,서울
1148,유지,스마일웰치과,장진영,치과의원,경북
1149,유지,통합의료진흥원 전인병원,추성훈,병원,대구
1150,유지,보스피부과의원,김홍석,의원,서울
1151,유지,성모진안과의원,박진형,의원,서울
1152,유지,글램외과의원,오재원,의원,서울
1153,유지,최우식노즈립성형외과의원,최우식,의원,서울
1154,유지,메트로안과의원,박성빈 외 1명,의원,대구
1155,유지,케이성형외과의원,오승현,의원,서울
1156,유지,차민성형외과의원,민성기,의원,서울
1157,유지,바이브성형외과의원,유영문,의원,서울
1158,유지,엠레드의원,최두영,의원,서울
1159,유지,강남그랜드안과의원,이관훈,의원,서울
1160,유지,스페셜이비인후과의원,박치열 ,의원,서울
1161,유지,일미리성형외과의원,도언록,의원,서울
1162,유지,모브성형외과의원,차병훈,의원,서울
1163,유지,광동한의원,박준규,한의원,인천
1164,유지,슈가성형외과의원,김진형,의원,서울
1165,유지,아름드리치과의원,이현정,치과의원,서울
1166,유지,뉴욕치과의원,김성률,치과의원,강원
1167,유지,강남여성병원,성영모,병원,경기
1168,유지,청담별의원,정우철,의원,서울
1169,유지,늘찬병원,서은호,병원,서울
1170,유지,비에스코아이비인후과병원,조완석,병원,서울
1171,유지,세민성형외과의원,홍종욱,의원,서울
1172,유지,루체치과의원,이상영,치과의원,서울
1173,유지,좋은사람들성모안과의원,박성진,의원,서울
1174,유지,타코성형외과의원,김탁호,의원,서울
1175,유지,365엠씨의원,김정은,의원,서울
1176,유지,똑똑플란트치과의원,손동국,치과의원,서울
1177,유지,바탕성형외과 의원,황용석,의원,서울
1178,유지,메이린의원,오욱,의원,서울
1179,유지,강남역데이원의원,김선찬,의원,서울
1180,유지,의료법인 성누가의료재단 성누가병원,이영석,병원,서울
1181,유지,연세대학교 의과대학 용인세브란스병원,김은경,종합병원,경기
1182,유지,에이아이의원,서기윤,의원,서울
1183,유지,얼굴본성형외과의원,박용남,의원,서울
1184,유지,화이트이(e)치과의원,김민경 ,치과의원,서울
1185,유지,플란 치과 의원,최영인,치과의원,서울
1186,유지,다나은신경외과의원,정택근,의원,서울
1187,유지,빛고을생생병원,주대창,병원,광주
1188,유지,모모성형외과의원,김승준,의원,서울
1189,유지,투비성형외과의원,김도훈,의원,서울
1190,유지,케이톡스의원 강서마곡점,김정한,의원,서울
1191,유지,베이드의원,남호석,의원,서울
1192,유지,에이피엠치과의원,배경문,치과의원,서울
1193,유지,자연치아살리기강서모아치과의원,박종하,치과의원,서울
1194,유지,다시피움성형외과의원,곽민호,의원,서울
1195,유지,연세마이덴치과의원,남택진,치과의원,서울
1196,유지,르로제의원,김혜윤,의원,서울
1197,유지,김해위너스치과의원,전주호 ,치과의원,경남
1198,유지,디비성형외과의원,국동비,의원,서울
1199,유지,노들담한의원,이은,한의원,서울
1200,유지,윈느성형외과의원,김의건,의원,서울
1201,유지,어반성형외과의원,최은규,의원,서울
1202,유지,와인성형외과의원,김우람,의원,충북
1203,유지,오가나셀피부과의원,오가나,의원,서울
1204,유지,엔비성형외과의원,조홍규,의원,서울
1205,유지,이온한의원,장홍석,한의원,서울
1206,유지,모먼트의원 ,김경복,의원,서울
1207,유지,강남조은눈안과,김준헌,의원,서울
1208,유지,김선호한의원,김선호,한의원,경기
1209,유지,마디세상병원,조율,병원,서울
1210,유지,더씨엘의원,이승윤,의원,서울
1211,유지,서울다시봄치과,이재혁,치과의원,충남
1212,유지,용산정형외과의원,장인영,의원,서울
1213,유지,샤프(SHARP)성형외과의원,김운회,의원,서울
1214,유지,케이톡스의원 인천구월점,홍순묵,의원,인천
1215,유지,더타이트성형외과의원,박지해,의원,서울
1216,유지,방그레병원,강경문,병원,인천
1217,유지,메디컬블룸한의원,이광주,한의원,부산
1218,유지,이지동안의원,도재운,의원,서울
1219,유지,유스의원,조은배,의원,서울
1220,유지,모아한의원,장경호,한의원,강원
1221,유지,한나이브성형외과의원,손형빈,의원,경기
1222,유지,리봄한방병원 대구점,김형민,한방병원,대구
1223,유지,지흡멘토의원,박원규,의원,서울
1224,유지,다움성형외과의원,김대현,의원,서울
1225,유지,올리팅성형외과의원,석효현,의원,서울
1226,유지,탑티어성형외과의원,조용진,의원,서울
1227,유지,서울제일성형외과의원,한상백,의원,서울
1228,유지,모다올의원,홍준현,의원,서울
1229,유지,참잘함한방병원,이상호,한방병원,서울
1230,유지,강북연세병원,최유왕,병원,서울
1231,유지,오인성형외과의원,위성윤,의원,서울
1232,유지,머스트 성형외과의원,김정기,의원,서울
1233,유지,청담힐의원,김민영,의원,서울
1234,유지,데카비의원,백은영,의원,서울
1235,유지,훌륭성형외과의원,김효동,의원,서울
1236,유지,대전우리병원,박철웅,병원,대전
1237,유지,파인드피부과의원,황종익,의원,서울
1238,유지,세화병원,이상찬,병원,부산
1239,유지,강남라이프산부인과의원,한용보,의원,서울
1240,유지,하얀e치과,양주열,치과의원,경북
1241,유지,은하수성형외과의원,전희창,의원,서울
1242,유지,아이비여성의원,윤지연,의원,서울
1243,유지,더스키니의원,김진서,의원,서울
1244,유지,서울동서남북치과의원, 진세현,치과의원,서울
1245,유지,진담성형외과의원,김용현,의원,서울
1246,유지,청담에프엔비의원,손무현,의원,대구
1247,유지,반니성형외과의원,반호경,의원,서울
1248,유지,모우림의원,이재민,의원,서울
1249,유지,로앤산부인과의원,송성욱,의원,서울
1250,유지,의료법인 청해의료재단 제일병원,정경미,병원,서울
1251,유지,삐땅기의원,유제성,의원,서울
1252,유지,청담제이더마의원,정승환,의원,서울
1253,유지,10년전당신의오늘의원,한충희,의원,서울
1254,유지,석정웰파크병원,원대연,병원,전북
1255,유지,브이엔성형외과의원,오승일,의원,서울
1256,유지,유스앤영 의원,황영연,의원,서울
1257,유지,신사인피부과의원,주혜영,의원,서울
1258,유지,로코코성형외과의원,김상호,의원,서울
1259,유지,포인트성형외과의원,박남석,의원,서울
1260,유지,모엠의원,전지훈,의원,서울
1261,유지,비앤영의원,김인상,의원,서울
1262,유지,디샤인의원 ,문인근 ,의원,서울
1263,유지,체리스마일치과의원,강승택,치과의원,서울
1264,유지,경희스마일한의원,고병호,한의원,서울
1265,유지,오로라의원,이지영,의원,서울
1266,유지,세미성형외과의원,박상현,의원,서울
1267,유지,차앤리성형외과,이현택,의원,경기
1268,유지,부산미남병원,이춘기 외2명 ,병원,부산
1269,유지,청담오케이성형외과의원,조희은 ,의원,서울
1270,유지,삼성울트라성장소아청소년과의원,진동규,의원,서울
1271,유지,오크우드 봄 의원,김인현,의원,서울
1272,유지,힘내라병원,김문찬,병원,부산
1273,유지,연세굿데이치과의원,박정철,치과의원,서울
1274,유지,연세굿데이치과의원 (수서점),최세경,치과의원,서울
1275,유지,자연주의성형외과의원,고응열,의원,서울
1276,유지,서울이왕병원,이승원,병원,인천
1277,유지,아비쥬의원,김덕하,의원,서울
1278,유지,연세강철구치과보철과치과의원,강철구,치과의원,서울
1279,유지,소유의원,임다원,의원,서울
1280,유지,의료법인녹십자의료재단 녹십자의원,이상곤,의원,경기
1281,유지,현대병원,김부섭,종합병원,경기
1282,유지,가디언즈치과의원,이윤정,치과의원,서울
1283,유지,필한방병원,윤제필,한방병원,대전
1284,유지,담의원,김홍두,의원,서울
1285,유지,시연유미코리아의원,이일형,의원,서울
1286,유지,헤스티아 여성의원,홍혜리,의원,서울
1287,유지,밴스의원,김유정,의원,경기
1288,유지,넬의원,정우진,의원,부산
1289,유지,세가지소원의원 명동점,박호선,의원,서울
1290,유지,진플란트치과의원,강형모,치과의원,충남
1291,유지,젬마의원,박경원,의원,서울
1292,유지,인본병원,김상범,병원,경기
1293,유지,페이브피부과의원,손지희,의원,서울
1294,유지,서울수치과의원,이광명,치과의원,서울
1295,유지,신세계서울병원,서보경,병원,서울
1296,유지,유라인의원,유승민,의원,서울
1297,유지,강남브랜드안과의원,정현교,의원,인천
1298,유지,아이파크몰의원,임근우,의원,서울
1299,유지,안성진성형외과의원,안성진,의원,서울
1300,유지,무드온성형외과의원,윤태경,의원,서울
1301,유지,바로코의원,김준,의원,서울
1302,유지,밝은성모안과의원,양석재,의원,부산
1303,유지,서울에스티(ST)셀의원,박정준,의원,서울
1304,유지,청담오케이의원,성현주,의원,서울
1305,유지,제우스남성의원,이석영,의원,부산
1306,유지,센트럴흉부외과의원,김승진,의원,서울
1307,유지,앤퍼센트의원,김현아,의원,서울
1308,유지,리연케이의원,김현수,의원,서울
1309,유지,스누성형외과의원,정의철,의원,서울
1310,유지,이룸성형외과의원,최규진,의원,서울
1311,유지,서울센텀치과의원,이현섭,치과의원,서울
1312,유지,셀리닉의원,김건우,의원,서울
1313,유지,퍼스트삼성안과의원,최성호,의원,서울
1314,유지,톡스앤필의원,방지유,의원,제주
1315,유지,봄눈피우다의원,송준호,의원,서울
1316,유지,밝음나눔안과,유로미,의원,경기
1317,유지,갤럭시성형외과,신정훈,의원,부산
1318,유지,서울예스병원,도현우,병원,경기
1319,유지,라인업치과병원,홍훈표,치과병원,부산
1320,유지,비에스(BS)숨이비인후과,정재훈,의원,부산
1321,유지,뉴스타의원,강건우,의원,서울
1322,유지,원주성모병원,이창재,병원,강원
1323,유지,뷰라밸성형외과의원,박범,의원,서울
1324,유지,라이블리성형외과의원,서효완,의원,서울
1325,유지,프라임성형외과의원,전용찬,의원,서울
1326,유지,블리스의원,조정훈,의원,서울
1327,유지,탱글성형외과의원,오창현,의원,서울
1328,유지,이해와공감 산부인과의원,황선아,의원,서울
1329,유지,경희류한의원,류한성,한의원,서울
1330,유지,미케이의원,노영근,의원,서울
1331,유지,21성형외과의원,이원,의원,서울
1332,유지,데이원의원, 김중수,의원,서울
1333,유지,2D치과의원,김현모,치과의원,서울
1334,유지,로담한의원,정동빈,한의원,서울
1335,유지,바른병원,강정한,병원,부산
1336,유지,OK의원,채명석,의원,부산
1337,유지,루이샤 의원,안은숙,의원,서울
1338,유지,서울세계로병원,정재훈,병원,서울
1339,유지,큐라인여성의원,김재훈,의원,서울
1340,유지,삼성스마일안과의원,홍성호,의원,대전
1341,유지,가넷성형외과의원,백인수,의원,서울
1342,유지,인본병원,최덕현,병원,경기
1343,유지,고대닥터정의원,정성윤,의원,경기
1344,유지,동양굿모닝영상의학과의원,장남식,의원,대전
1345,유지,연세메인치과의원,서권수,치과의원,경기
1346,유지,지우의원,김회원,의원,서울
1347,유지,서울원병원,유원준,병원,서울
1348,유지,피에이치디피부과의원,권인호,의원,서울
1349,유지,압구정 당봄한의원,손영훈,한의원,서울
1350,유지,바이미성형외과의원,최한뫼,의원,서울
1351,유지,한가람신경외과의원,이충현,의원,서울
1352,유지,의료법인 성수의료재단 비에스종합병원,백승호,종합병원,인천
1353,유지,비비드성형외과,김경필,의원,광주
1354,유지,이승우의원,이승우 ,의원,서울
1355,유지,더의원,송소선,의원,서울
1356,유지,스마일러치과의원,문정본,치과의원,서울
1357,유지,벗정형외과의원,심희종,의원,인천
1358,유지,온리아이성형외과의원,황진,의원,서울
1359,유지,하남S병원,이희종,병원,경기
1360,유지,퍼펙트치과의원,임태형,치과의원,서울
1361,유지,픽셀랩성형외과의원,송종근,의원,서울
1362,유지,루센트치과의원,조성주,치과의원,서울
1363,유지,진성형외과의원,진세훈,의원,서울
1364,유지,더셀피부과의원,심현철,의원,서울
1365,유지,문의원,박문수,의원,서울
1366,유지,(사)인구보건복지협회경기도지회가족보건의원,김경선,의원,경기
1367,유지,부천우리병원,한상훤 ,종합병원,경기
1368,유지,세브란스산부인과의원,박종영,의원,대전
1369,유지,기분좋은피부과의원,배병기,의원,서울
1370,유지,레디성형외과의원,박성철,의원,서울
1371,유지,참하지외과의원,박인수,의원,서울
1372,유지,힐링안과의원,김선영,의원,서울
1373,유지,레디피부과의원,민정,의원,서울
1374,유지,이레피부과의원,박경혜,의원,서울
1375,유지,민앤민의원,민아림,의원,서울
1376,유지,강남안성형외과의원,안성봉,의원,서울
1377,유지,서울매스티지치과의원,안교희,치과의원,서울
1378,유지,세온내과의원,배강남,의원,서울
1379,유지,클린타투의원,박재웅,의원,서울
1380,유지,튼튼하지의원,신경욱,의원,서울
1381,유지,부산자생한방병원,김하늘,한방병원,부산
1382,유지,온도성형외과의원,한준,의원,서울
1383,유지,킴벨피부과병원,김동하,병원,대전
1384,유지,메이드유의원,박재우,의원,서울
1385,유지,명동콤비치과의원,황용인,치과의원,서울
1386,유지,이을성형외과의원,김승찬,의원,서울
1387,유지,하이키한의원,박승찬,한의원,서울
1388,유지,휴머니티성형외과의원,황진희,의원,인천
1389,유지,아미랑의원,김선만,의원,경기
1390,유지,화성디에스병원,최덕수,병원,경기
1391,유지,연세세인트성형외과의원,황지훈,의원,서울
1392,유지,이규호모아름의원,이규호,의원,서울
1393,유지,몬스터의원,박희선,의원,서울
1394,유지,성모탑정형외과의원,이규조,의원,서울
1395,유지,심포니성형외과의원,현경배,의원,서울
1396,유지,밴스의원,조민주,의원,서울
1397,유지,랭스치과,김현철,치과의원,서울
1398,유지,이승철신경외과의원,이승철,의원,경기
1399,유지,하늘정형외과의원,윤재식,의원,인천
1400,유지,벗이비인후과의원,곽희붕,의원,경기
1401,유지,압구정튠의원,김광연,의원,서울
1402,유지,플러스정형외과의원,정새롬 외 1명,의원,인천
1403,유지,글로벌삼육오엠씨병원,이선호,병원,대전
1404,유지,리뉴외과의원,최재영,의원,서울
1405,유지,밝은누리안과병원 ,이성준 ,병원,대전
1406,유지,미모던피부과의원,우영준,의원,서울
1407,유지,글로벌365엠씨병원,안재현,병원,인천
1408,유지,서울미의원,전혜림,의원,서울
1409,유지,미라벨의원,이상수,의원,서울
1410,유지,바로그의원 강남점,박정남,의원,서울
1411,유지,레그웰의원,이정표,의원,서울
1412,유지,피팅의원,김윤석,의원,서울
1413,유지,탑클래스성형외과의원,전용훈,의원,서울
1414,유지,압구정톡스앤필의원,송인권,의원,서울
1415,유지,365엠씨(mc)병원,박윤찬,병원,부산
1416,유지,헤이데이 의원,이근택,의원,서울
1417,유지,삼성리한여성의원,박주영,의원,부산
1418,유지,나인의원,이고은,의원,서울
1419,유지,예롬성형외과의원,나민화,의원,서울
1420,유지,로그성형외과의원,윤수광,의원,서울
1421,유지,소통한방병원,안성민,한방병원,경기
1422,유지,그랜드비뇨의학과의원,황진철,의원,경기
1423,유지,연세오늘치과의원,권오균,치과의원,인천
1424,유지,서울성심병원,이송,종합병원,서울
1425,유지,좋은솜씨오케이치과의원,이지선,치과의원,경기
1426,유지,제이오성형외과의원,조현종,의원,부산
1427,유지,커스텀성형외과의원,김주호,의원,서울
1428,유지,휴먼피부과의원,인승균 ,의원,인천
1429,유지,소문난여성의원,이영민,의원,서울
1430,유지,마이티성형외과의원,박정흠,의원,서울
1431,유지,더라은치과의원,최인호,치과의원,인천
1432,유지,피알성형외과의원 ,노경환,의원,서울
1433,유지,페이스피부과의원,김소민,의원,서울
1434,유지,청담아티젠의원,윤승환,의원,서울
1435,유지,본아한의원 관악,지현우,한의원,서울
1436,유지,동의보감 한의원,김종권,한의원,경남
1437,유지,제이에프셀피부과의원,김상엽,의원,서울
1438,유지,닥터뷰치과의원 의정부역점,정세영,치과의원,경기
1439,유지,에센셜의원,유주희,의원,서울
1440,유지,클리오닉이비인후과의원,조영훈,의원,서울
1441,유지,늘봄의원,정찬률,의원,부산
1442,유지,신사에그의원,김동준,의원,서울
1443,유지,브랜드유의원,김기욱,의원,전남
1444,유지,차이성형외과의원,최승호,의원,서울
1445,유지,엣지성형외과의원,최동식,의원,대구
1446,유지,아이본병원,김동운,병원,충남
1447,유지,카라멜성형외과의원,강종화,의원,서울
1448,유지,K성형외과의원,황소민,의원,부산
1449,유지,의료법인대인의료재단 다니엘종합병원,강준원,종합병원,경기
1450,유지,세니아의원,민원준,의원,서울
1451,유지,셀온피부과의원,강승훈,의원,서울
1452,유지,강남서울안과의원,김용명,의원,서울
1453,유지,서울석병원,이기석,병원,서울
1454,유지,자이치과의원,김려운,치과의원,광주
1455,유지,강남본정형외과의원,전우주,의원,서울
1456,유지,반에이치의원,이재철,의원,서울
1457,유지,뷰티앤영의원,김현진,의원,서울
1458,유지,반도정형외과병원,나춘균,병원,서울
1459,유지,서울치과병원,정다운,치과병원,서울
1460,유지,안은의료재단 부평세림병원,김동환,종합병원,인천
1461,유지,청솔한의원,함정식,한의원,서울
1462,유지,강남케이뷰티성형외과,유중석,의원,제주
1463,유지,새로운병원,안풍기,병원,서울
1464,유지,민트성형외과의원,이학승,의원,서울
1465,유지,새론의원,주용민,의원,부산
1466,유지,디아이성형외과의원,정연익,의원,서울
1467,유지,365서울원탑치과의원,김근일,치과의원,서울
1468,유지,종로탑치과,김상희,치과의원,서울
1469,유지,청담리투의원,김재림,의원,서울
1470,유지,올로성형외과의원,전승배,의원,서울
1471,유지,청담리더스피부과의원,정성태,의원,서울
1472,유지,강남리슬림의원,이준우,의원,서울
1473,유지,압구정미라클의원,우정호,의원,서울
1474,유지,메종드엠의원,민병이,의원,서울
1475,유지,우주연한의원,우주연,한의원,서울
1476,유지,서면좋은사람안과의원,김희중,의원,부산
1477,유지,바로선병원,진건형,병원,서울
1478,유지,대구가톨릭대학교병원,신홍식,상급종합병원,대구
1479,유지,라은치과의원,김정훈,치과의원,인천
1480,유지,클리어서울안과의원,임태형,의원,서울
1481,유지,다리핏의원,정병권,의원,서울
1482,유지,아이팅성형외과의원,김종규,의원,서울
1483,유지,창덕궁한의원,최주리,한의원,경기
1484,유지,나우메디의원,강경원,의원,제주
1485,유지,벨르몬성형외과의원,송인국,의원,제주
1486,유지,마라톤정형외과병원,우세민 외 2명,병원,대전
1487,유지,밴스의원,김민수,의원,서울
1488,유지,태헬스케어의원,김경태,의원,인천
1489,유지,오브제성형외과의원,신종인,의원,서울
1490,유지,강남엔터치과의원,이성훈,치과의원,서울
1491,유지,오블리브 의원,박영진,의원,인천
1492,유지,신사우리베스트내과의원,이종진,의원,서울
1493,유지,모두의안과의원,이영훈 외2인,의원,대전
1494,유지,이든연합치과민락점,조재훈,치과의원,부산
1495,유지,실로암의원,김선민,의원,서울
1496,유지,예산명지병원,김명훈외2명,병원,충남
1497,유지,충주위담통합병원,최태준,병원,충북
1498,유지,중앙대학교광명소하검진센터의원,오윤환,의원,경기
1499,유지,연세메디노블의원,임한석,의원,서울
1500,유지,강남한의원,이계복,한의원,서울
1501,유지,메디우먼여성의원,백동훈,의원,부산
1502,유지,안성민성형외과의원,안성민,의원,서울
1503,유지,연세유라인치과의원,김현정,치과의원,서울
1504,유지,라라피부과의원,강민철,의원,부산
1505,유지,윤호병원,조윤호,병원,서울
1506,유지,윤헤어라인의원,이승재,의원,서울
1507,유지,더원츠의원,윤종진,의원,서울
1508,유지,대찬병원,정대학,병원,인천
1509,유지,브랜뉴의원,윤성은,의원,서울
1510,유지,의료법인 모두온의료재단 메디플러스병원,이창신,병원,충남
1511,유지,연세유라인치과의원,강동호,치과의원,서울
1512,유지,미샹떼의원,박철현,의원,서울
1513,유지,우리들병원,이상진,병원,부산
1514,유지,의료법인 나사렛의료재단 나사렛국제병원,이강일,종합병원,인천
1515,유지,연세사랑모아여성병원,이홍중,병원,서울
1516,유지,오블리주의원,오영주,의원,서울
1517,유지,의료법인 삼영의료재단 둔산병원,서미옥,병원,대전
1518,유지,서울위례바이오요양병원, 송은,병원,경기
1519,유지,홍대 닥터쁘띠의원,이채호,의원,서울
1520,유지,강남위담한방병원,최서형,한방병원,서울
1521,유지,디바성형외과의원,김종명,의원,서울
1522,유지,밴스의원,민경일,의원,서울
1523,유지,엘루나의원,조용성,의원,대전
1524,유지,드림치과의원,박종욱,치과의원,서울
1525,유지,청담글래시피부과의원,주홍진,의원,서울
1526,유지,디어한의원,김민지,한의원,서울
1527,유지,2060오스킨성형외과의원,이태근,의원,서울
1528,유지,구지감초한의원,김재홍,한의원,대구
1529,유지,나를위한산부인과의원,이은정,의원,서울
1530,유지,(재)한국의학연구소 제주의원 ,이광배,의원,제주
1531,유지,신강한의원,서영태,한의원,대구
1532,유지,압구정안과의원,김준현,의원,서울
1533,유지,바로세움병원,황인석,병원,대전
1534,유지,365엠씨의원,김한,의원,서울
1535,유지,개풍한의원,전창권,한의원,대구
1536,유지,그린몰치과의원,기화영,치과의원,서울
1537,유지,영남한의원,조명국,한의원,대구
1538,유지,앤플러스의원,윤현철,의원,서울
1539,유지,선우한의원,이창환,한의원,대구
1540,유지,에이트성형외과의원,김한조,의원,서울
1541,유지,청담안즈피부과의원,조영민,의원,서울
1542,유지,유진성형외과의원,강태조,의원,서울
1543,유지,유앤린성형외과의원,서동린,의원,서울
1544,유지,오아로피부과의원,정재윤,의원,서울
1545,유지,청주나비솔한방병원,류정만,한방병원,충북
1546,유지,신사터미널마취통증의학과의원,서창민,의원,서울
1547,유지,상지대학교부속한방병원,선승호,한방병원,강원
1548,유지,앤봄의원,이유민,의원,서울
1549,유지,파크에비뉴 치과의원,박동원,치과의원,서울
1550,유지,시즈의원,전은혜,의원,서울
1551,유지,유로진남성의원,문현창,의원,부산
1552,유지,라임나무치과병원,김인수,치과병원,서울
1553,유지,강남클리어치과의원,황재호,치과의원,서울
1554,유지,미작의원,안은모,의원,서울
1555,유지,생기가득한방병원,이희재 외 1명,한방병원,경기
1556,유지,세라치과의원,우상엽,치과의원,서울
1557,유지,초이스라인의원,최원혁,의원,서울
1558,유지,오가나셀피부과의원 동대문점,권인혁,의원,서울
1559,유지,누베베한의원,김기현,한의원,인천
1560,유지,그레이스 병원,황경진,병원,경기
1561,유지,엠여성의원 ,문제원,의원,서울
1562,유지,강주현피부과 의원,강주현,의원,제주
1563,유지,미큐의원,박광인,의원,서울
1564,유지,비티 성형외과의원,이승호,의원,서울
1565,유지,더행복한흉부외과의원,박준호,의원,서울
1566,유지,스타성형외과 의원,고법민,의원,서울
1567,유지,그녀의 헤어라인 의원,정지헌,의원,서울
1568,유지,바다성형외과,이종원,의원,부산
1569,유지,프리마성형외과의원,곽혁준,의원,서울
1570,유지,청담에스민의원,민혜연,의원,서울
1571,유지,이데아성형외과의원,권성일,의원,서울
1572,유지,함박눈성형외과의원,고한웅,의원,서울
1573,유지,윰산부인과의원,신선미,의원,인천
1574,유지,르샤인의원,최원준,의원,서울
1575,유지,센트럴안과의원,박영정,의원,대구
1576,유지,뷰티라인성형외과의원,유현재,의원,서울
1577,유지,제네시스 성형외과 의원,김수영,의원,부산
1578,유지,더보스톤치과병원,원태희,치과병원,충남
1579,유지,부산본병원,하상훈,병원,부산
1580,유지,(재)한국의학연구소 한국중부의원,이광배,의원,서울
1581,유지,기쁨병원,강윤식,종합병원,서울
1582,유지,굿라인성형외과의원,최덕호,의원,서울
1583,유지,서울뉴젠비뇨기과의원,박지현,의원,서울
1584,유지,엘레브의원,이정우,의원,서울
1585,유지,의료법인 하나로의료재단 하나로의원,권혜령,의원,서울
1586,유지,체리성형외과의원,모영웅,의원,서울
1587,유지,김안과의원,김두은 외 3명,의원,충북
1588,유지,더비비성형외과의원,강형근,의원,서울
1589,유지,장사랑박종범내과,박종범,의원,충북
1590,유지,퍼스트비뇨기과의원,김 재 영,의원,서울
1591,유지,온유성형외과의원,안용수,의원,서울
1592,유지,토마스병원,김도형,병원,서울
1593,유지,에톤성형외과의원,김학영,의원,서울
1594,유지,효성병원,오창진,종합병원,충북
1595,유지,서울니어치과,이규호,치과의원,광주
1596,유지,샤인빔의원,윤재영,의원,대전
1597,유지,마루치과병원,정인교,치과병원,서울
1598,유지,에버피부과의원,김지은,의원,서울
1599,유지,해운누리한의원,구가현,한의원,부산
1600,유지,인터케어내과의원,송인숙,의원,서울
1601,유지,오리진치과의원,노각균,치과의원,서울
1602,유지,강남타임의원,백나영,의원,서울
1603,유지,후한의원,정선아,한의원,대구
1604,유지,네오유여성비뇨기과의원,김주남,의원,서울
1605,유지,더루루의원 ,정광석,의원,서울
1606,유지,더신사의원,김창수,의원,서울
1607,유지,성품성형외과의원,윤영상,의원,서울
1608,유지,연세로의료의원,박정진,의원,서울
1609,유지,이영준한의원,이영준,한의원,충남
1610,유지,기브미의원,이준수,의원,서울
1611,유지,플로레스피부과의원,우청하,의원,서울
1612,유지,프리마피부과의원,고나영,의원,서울
1613,유지,베이의원,박현성,의원,서울
1614,유지,컴포트성형외과의원,박영수,의원,서울
1615,유지,차앤박피부과의원,송원근,의원,서울
1616,유지,일라스의원,이승희,의원,부산
1617,유지,루비의원,최성환,의원,서울
1618,유지,연세오상병원,최재혁,병원,경기
1619,유지,(의)성광의료재단차움건진의원,김춘복,의원,서울
1620,유지,하루에치과의원,이한나,치과의원,서울
1621,유지,엘스타의원,송동혁,의원,서울
1622,유지,코헨의원,박귀호,의원,서울
1623,유지,베스트CK의원,이호곤,의원,서울
1624,유지,미랩의원,하상욱,의원,서울
1625,유지,루시드치과의원,박현민,치과의원,서울
1626,유지,타임리스 피부과의원,김종엽,의원,서울
1627,유지,지우개의원,한동엽,의원,서울
1628,유지,잎사귀치과병원,이상용,치과병원,서울
1629,유지,최연석치과의원,최연석,치과의원,대전
1630,유지,샤인빔의원 강서,황규명,의원,서울
1631,유지,블랑쥬의원,조욱래,의원,서울
1632,유지,포에버의원,정연환,의원,서울
1633,유지,더블유와이치과의원,유원희,치과의원,서울
1634,유지,씨앤피차앤박피부과의원,박진성,의원,서울
1635,유지,CNP차앤박피부과의원,권오찬,의원,서울
1636,유지,아이플러스안과의원,이용재,의원,서울
1637,유지,제이피(JP)성형외과의원,최종필,의원,서울
1638,유지,새몸새기운한미르한의원,원은주,한의원,대구
1639,유지,글로비지테라안티에이징의원,남상재,의원,서울
1640,유지,성모베스트내과의원,김선후,의원,경기
1641,유지,파크뷰의원,조주은,의원,서울
1642,유지,미소천사치과의원,차소,치과의원,서울
1643,유지,강남더블유치과의원,김대원,치과의원,서울
1644,유지,뉴성민병원,서정우,종합병원,인천
1645,유지,담소유병원,이성렬,병원,서울
1646,유지,강동병원,강신혁,병원,부산
1647,유지,바른약속치과의원,윤창근,치과의원,경기
1648,유지,부원뉴욕치과병원,이은희,치과병원,경남
1649,유지,모란상아치과,국영아,치과의원,경기
1650,유지,설재윤성형외과의원,설재윤,의원,서울
1651,유지,셀피성형외과,김우정,의원,부산
1652,유지,차앤박피부과의원,김세연,의원,서울
1653,유지,굿플랜치과의원,김민정 ,치과의원,경기
1654,유지,유진한의원,김병학,한의원,부산
1655,유지,광주센트럴병원,고길석,종합병원,광주
1656,유지,뷰티스톤의원,위영진,의원,서울
1657,유지,연한의원,홍지연,한의원,경기
1658,유지,개금진한방병원,반재진,한방병원,부산
1659,유지,윌비성형외과의원 ,김준영,의원,서울
1660,유지,강동오아로피부과의원,권혁훈,의원,서울
1661,유지,제이린안과의원,한상엽,의원,부산
1662,유지,의료법인 성지의료재단 성지병원,안재홍,병원,강원
1663,유지,하루플란트치과의원,변성만,치과의원,서울
1664,유지,눈에힘안과의원,백진학,의원,서울
1665,유지,한림대학교성심병원,유경호,상급종합병원,경기
1666,유지,이지봄안과의원,정다운 외 2명,의원,제주
1667,유지,더블유 성형외과,박봉권,의원,경기
1668,유지,청주필한방병원,염선규,한방병원,충북
1669,유지,맥스구강악안면외과 치과의원,박재봉,치과의원,서울
1670,유지,강남오앤의원,오승민,의원,서울
1671,유지,샤인빔의원,장지석,의원,경기
1672,유지,이엘치과병원,이도훈,치과병원,대전
1673,유지,명동웰니스내과의원,장익준,의원,서울
1674,유지,리비안 의원,이세현,의원,서울
1675,유지,김민범 한의원,김민범,한의원,제주
1676,유지,의료법인정화의료재단 봉생기념병원,김남희 ,종합병원,부산
1677,유지,청담해리슨병원,김현성,병원,서울
1678,유지,비원클리닉의원,김일건,의원,서울
1679,유지,에이지의원,권용욱,의원,서울
1680,유지,아이핏성형외과의원,김채민,의원,서울
1681,유지,빛한의원,이상진,한의원,서울
1682,유지,힐리브의원,황드리,의원,서울
1683,유지,스노우치과의원,복성철,치과의원,서울
1684,유지,박동만성형외과의원,박동만,의원,서울
1685,유지,본라인한의원,박주환,한의원,서울
1686,유지,리아이성형외과의원,전효진,의원,서울
1687,유지,뷰앤플의원,황종철,의원,서울
1688,유지,유앤미의원,정창호,의원,서울
1689,유지,아이엠씨강남의원,신석우,의원,서울
1690,유지,강남젠틀치과의원,김성호,치과의원,서울
1691,유지,밝음나눔안과의원,정재림,의원,서울
1692,유지,365MC의원,박종호,의원,경기
1693,유지,오라클성형외과의원,허철,의원,서울
1694,유지,더퍼스트피부과의원 부산본점,황성환,의원,부산
1695,유지,피아프의원,임진영,의원,서울
1696,유지,의정부을지대학교병원,박준영,종합병원,경기
1697,유지,파사치과의원,박영현,치과의원,인천
1698,유지,화이트스타일치과의원,김준헌,치과의원,서울
1699,유지,샤인봄의원,김상우,의원,서울
1700,유지,플러스마이너스한의원,김장선,한의원,서울
1701,유지,센텀엘의원,이기영,의원,부산
1702,유지,이문원한의원,이문원,한의원,서울
1703,유지,아이루미성형외과의원,허우진,의원,서울
1704,유지,강남브이에스라인의원,김보람,의원,서울
1705,유지,톤즈의원,김하윤,의원,경기
1706,유지,밴스피부과의원,장우선,의원,서울
1707,유지,그레이스피부과의원,김태훈,의원,부산
1708,유지,남기세병원,남기세,병원,서울
1709,유지,오블리 성형외과 의원,김다앎,의원,서울
1710,유지,닥터웰메이드원 피부과의원,황은주,의원,서울
1711,유지,연세스타피부과의원,김영구,의원,서울
1712,유지,세진성형외과의원,김세진,의원,서울
1713,유지,서울보스톤치과의원,박현수,치과의원,서울
1714,유지,명옥헌 한의원 ,김진형 ,한의원,서울
1715,유지,센트럴서울안과의원 , 최재완 ,의원,서울
1716,유지,학교법인 동의병원,이인옥,종합병원,부산
1717,유지,튼튼어린이병원,최용재,병원,경기
1718,유지,청담이엘피부과의원,김병철,의원,서울
1719,유지,메이린압구정의원,김형문,의원,서울
1720,유지,청아연의원,장연식,의원,서울
1721,유지,유앤미의원,고성균,의원,서울
1722,유지,정한방병원,박재홍,한방병원,부산
1723,유지,아르노피부과의원,서현이,의원,서울
1724,유지,블랑쉬치과의원,김태형,치과의원,서울
1725,유지,동의대학교부속한방병원,이인옥,한방병원,부산
1726,유지,청담에끌라드의원,박소윤,의원,서울
1727,유지,서울오늘치과의원,도유호,치과의원,경기
1728,유지,메이린청담의원,박현준,의원,서울
1729,유지,재단법인서울의과학연구소 하나로리더스의원,이관수,의원,서울
1730,유지,늘편한하지외과의원,이문행,의원,경기
1731,유지,미사경희한방병원,강보혜,한방병원,경기
1732,유지,본새울병원,김문기,병원,경기
1733,유지,그레이스성형외과의원,최문섭,의원,서울
1734,유지,종로30분치과의원,하강희,치과의원,서울
1735,유지,청담쟈스민라인의원,장지영,의원,서울
1736,유지,뉴젠정형외과의원,임종인,의원,부산
1737,유지,비앤씨의원,김경훈,의원,인천
1738,유지,경상국립대학교병원,안성기,상급종합병원,경남
1739,유지,에디션성형외과의원,한대희,의원,서울
1740,유지,브이에스라인의원,최웅,의원,서울
1741,유지,아비쥬의원,강정아,의원,서울
1742,유지,차의과학대학교 부속 구미차병원,김한중,종합병원,경북
1743,유지,천안김안과 천안역본점의원,정도현,의원,충남
1744,유지,예쁜얼굴의원,서빛나,의원,서울
1745,유지,쁨글로벌의원,김정홍,의원,서울
1746,유지,연세대학교원주세브란스기독병원,백순구,상급종합병원,강원
1747,유지,그랑메디의원,김상혁 ,의원,서울
1748,유지,청담지온유의원,유주연,의원,서울
1749,유지,연세바른안과의원,전제훈,의원,인천
1750,유지,아르떼의원,양정미,의원,서울
1751,유지,페이스라인치과의원,이신정,치과의원,서울
1752,유지,서울청담닥터아나파의원,안재석,의원,경기
1753,유지,모더함의원,신한종,의원,서울
1754,유지,포샤르플란트 치과의원,박태용,치과의원,서울
1755,유지,제이와이 성형외과 의원,최준영,의원,서울
1756,유지,에스리본의원,김도위,의원,서울
1757,유지,더자인병원,류은경,종합병원,경기
1758,유지,서울송도병원,이종균,병원,서울
1759,유지,시즈까 의원,손용인,의원,서울
1760,유지,이희문성형외과의원,이희문,의원,서울
1761,유지,강남 플랜에스의원,도건기,의원,서울
1762,유지,연세결성형외과,송한결,의원,부산
1763,유지,부산성소병원,박희두,병원,부산
1764,유지,청담르벨의원,황원욱,의원,서울
1765,유지,경희더숲한의원,오민지,한의원,서울
1766,유지,사랑의병원,황성주,병원,경기
1767,유지,슬림미한의원,배상은,한의원,서울
1768,유지,올하트성형외과의원,송신영,의원,서울
1769,유지,자향한방병원,박정민,한방병원,경기
1770,유지,인천국제공항 제2공항의원,김석중,의원,인천
1771,유지,인천국제공항의원,최선근,의원,인천
1772,유지,오가나셀피부과의원,김상진,의원,서울
1773,유지,원셀의원,서명원,의원,서울
1774,유지,셀업성형외과의원,오대명,의원,서울
1775,유지,덕수한의원,송대욱,한의원,서울
1776,유지,메리성형외과의원,홍성택,의원,서울
1777,유지,노원빛사랑안과의원,이동호,의원,서울
1778,유지,서울센트리얼치과병원,백인규,치과병원,인천
1779,유지,약수소생한의원,김은혜,한의원,서울
1780,유지,의료법인 녹십자의료재단 녹십자아이메드의원,김상만,의원,서울
1781,유지,디딤재활의학과의원,이상훈,의원,서울
1782,유지,뉴본정형외과의원,임창무,의원,서울
1783,유지,청담비엘에스의원,권용욱,의원,서울
1784,유지,다비다성형외과의원,이희종,의원,서울
1785,유지,미인도의원,김유진,의원,인천
1786,유지,신사엘성형외과의원,이영근,의원,서울
1787,유지,의료법인 녹십자의료재단 녹십자아이메드의원,김상만,의원,서울
1788,유지,굿모닝한방병원,홍한나,한방병원,대전
1789,유지,쉬즈한의원 ,유명숙,한의원,서울
1790,유지,미소로치과의원,정이슬,치과의원,전북
1791,유지,제이제이성형외과의원,홍진주,의원,서울
1792,유지,장진석내과의원,장진석,의원,부산
1793,유지,제이씨빛소망안과의원,최경배,의원,서울
1794,유지,모두모의원,정준혁,의원,서울
1795,유지,신사넘버파이브의원,이현영,의원,서울
1796,유지,슬림영의원,전인성,의원,서울
1797,유지,인트로성형외과의원,박선준,의원,서울
1798,유지,휴먼성형외과의원,김국현,의원,서울
1799,유지,밴스의원,권정기,의원,서울
1800,유지,청담모델성형외과의원,김치선,의원,경기
1801,유지,디앤에이성형외과의원,김원석,의원,서울
1802,유지,보메 성형외과의원,이상윤,의원,대구
1803,유지,네임드성형외과의원,이병준,의원,서울
1804,유지,닥터에버스 의원,엄희성,의원,인천
1805,유지,학교법인 대진교육재단 제인병원,정삼암,병원,서울
1806,유지,닥터진의원,김형진,의원,서울
1807,유지,제너리스의원 ,이용훈,의원,서울
1808,유지,세라믹치과의원,김선민,치과의원,서울
1809,유지,큐비스의원,변광,의원,서울
1810,유지,뷰티라운지의원,이창규,의원,서울
1811,유지,연세나을병원,김상훈,병원,경기
1812,유지,에이스병원,정재훈,병원,경기
1813,유지,청주퍼스트안과의원,현상윤외 1명,의원,충북
1814,유지,티알트리니티 라파엘로 청담의원,김유인,의원,서울
1815,유지,엔젤미의원,백승만,의원,서울
1816,유지,예다인외과의원,권수인,의원,서울
1817,유지,하늘병원,조성연,병원,서울
1818,유지,고익수 성형외과,고익수,의원,서울
1819,유지,로얄라인의원,김인구,의원,서울
1820,유지,유올림의원,장수지,의원,서울
1821,유지,케이(K)의원,김영선,의원,서울
1822,유지,이에스청담성형외과의원,이준호,의원,서울
1823,유지,세연마취통증의학과의원,최봉춘,의원,서울
1824,유지,이미지업의원, 김성남,의원,서울
1825,유지,서울클리어치과교정과치과의원,임선진,치과의원,서울
1826,유지,엘리트 성형외과,이영진,의원,인천
1827,유지,뷰티라운지의원,한현석,의원,서울
1828,유지,센트럴윤길중안과의원 ,윤길중,의원,광주
1829,유지,체인지의원,장두열,의원,서울
1830,유지,강남성모원안과의원,김만수,의원,서울
1831,유지,뉴진성형외과의원,권유진,의원,대전
1832,유지,씨앤피차앤박피부과의원,양정은,의원,서울
1833,유지,서울미니플란트치과의원,박영민,치과의원,서울
1834,유지,송도외과의원,김의철,의원,인천
1835,유지,모나라피부과의원,김대우,의원,서울
1836,유지,부평프라임메디컬의원,신교준,의원,인천
1837,유지,세진피부과의원,김세희,의원,서울
1838,유지,지유네 피부과,송보형,의원,부산
1839,유지,의료법인삼산의료재단 삼산병원,박상기,병원,강원
1840,유지,변진석성형외과의원,변진석,의원,대구
1841,유지,유앤아이의원 부산점,홍동민,의원,부산
1842,유지,세란병원,홍광표,종합병원,서울
1843,유지,예미안치과의원,송정현,치과의원,서울
1844,유지,엔브이성형외과의원(NV성형외과의원),박지원,의원,울산
1845,유지,노즈랩의원,강차영,의원,서울
1846,유지,연세강치과의원,강필구,치과의원,광주
1847,유지,클레오르의원,김동영,의원,서울
1848,유지,다미의원,박덕규,의원,서울
1849,유지,페이지랩의원,조정래,의원,서울
1850,유지,다른치과의원,박경서,치과의원,서울
1851,유지,엔터성형외과,장진우,의원,서울
1852,유지,바른마디병원,김재훈,병원,경기
1853,유지,드네의원,신예진,의원,서울
1854,유지,이현택성형외과의원,이현택,의원,서울
1855,유지,클래시성형외과의원,박성훈,의원,서울
1856,유지,롤리팝성형외과의원,정연주,의원,서울
1857,유지,제노성형외과의원,이원석,의원,서울
1858,유지,보스톤치과의원,김지한,치과의원,서울
1859,유지,수아로피부과의원,김석림,의원,서울
1860,유지,더앞선치과병원,주창민,치과병원,경남
1861,유지,지인산부인과의원,김정연,의원,서울
1862,유지,메디피아산부인과의원,한상철,의원,경기
1863,유지,리엘르의원,윤하원,의원,서울
1864,유지,경희효성한의원,신애숙,한의원,대구
1865,유지,리베리의원 영종도점,조성준,의원,인천
1866,유지,스타피부과의원,조시형,의원,부산
1867,유지,제천성지병원,안재홍,병원,충북
1868,유지,워나성형외과의원,최태준,의원,서울
1869,유지,연세와이비의원,김동준,의원,서울
1870,유지,화이트성형외과의원,유인성,의원,서울
1871,유지,모래내피부과의원,강광영,의원,전북
1872,유지,트리에피부과의원,신동윤,의원,서울
1873,유지,부천닥터에버스의원,동경주,의원,경기
1874,유지,분당안과의원,김민규,의원,경기
1875,유지,라리성형외과의원,김정일,의원,서울
1876,유지,화이팅정형외과의원,남주현,의원,서울
1877,유지,더힐연합의원,유창현,의원,전남
1878,유지,블레싱피부과의원,강진희,의원,서울
1879,유지,청라 닥터에버스의원,강희성,의원,인천
1880,유지,이솝한방병원,이명덕,한방병원,서울
1881,유지,쁘띠플러스의원,양동은,의원,서울
1882,유지,유웰비뇨의학과의원 대전,양승우,의원,대전
1883,유지,톤즈의원,박지호,의원,서울
1884,유지,플로리아의원,신지혜,의원,부산
1885,유지,바람부는날에도 성형외과의원,박수호,의원,서울
1886,유지,하늘라인의원,방명희,의원,서울
1887,유지,에이엠 성형외과의원,조영규,의원,서울
1888,유지,파랑새안과의원,임선택,의원,광주
1889,유지,허준원엠디피부과의원,허준원,의원,서울
1890,유지,비본영의원,정재웅,의원,서울
1891,유지,메디컬오 한의원,김선형,한의원,제주
1892,유지,창원경상국립대학교병원,황수현,종합병원,경남
1893,유지,더밝은치과의원,신영진,치과의원,서울
1894,유지,티와이성형외과의원,우태용,의원,인천
1895,유지,더원서울안과의원,허장원,의원,서울
1896,유지,삼성브레인신경과의원,이원구,의원,부산
1897,유지,우리원헬스케어영상의학과의원,김영묵,의원,서울
1898,유지,유앤아이의원 광명점,김선희,의원,경기
1899,유지,닥터에버스의원,이석한,의원,경기
1900,유지,럭쎌내과의원,김홍승,의원,서울
1901,유지,사적인아름다움지유의원,신혜인,의원,경기
1902,유지,뮤토에스엠씨의원,김창주,의원,서울
1903,유지,골든발란스여성의원,김종열,의원,서울
1904,유지,안티안의원,왕수진,의원,서울
1905,유지,글로웰의원,조성민,의원,서울
1906,유지,새한정형외과의원,이재식,의원,충북
1907,유지,굿윌치과병원,허정욱,치과병원,부산
1908,유지,미림바이오한의원,정미림,한의원,서울
1909,유지,더준피부과의원,백준오,의원,경기
1910,유지,제주 아나픈치과의원,서종천,치과의원,제주
1911,유지,모자이크성형외과의원,하재성,의원,부산
1912,유지,연세에이플란트치과의원,이재원,치과의원,서울
1913,유지,바를정한방병원,정인호,한방병원,서울
1914,유지,대동병원,박상운,병원,대구
1915,유지,연세바로치과의원,백의선,치과의원,서울
1916,유지,노원 닥터에버스의원,안남주,의원,서울
1917,유지,디엘성형외과의원,정진욱,의원,서울
1918,유지,정승문성형외과의원,정승문,의원,부산
1919,유지,수연세안과의원,박성배,의원,서울
1920,유지,닥터에버스의원,남지완,의원,서울
1921,유지,명동닥터에버스의원,김정환,의원,서울
1922,유지,두발로병원,김지범,병원,서울
1923,유지,하이맨비뇨기과,이소리,의원,부산
1924,유지,닥터에버스의원 목동,안성희,의원,서울
1925,유지,지제이(GJ) 성형외과의원,김지훈,의원,서울
1926,유지,나아 성형 외과 의원 ,성정화 ,의원,서울
1927,유지,제이디의원,도진우,의원,서울
1928,유지,다올연합의원,박철우,의원,대구
1929,유지,밸런스랩 성형외과의원,임수성,의원,서울
1930,유지,새로성형외과의원,박영규,의원,서울
1931,유지,스타라인성형외과의원,이상환,의원,서울
1932,유지,케이트의원,이원상,의원,서울
1933,유지,경희선한방병원,정규환,한방병원,경남
1934,유지,센텀코어의원,신하송,의원,부산
1935,유지,하루하나문민철의원,문민철,의원,서울
1936,유지,엘르성형외과의원,김흥규,의원,서울
1937,유지,에스치과,송영성,치과의원,충남
1938,유지,기운찬한방병원,신윤리,한방병원,부산
1939,유지,마스터플러스병원,박강,병원,경기
1940,유지,신이경의 바로정형외과의원,신이경,의원,서울
1941,유지,오산메디컬재활요양병원,정지수,기타,경기
1942,유지,포항성모병원,최순호,종합병원,경북
1943,유지,스웨이 성형외과 의원,박지훈,의원,서울
1944,유지,닥터에버스 미사점,이화랑,의원,경기
1945,유지,쉬즈힐의원,김윤형,의원,서울
1946,유지,김기준봄한의원,김기준,한의원,서울
1947,유지,제이에스치과의원,진교성,치과의원,서울
1948,유지,메디컬오스위트,이동희,기타,경기
1949,유지,본연성형외과의원,김형수,의원,서울
1950,유지,보미오라한의원,정대진,한의원,서울
1951,유지,벨리시모의원,이재효,의원,서울
1952,유지,리프톤피부과의원,문성훈,의원,서울
1953,유지,아이유안과의원,유영식,의원,서울
1954,유지,연희플란트치과의원,이상민,치과의원,강원
1955,유지,강남스탠다드정형외과의원,조주원,의원,서울
1956,유지,더안청담의원,이주희,의원,서울
1957,유지,스위츠 피부과의원,권현정,의원,서울
1958,유지,블리비의원,김규의,의원,제주
1959,유지,웰가의원,이용행,의원,서울
1960,유지,아임의원,김재남,의원,서울
1961,유지,로즈앤의원,박영,의원,제주
1962,유지,하이린의원,김진우,의원,대구
1963,유지,셀피아의료생활협동조합셀피아의원,박희영,의원,서울
1964,유지,르블랑치과의원,변상균,치과의원,서울
1965,유지,다정한의원,이승우,한의원,대구
1966,유지,영서의료재단 천안충무병원,권준덕,종합병원,충남
1967,유지,한아름한의원,현진오,한의원,서울
1968,유지,본큐어한의원,송정현,한의원,서울
1969,유지,서울특별시(test)_의료기관용,서울특별시,의원,서울
1970,유지,바를정한의원,이진혁,한의원,경기
1971,유지,아르떼의원,서정송,의원,울산
1972,유지,살루스한의원,이연화,한의원,부산
1973,유지,골드제이의원,이현주,의원,서울
1974,유지,브래덤재활병원,김재원,병원,인천
1975,유지,골든디아망성형외과의원,송상훈,의원,서울
1976,유지,리디아한의원,이세리,한의원,부산
1977,유지,경희하림한의원,김영준,한의원,경기
1978,유지,연세우리안과의원,이규호,의원,서울
1979,유지,메가플란트치과의원,박준호,치과의원,경기
1980,유지,닥터에버스의원,유상은,의원,서울
1981,유지,닥터탁성형외과의원,탁승완,의원,서울
1982,유지,서울 리샤인 의원,이정민,의원,서울
1983,유지,꽃담한방병원,정태선,한방병원,대구
1984,유지,뉴엘의원,정세훈,의원,서울
1985,유지,삼성제이여성의원,서지현,의원,서울
1986,유지,삼성비앤에스의원,박소현,의원,서울
1987,유지,더리프트의원,강동재,의원,제주
1988,유지,강남성모비뇨의학과의원,성재우,의원,서울
1989,유지,365올케어치과의원,권민수,치과의원,서울
1990,유지,아이엠퀸여성의원,이창환,의원,서울
1991,유지,룩엣미의원,박정은,의원,서울
1992,유지,서울연세우리치과,서영섭,치과의원,경기
1993,유지,강북21세기병원,최재영,병원,서울
1994,유지,골드만비뇨의학과의원,류경호,의원,서울
1995,유지,포레나의원,염지혜,의원,서울
1996,유지,닥터조물주 비뇨의학과의원,홍성우,의원,서울
1997,유지,뉴케이의원,이인덕,의원,서울
1998,유지,강남 고운세상 피부과 의원,김태윤,의원,서울
1999,유지,365엠씨(mc)의원,권민성,의원,경기
2000,유지,수아벨의원,김일구,의원,대구
2001,유지,이플러스치과의원,김이랑,치과의원,전북
2002,유지,블리비의원,박소정,의원,서울
2003,유지,톡스앤필,한민성,의원,광주
2004,유지,차원정형외과,이준규,의원,경기
2005,유지,서울바른강치과의원,강태성,치과의원,서울
2006,유지,서울에스유외과의원,김혜진,의원,서울
2007,유지,하남본치과,소지성,치과의원,경기
2008,유지,오늘의치과의원,윤창민,치과의원,경기
2009,유지,나의미래피부과의원,노효진,의원,서울
2010,유지,파르베의원,박진용,의원,대구
2011,유지,큰힘병원,김만영,병원,부산
2012,유지,쁨글로벌의원,김로데 ,의원,제주
2013,유지,명문요양병원,이윤영,기타,전남
2014,유지,의료법인루가의료재단 지안의원,지희숙,의원,인천
2015,유지,연세오케이병원,한희돈,병원,경기
2016,유지,뉴라인성형외과의원,손희동,의원,부산
2017,유지,유픽의원,김대윤,의원,서울
2018,유지,제아치과의원,강영호,치과의원,서울
2019,유지,장덕한방병원,신광순,한방병원,서울
2020,유지,인제상쾌한이비인후과의원,박근환,의원,제주
2021,유지,뉴엔치과의원,정주영,치과의원,서울
2022,유지,강남챔피언정형외과의원,안종호,의원,서울
2023,유지,리체한방병원,이혁재,한방병원,경기
2024,유지,부평성모안과의원,배계종,의원,인천
2025,유지,자람한방병원,이창곤,한방병원,경기
2026,유지,존스킨한의원,박진미,한의원,서울
2027,유지,트랜드성형외과의원,이준성,의원,서울
2028,유지,365편안한치과의원,안상현,치과의원,부산
2029,유지,제림성형외과의원,양정학,의원,서울
2030,유지,효사랑가족요양병원,김정연,기타,전북
2031,유지,휴앤미의원,김우태,의원,서울
2032,유지,오아로피부과의원 청량리,조민결,의원,서울
2033,유지,더와이즈헬스케어의원,전지혜,의원,경기
2034,유지,다이아의원,설항수,의원,서울
2035,유지,압구정경희한의원,안재현,한의원,서울
2036,유지,온리원치과,박준석,치과의원,경기
2037,유지,하이뷰안과의원,이동열,의원,부산
2038,유지,다인피부과의원,신항계,의원,서울
2039,유지,제주대학교병원,최국명,종합병원,제주
2040,유지,하늘마음한의원,윤여창,한의원,경기
2041,유지,연세새봄의원,채용현,의원,서울
2042,유지,하이브치과의원,김호연,치과의원,부산
2043,유지,지니어스의원,이환중,의원,부산
2044,유지,얀의원,최원탁,의원,서울
2045,유지,이유의원,허보경,의원,서울
2046,유지,메디인병원,이학수 외 4명,종합병원,경기
2047,유지,에스여성의원,이혜연,의원,서울
2048,유지,제니성형외과의원,서민성 ,의원,전북
2049,유지,연세채움의원,조을제,의원,경기
2050,유지,바로서면병원,황승현,병원,부산
2051,유지,서울동안의원,임경수,의원,서울
2052,유지,닥터쁘띠의원 명동점,고경덕,의원,서울
2053,유지,베르미한의원,하동훈,한의원,서울
2054,유지,위드셀의원,김형섭,의원,서울
2055,유지,닥터유비뇨기과의원,유재영,의원,서울
2056,유지,드올의원,이여명,의원,서울
2057,유지,유펜아이비치과의원,최영준,치과의원,서울
2058,유지,셀포유서울의원,정재윤,의원,서울
2059,유지,어울림의원,송은경,의원,제주
2060,유지,광명웰니스내과의원,장민호,의원,경기
2061,유지,아로하피부과의원,황세원,의원,서울
2062,유지,아이노유성형외과의원,오주현,의원,부산
2063,유지,솔담한방병원,현경철,한방병원,제주
2064,유지,헤이븐의원,손승현,의원,대구
2065,유지,바노바기피부과의원,반재용,의원,서울
2066,유지,하트웰의원,노환규,의원,서울
2067,유지,청담포레브의원,김유진,의원,서울
2068,유지,한국의료재단 아이에프씨의원,나재수,의원,서울
2069,유지,장주혜치과의원,장주혜,치과의원,서울
2070,유지,의료법인 인성의료재단 한림병원,이정희,종합병원,인천
2071,유지,얼라이브 피부과의원,서성락,의원,서울
2072,유지,대전예쁨주의쁨의원,김보영,의원,대전
2073,유지,자라다의원,류정규,의원,서울
2074,유지,미파문피부과의원,문득곤,의원,서울
2075,유지,좋은삼선병원,구자성,종합병원,부산
2076,유지,서울좋은치과병원,유종한,치과병원,충북
2077,유지,로담한의원 부산,조현기,한의원,부산
2078,유지,리즈온의원,강주희,의원,서울
2079,유지,헤리치과의원,임종희,치과의원,서울
2080,유지,레이디유로비뇨기과의원,이선규,의원,서울
2081,유지,밀리의원,신동하,의원,서울
2082,유지,웰스피부과의원,최원우,의원,서울
2083,유지,메이의원,송태진,의원,서울
2084,유지,오블리제성형외과의원,정재호,의원,대구
2085,유지,규림한의원,하승연,한의원,서울
2086,유지,뷰티온의원 강서점,김지민,의원,서울
2087,유지,뉴엘라인의원,이은실,의원,서울
2088,유지,서울센트럴메디케어의원,최성경,의원,서울
2089,유지,뷰티라운지의원,민선홍,의원,서울
2090,유지,한국건강관리협회 건강증진의원,김인원,의원,서울
2091,유지,리영의원,안상태,의원,서울
2092,유지,오늘의치과의원,이정백,치과의원,서울
2093,유지,닥터파크한의원,박옥주,한의원,서울
2094,유지,꽃보다 이비인후과 의원 ,강일규,의원,인천
2095,유지,포에버의원 청주점,백두산,의원,충북
2096,유지,사상참경희한의원 ,박종설,한의원,경기
2097,유지,서울바르디치과의원,이주리,치과의원,서울
2098,유지,미병원,이희중,병원,서울
2099,유지,눈높이성형외과의원,박성혁,의원,서울
2100,유지,일상의한의원,손하빈,한의원,서울
2101,유지,서울미즈병원,박연이,병원,서울
2102,유지,셀린피부과의원 ,김영훈,의원,서울
2103,유지,서울센트럴정신건강의학과의원,박찬민,의원,서울
2104,유지,거인병원,이승준,병원,부산
2105,유지,광안리동백나무치과의원,김상율,치과의원,부산
2106,유지,삼성드림이비인후과의원,허세형,의원,서울
2107,유지,유앤아이의원 명동점,임지혜,의원,서울
2108,유지,스킨메디피부과의원,홍광철,의원,서울
2109,유지,닥터소녀로의원,김정인,의원,서울
2110,유지,더 소중한 여성의원,홍인경,의원,서울
2111,유지,씨에스한방병원,신현택,한방병원,경기
2112,유지,굿윌치과병원,방민기,치과병원,부산
2113,유지,연세로이외과의원,최석경,의원,경기
2114,유지,명가한방병원,김동석,한방병원,광주
2115,유지,유픽의원,이성우,의원,서울
2116,유지,더서울치과,박현성,치과의원,경기
2117,유지,튼튼마디한의원 부산점,신영균,한의원,부산
2118,유지,한강수성형외과의원,이정환,의원,서울
2119,유지,청라아이맘한의원,강은성,한의원,인천
2120,유지,이즈의원,허가영,의원,서울
2121,유지,더 탄탄병원,김도훈,병원,부산
2122,유지,청담쥬넥스 피부과의원,성기수 외 1명,의원,서울
2123,유지,이룩치과,이준상,치과의원,경기
2124,유지,미담한의원 ,최형준,한의원,부산
2125,유지,바노바기의원,함영찬,의원,대전
2126,유지,예스성형외과,최경범,의원,경기
2127,유지,림피부과의원,신자경,의원,서울
2128,유지,메디스캔의원,박준균,의원,서울
2129,유지,영종센트럴피부과,최민정,의원,인천
2130,유지,뮬리성형외과의원,민장환,의원,서울
2131,유지,리라피부과의원,오두진,의원,서울
2132,유지,케이셀의원,김근환,의원,서울
2133,유지,바로그의원 서면역점,박성규,의원,부산
2134,유지,포항세명기독병원,한동선,종합병원,경북
2135,유지,로사의원,진로사,의원,서울
2136,유지,라포엘의원,이주형,의원,서울
2137,유지,압구정밝은안과의원,현준일,의원,서울
2138,유지,닥터포유의원,박혜성,의원,서울
2139,유지,광화문헤리티크피부과의원,김정엽,의원,서울
2140,유지,닥터정 리반의원,정연호,의원,서울
2141,유지,빛채운피부과의원,이동원,의원,서울
2142,유지,부평센트럴치과,김영진,치과의원,인천
2143,유지,피니쉬 성형외과의원,박귀용,의원,서울
2144,유지,경희 랜드마크 한의원,송창규,한의원,인천
2145,유지,생생마취통증의학과의원,신현동,의원,서울
2146,유지,부평소호치과,박민정,치과의원,인천
2147,유지,파인힐병원,박정미,병원,울산
2148,유지,닥터디자이너의원 대구죽전,박병준,의원,대구
2149,유지,천인지한의원,박우희,한의원,서울
2150,유지,연수늘밝은안과의원,김 선 후,의원,인천
2151,유지,미엘르인청담의원,정재윤,의원,서울
2152,유지,좋은습관마취통증의학과의원,김동석,의원,서울
2153,유지,제이원성형외과,홍창일,의원,충북
2154,유지,타미성형외과의원,김종찬,의원,인천
2155,유지,스마일디 치과의원,오수환,치과의원,서울
2156,유지,로웰성형외과의원,김재윤,의원,서울
2157,유지,연세펠리체여성의원,형희선,의원,서울
2158,유지,예스(Yes)피부과의원,이슬기,의원,인천
2159,유지,양승인부산흉부외과의원,양승인,의원,부산
2160,유지,귤림당한의원,송상열,한의원,경기
2161,유지,르쏘메 의원,이 호,의원,서울
2162,유지,김영진성형외과 의원,김영진,의원,서울
2163,유지,삼성글로벌정형외과,조광석,의원,대구
2164,유지,플라스틱성형외과의원,조현교,의원,광주
2165,유지,그대고운피부과의원,이원구,의원,부산
2166,유지,연세아이미스템의원,안계훈 ,의원,서울
2167,유지,라르떼 의원,김중훈,의원,서울
2168,유지,이비엠한의원,허준영,한의원,서울
2169,유지,진흥원(테스트7),"홍길동, 계월향",의원,강원
2170,유지,아산재건정형외과의원,조훈식,의원,경기
2171,유지,더플랜업의원,김태현,의원,서울
2172,유지,위드성형외과의원,김지혁,의원,서울
2173,유지,오케이한방병원,김건형,한방병원,세종
2174,유지,타임리스피부과의원 ,안재우,의원,서울
2175,유지,모힐의원,홍주형,의원,서울
2176,유지,메디원의원,김 광 국,의원,경기
2177,유지,고슬림외과의원,박재민,의원,서울
2178,유지,오늘안피부과의원,박정환,의원,서울
2179,유지,타이거치과의원,서인석,치과의원,경기
2180,유지,샤인유의원,최병근,의원,서울
2181,유지,프로젝트유의원,이경환,의원,서울
2182,유지,블리비의원,김혜림,의원,서울
2183,유지,신사이사랑치과의원,성요길,치과의원,서울
2184,유지,청담카민의원,최보영,의원,서울
2185,유지,블리비의원,황다영,의원,서울
2186,유지,비비의원,변현섭,의원,서울
2187,유지,참진한의원,이진혁,한의원,서울
2188,유지,코원성형외과의원,김형택,의원,서울
2189,유지,강남아이오케이안과의원,오영삼,의원,서울
2190,유지,연세비에이치의원,이병희,의원,서울
2191,유지,명동리아한의원,이지혜,한의원,서울
2192,유지,리엔장치과의원,최종명,치과의원,서울
2193,유지,뷰티라운지의원,이주현,의원,서울
2194,유지,공간성형외과의원,함기원,의원,서울
2195,유지,강남레옹치과의원,김영삼,치과의원,서울
2196,유지,다움산부인과의원,김민경,의원,서울
2197,유지,에이스타의원,박영민,의원,서울
2198,유지,서울재생치과의원,전준희,치과의원,서울
2199,유지,연세브라이튼안과의원,나영수,의원,서울
2200,유지,연세밸런스재활의학과의원,박홍석,의원,경기
2201,유지,엑스오 성형외과의원,박찬영,의원,서울
2202,유지,대신한의원,이준관,한의원,부산
2203,유지,올바른치과교정과치과의원,김창현,치과의원,대구
2204,유지,예쁨주의쁨의원,이민기,의원,서울
2205,유지,르네여성의원,황인아,의원,대구
2206,유지,제로원성형외과의원,고영일,의원,서울
2207,유지,스카이라인의원,정재현,의원,서울
2208,유지,연세스탠다정형외과의원,장기준,의원,서울
2209,유지,유원한의원,김규형,한의원,서울
2210,유지,사마리아한의원,장정현,한의원,서울
2211,유지,윤슬한의원,백승환,한의원,경남
2212,유지,경희일생한의원,김가람,한의원,서울
2213,유지,중앙치과의원,박종운,치과의원,경기
2214,유지,신림제일정형외과의원,허영재,의원,서울
2215,유지,기댈마취통증의학과의원,김영훈,의원,서울
2216,유지,경희소나무한의원,김경태,한의원,서울
2217,유지,홍대디온의원,민준호,의원,서울
2218,유지,갤러리치과의원,조유나,치과의원,서울
2219,유지,서울시청의원,"류선주, 방화중",의원,서울
2220,유지,리젠치과의원,송대근,치과의원,경기
2221,유지,이로울한의원,장인영,한의원,서울
2222,유지,뇌움한의원,노충구,한의원,서울
2223,유지,심용섭십장생한의원,심용섭,한의원,서울
2224,유지,조은오산병원,김건우,종합병원,경기
2225,유지,이지함피부과의원 ,이유득,의원,서울
2226,유지,제일내과의원,송민준,의원,서울
2227,유지,분당톡스앤필의원,강봉주,의원,경기
2228,유지,삼세한방병원,공복철,한방병원,부산
2229,유지,부평메트로성형외과의원,홍정근,의원,인천
2230,유지,엄지한의원,서재화,한의원,서울
2231,유지,용하다 한의원,황희상,한의원,서울
2232,유지,추병원,추현광,종합병원,경기
2233,유지,블리비의원,이선주,의원,강원
2234,유지,브리에의원,차정윤,의원,서울
2235,유지,위바른내과의원,양경호,의원,인천
2236,유지,아산위드의원 ,어아영 ,의원,경기
2237,유지,엠에스안과의원,박진형,의원,서울
2238,유지,서울휘안과의원,윤재하,의원,서울
2239,유지,원마취통증의학과의원,이은준,의원,대구
2240,유지,무궁화한의원,김다은,한의원,서울
2241,유지,(의)미래의료재단리드림의원,김수정,의원,서울
2242,유지,인천터미널정형외과의원,윤용현,의원,인천
2243,유지,레리의원,오용주,의원,서울
2244,유지,경희우리한방병원,김건우,한방병원,서울
2245,유지,서울오라클치과,오대영,치과의원,부산
2246,유지,김포미즈한방병원,서좌남,한방병원,경기
2247,유지,삼세의료재단 삼세한의원,공복철,한의원,부산
2248,유지,삼성노블의원,김해솔,의원,경기
2249,유지,땡큐서울의원,하정훈,의원,서울
2250,유지,브라이튼피부과의원,신성식,의원,서울
2251,유지,청담비포앤애프터의원,박영빈,의원,서울
2252,유지,리움의원,이진영,의원,충북
2253,유지,더한스피부과의원,한지오,의원,경기
2254,유지,뷰리플한의원,박지훈,한의원,서울
2255,유지,유앤아이의원 대구점,장은영,의원,대구
2256,유지,처음부터 댄의원,손민정,의원,경남
2257,유지,모원성형외과의원,박종옥,의원,서울
2258,유지,청담미소밝은치과의원,윤성원,치과의원,서울
2259,유지,이엘치과의원,노형태,치과의원,서울
2260,유지,성수멜팅의원,박경민,의원,서울
2261,유지,센트럴아이안과의원,권종길,의원,제주
2262,유지,청담루이성형외과의원,이규철,의원,제주
2263,유지,일맥한의원,김용민,한의원,서울
2264,유지,청추나한의원,양운호,한의원,서울
2265,유지,안녕한의원,이예준,한의원,서울
2266,유지,우리안과의원,민병무,의원,대전
2267,유지,센텀비비의원,전형준,의원,부산
2268,유지,루엘의원,임재승,의원,서울
2269,유지,소화연의원,원지혜,의원,경기
2270,유지,벨아미-리노보의원,박태훈,의원,서울
2271,유지,스탠다드치과의원,홍동환,치과의원,서울
2272,유지,니트성형외과의원,국경훈,의원,서울
2273,유지,디오디피부과의원,이준,의원,서울
2274,유지,다미산부인과의원,고상현,의원,서울
2275,유지,더와이즈치과병원,임세웅,치과병원,서울
2276,유지,스탠탑비뇨의학과의원,김도리,의원,서울
2277,유지,강남에스터산부인과의원,강민정,의원,서울
2278,유지,여의도더원의원,이미현,의원,서울
2279,유지,센텀종합병원,박종호,종합병원,부산
2280,유지,셀라성형외과의원,김융수,의원,서울
2281,유지,메이저피부과의원,박정훈,의원,서울
2282,유지,압구정리치모아의원,김동진,의원,서울
2283,유지,아이리드성형외과의원,양진일,의원,부산
2284,유지,빌리브세웅병원,배익현,종합병원,부산
2285,유지,하늘느낌피부과의원,최천필,의원,서울
2286,유지,디에르치과,이정성,치과의원,대전
2287,유지,라벨르의원,박태호,의원,광주
2288,유지,야탑밴스의원,김형준,의원,경기
2289,유지,메이린의원,천관우,의원,경기
2290,유지,명은병원,정은하,병원,부산
2291,유지,바라본성형외과의원,오 현 배,의원,서울
2292,유지,우리베스트내과의원,황금빛,의원,서울
2293,유지,강남365치과의원,김태곤,치과의원,인천
2294,유지,뉴코키아치과병원,나채광,치과병원,경기
2295,유지,르웰의원,이현희,의원,서울
2296,유지,리참성형외과의원,최용성,의원,서울
2297,유지,뷰티온의원 파주운정점,김선영,의원,경기
2298,유지,프로정형외과의원,장석환,의원,서울
2299,유지,다미의원,김세환,의원,서울
2300,유지,코앤핑이비인후과,이호민,의원,부산
2301,유지,알파서울안과의원,김국회,의원,경기
2302,유지,닥터에버스의원,박승용,의원,서울
2303,유지,조아성형외과의원,좌승준,의원,서울
2304,유지,임플라인치과의원,신윤희,치과의원,서울
2305,유지,온누리스마일안과의원,김부기,의원,서울
2306,유지,강서케이병원,홍성우,병원,서울
2307,유지,닥터올린의원,유윤진,의원,서울
2308,유지,하니성형외과의원,최정훈,의원,서울
2309,유지,어나더성형외과의원,지승렬,의원,서울
2310,유지,더바디쉼의원,이상민,의원,서울
2311,유지,박정환내과의원,박정환,의원,서울
2312,유지,뉴민병원,민경준,병원,서울
2313,유지,풀페이스의원,김경선,의원,서울
2314,유지,아프로치과의원,강성훈,치과의원,서울
2315,유지,우리베스트내과의원,우용식,의원,인천
2316,유지,모바른의원,한상보,의원,서울
2317,유지,셀타임의원,경쾌수,의원,서울
2318,유지,코비한의원 ,김수정 ,한의원,서울
2319,유지,쉬즈의원,안선의,의원,부산
2320,유지,센터치과의원,유지연,치과의원,서울
2321,유지,리마인드피부과의원,신은재,의원,서울
2322,유지,포스유치과의원,유상진,치과의원,서울
2323,유지,블리비의원,김성훈,의원,부산
2324,유지,아이호 성형외과 의원,박병호,의원,서울
2325,유지,일공공성형외과의원,이재일,의원,서울
2326,유지,디퍼스트치과의원,구지은,치과의원,서울
2327,유지,비브톤의원 의정부,강민철,의원,경기
2328,유지,필로스의원 ,임용석 ,의원,서울
2329,유지,서울노보스병원,오승용,병원,서울
2330,유지,청담퍼스널의원,나윤진,의원,서울
2331,유지,정웅기성형외과의원,정웅기,의원,서울
2332,유지,더힐피부과의원,고병용,의원,서울
2333,유지,위례닥터스피부과의원,김동주,의원,경기
2334,유지,맘모스헤어라인의원 ,김지석,의원,부산
2335,유지,반석치과보존과치과의원,김반석,치과의원,서울
2336,유지,피에스성형외과의원,이석준,의원,서울
2337,유지,알유(RU)성형외과의원,김현주,의원,서울
2338,유지,청담큐비큐의원,방지영,의원,서울
2339,유지,유앤아이의원 평택점,김현준,의원,경기
2340,유지,포레성형외과의원,김민영,의원,서울
2341,유지,리팅성형외과의원,유한수,의원,부산
2342,유지,닥터뉴셀의원,신용배,의원,서울
2343,유지,더마티스트의원,사효진,의원,인천
2344,유지,단아의원,이은지,의원,서울
2345,유지,두번째봄여성의원,정선화,의원,서울
2346,유지,늘봄요양병원,김영민,기타,경기
2347,유지,콜나움의원,이신,의원,서울
2348,유지,데이뷰의원광주상무,진보경,의원,광주
2349,유지,바라다 한의원,이태현,한의원,서울
2350,유지,서래선치과의원 ,최선희,치과의원,서울
2351,유지,르씨엘의원,이완,의원,대구
2352,유지,e원플란트치과의원,조광,치과의원,서울
2353,유지,미래셀의원,장용준,의원,서울
2354,유지,진심온한의원,임수진,한의원,서울
2355,유지,유앤아이의원,유형석,의원,서울
2356,유지,유픽의원,이욱용,의원,경기
2357,유지,올리브피부과의원,조재영,의원,부산
2358,유지,청담모네의원,김수연,의원,서울
2359,유지,애플산부인과의원,정지윤,의원,서울
2360,유지,뷰티유의원,장란이,의원,서울
2361,유지,성모메트로정형외과,현낙민,의원,경기
2362,유지,엔디어트의원,최윤석,의원,서울
2363,유지,시스템치과의원,정지안,치과의원,서울
2364,유지,상쾌한비뇨의학과의원,김영빈,의원,경기
2365,유지,화사랑병원,김세연,병원,경남
2366,유지,와이퀸산부인과의원,김지연,의원,서울
2367,유지,유진스의원,정유진,의원,서울
2368,유지,시원병원,설종환,병원,광주
2369,유지,뮤즈의원,임사랑,의원,서울
2370,유지,뷰티라운지의원,김혜린,의원,서울
2371,유지,아비쥬의원,강명신,의원,서울
2372,유지,의료법인 성신의료재단 다대수병원,차은하,병원,부산
2373,유지,강남모아치과의원,김진우,치과의원,서울
2374,유지,포미엘의원,강현수,의원,경기
2375,유지,블리비의원,이하늘,의원,부산
2376,유지,밴스의원 부산,김기범,의원,부산
2377,유지,미앤아이한의원,김시현,한의원,부산
2378,유지,소이의원,소지현,의원,서울
2379,유지,포엔의원,도한울,의원,서울
2380,유지,연세힐치과의원,정현준,치과의원,서울
2381,유지,효안과의원,이효,의원,대전
2382,유지,얼루어성형외과의원,엄예슬,의원,서울
2383,유지,뉴데이성형외과의원,김형록,의원,서울
2384,유지,리더스피부과의원,노낙경,의원,서울
2385,유지,실로암안과병원,곽선희,병원,서울
2386,유지,뮤즈의원,김재민,의원,경기
2387,유지,헤라성형외과의원,이병민,의원,경기
2388,유지,초이스성남복음 의원,서장기,의원,경기
2389,유지,파티마외과의원,이종수,의원,경기
2390,유지,그리니피부과의원,김성민,의원,서울
2391,유지,메이트 성형외과의원,김근식,의원,서울
2392,유지,올림안과의원,이기일,의원,서울
2393,유지,리우라인의원,권지원,의원,서울
2394,유지,이오의원,정이호,의원,서울
2395,유지,미앤미의원,김범회,의원,경기
2396,유지,루비의원,유자영,의원,서울
2397,유지,브라이트피부과의원,김태한,의원,서울
2398,유지,유앤아이피부과의원,강부경,의원,서울
2399,유지,청담해리슨송도병원,장근수,병원,인천
2400,유지,뷰티바성형외과의원,김은연,의원,서울
2401,유지,소우주한방병원,조기용,한방병원,서울
2402,유지,원더플란트치과의원 ,이인우,치과의원,서울
2403,유지,플렉스피부과의원,최선철,의원,서울
2404,유지,닥터에버스의원,남다정,의원,서울
2405,유지,엔케이라피움한방병원,유상욱,한방병원,대구
2406,유지,마인드피부과의원,이홍선,의원,서울
2407,유지,맑을아의원,조성아,의원,서울
2408,유지,오쥬드한의원,이재온,한의원,서울
2409,유지,청담퍼스트성형외과의원,성진모,의원,서울
2410,유지,에이비한의원,오창훈,한의원,서울
2411,유지,파크포레의원,박현걸,의원,서울
2412,유지,강남헤라성형외과의원,김종선,의원,서울
2413,유지,발머스한의원,신금지,한의원,경기
2414,유지,연세안마취통증의학과 의원,조남룡,의원,경기
2415,유지,강남라인한의원,하진원,한의원,서울
2416,유지,유유의원,권유경,의원,서울
2417,유지,청담오아로피부과의원,박지호,의원,서울
2418,유지,유앤아이의원 대전점,이원진,의원,대전
2419,유지,애플산부인과의원,김재령,의원,경기
2420,유지,라인앤뷰의원,정재호,의원,서울
2421,유지,예온치과병원,장선호,치과병원,인천
2422,유지,구앤장마취통증의학과피부과의원,장인영,의원,서울
2423,유지,압구정연세안과의원,이동호,의원,서울
2424,유지,예바치과교정과의원,박정희,치과의원,부산
2425,유지,디캐럿의원,정재은,의원,서울
2426,유지,성남예치과병원,이재광,치과병원,경기
2427,유지,한국보건산업진흥원(테스트7),한국보건산업진흥원(테스트7),종합병원,충북
2428,유지,포르테의원,김홍민,의원,서울
2429,유지,뉴욕더원치과의원,최혜원,치과의원,부산
2430,유지,연세숲내과의원,김채원,의원,서울
2431,유지,카린의원,제서진,의원,서울
2432,유지,원치과의원,유현진,치과의원,서울
2433,유지,멜로우피부과의원,박복원,의원,서울
2434,유지,세이프플란트치과의원,이창규,치과의원,서울
2435,유지,강남연세라인의원,안성환,의원,서울
2436,유지,바른약속치과의원,김진,치과의원,서울
2437,유지,셀 앤 케이 의원,홍창기,의원,서울
2438,유지,강남이오스안과의원,오정우,의원,서울
2439,유지,닥터퀸스의원,이글라라,의원,서울
2440,유지,델픽의원,김현지,의원,서울
2441,유지,리앤채움의원,이석희,의원,서울
2442,유지,꾸밈치과의원,김창배,치과의원,경기
2443,유지,건대톡스앤필의원,한우현,의원,서울
2444,유지,부산맥스웰피부과의원,김택훈,의원,부산
2445,유지,뷰커스의원,채정완,의원,서울
2446,유지,우아한여성의원,이동희,의원,서울
2447,유지,쏘울성형외과의원 의정부점,엄수진,의원,경기
2448,유지,뷰티앤디지털치과병원,박정근,치과병원,경기
2449,유지,정은재바른이치과교정과치과의원,정은재,치과의원,대구
2450,유지,홍대셀레나의원,이상경,의원,서울
2451,유지,연세세브란스치과의원,박성우,치과의원,경기
2452,유지,클라시코의원,송기정,의원,서울
2453,유지,비트윈성형외과의원,이지환,의원,서울
2454,유지,바른세상병원,서동원,병원,경기
2455,유지,더뉴치과의원,정준,치과의원,서울
2456,유지,우아한피부과의원,이상형,의원,경기
2457,유지,동국대학교일산불교병원,백용해,종합병원,경기
2458,유지,모두모의원,이수익,의원,대구
2459,유지,바디업의원,양승업,의원,서울
2460,유지,이미지치과,지진우,치과의원,대구
2461,유지,쁨글로벌의원,채고운,의원,부산
2462,유지,큐오필의원,최철,의원,서울
2463,유지,시네마의원,박재현,의원,서울
2464,유지,모프로의원,문건학,의원,서울
2465,유지,서울제일마취통증의학과의원,이영주,의원,서울
2466,유지,김지연위쉬성형외과의원,김지연,의원,서울
2467,유지,닥터에버스 의원,오로지,의원,인천
2468,유지,청담엔샤인의원,조진형,의원,서울
2469,유지,이진호성형외과의원,이진호,의원,서울
2470,유지,다미인한의원,최수홍,한의원,부산
2471,유지,청담디어의원,김제민,의원,서울
2472,유지,윌성형외과의원,위형곤,의원,서울
2473,유지,나인피부과의원,최현석,의원,서울
2474,유지,세모아의원,백경돈,의원,경기
2475,유지,한티닥터스피부과의원,박재양,의원,서울
2476,유지,새론바디의원,오세림,의원,서울
2477,유지,뷰티파크의원,박주현외 1명,의원,대구
2478,유지,삼성더블의원,지용훈,의원,서울
2479,유지,광주기독병원,권용식,종합병원,광주
2480,유지,부산서울하정외과,이상민,의원,부산
2481,유지,보셀르의원,김기범,의원,서울
2482,유지,리젠의원,신영근,의원,서울
2483,유지,아르네의원,전수빈,의원,경기
2484,유지,블리비의원,심정은,의원,경기
2485,유지,리본성형외과의원,박재현,의원,서울
2486,유지,실루엣성형외과의원,윤상엽,의원,서울
2487,유지,플래티넘의원,이동규,의원,서울
2488,유지,블리비의원,옥지혜,의원,울산
2489,유지,트로이성형외과의원,임영수,의원,서울
2490,유지,닥터스피부과의원,장희선,의원,서울
2491,유지,벤자민피부과의원,노성민,의원,서울
2492,유지,새나의원,최나영,의원,부산
2493,유지,리멤버피부과의원,윤도경,의원,서울
2494,유지,상상의원,박성민,의원,대전
2495,유지,비브이의원,서강열,의원,서울
2496,유지,하예스킨의원,김지현,의원,서울
2497,유지,디오레의원,이광렬,의원,서울
2498,유지,청담봄온의원,도원규,의원,서울
2499,유지,연세더바로병원,박영목,병원,경기
2500,유지,패러다임피부과의원,김종백,의원,경기
2501,유지,청담은피부과의원,김태은,의원,서울
2502,유지,세시간치과의원,선정연,치과의원,서울
2503,유지,소요의원,이현주,의원,서울
2504,유지,태전플란트치과의원,정희원,치과의원,경기
2505,유지,(사)한국건강관리협회부산광역시서부지부,김인원,의원,부산
2506,유지,바른길병원,김대욱,병원,부산
2507,유지,서울선(SUN)치과병원,배광학,치과병원,경기
2508,유지,세이예스의원,오일영,의원,서울
2509,유지,일치 성형외과 의원,문형석,의원,서울
2510,유지,연세다움병원,강동민,병원,경기
2511,유지,메이크치과의원,안영석,치과의원,서울
2512,유지,데이뷰의원,서명완,의원,서울
2513,유지,바바성형외과의원,조성은,의원,서울
2514,유지,데이뷰의원,임정욱,의원,서울
2515,유지,타임뷰의원,오윤진,의원,경기
2516,유지,신세계 안 피부과 의원,안지수,의원,서울
2517,유지,속바른내과의원,김준모,의원,부산
2518,유지,세예의원,이은솔,의원,서울
2519,유지,예쁜미인성형외과의원,이장혁,의원,서울
2520,유지,노블클래식의원,강일상,의원,경기
2521,유지,온리영의원,전은수,의원,충남
2522,유지,베이스피부과의원,김병수,의원,부산
2523,유지,상동바른마취통증의학과의원,최헌우,의원,경기
2524,유지,여의도상한가의원,변지현 외 1명,의원,서울
2525,유지,미노성형외과의원,윤민호,의원,서울
2526,유지,로아한의원,장석원,한의원,서울
2527,유지,강남스마트신경과의원,권하님,의원,서울
2528,유지,미소가인피부과의원,조도연외 1명,의원,경기
2529,유지,아름라인의원,이중근,의원,서울
2530,유지,제주삼성안과의원,최상일,의원,제주
2531,유지,셀더영의원,정소영,의원,서울
2532,유지,에스엔브이의원,정채린,의원,서울
2533,유지,휴먼피부과의원,변상영,의원,서울
2534,유지,비오메드요양병원,김강산,기타,전남
2535,유지,트로피 피부과 의원,김희정,의원,서울
2536,유지,스마일스튜디오치과의원,김영경,치과의원,서울
2537,유지,샤인유의원,나윤미,의원,서울
2538,유지,아린한의원,채승석,한의원,서울
2539,유지,이현재피부과의원,이현재,의원,부산
2540,유지,연세디앤유치과의원,남상욱,치과의원,인천
2541,유지,은평더맑은의원,최유라,의원,서울
2542,유지,투명피부과의원,박현철,의원,서울
2543,유지,유리움한의원,오유리,한의원,서울
2544,유지,베일러의원 ,강지민,의원,서울
2545,유지,라인마스터의원,하창욱,의원,서울
2546,유지,플란치과병원,하정식,치과병원,부산
2547,유지,힐하우스 피부과의원,김종식,의원,경기
2548,유지,연세솔안과의원,우영제,의원,서울
2549,유지,방지성에이스의원,방지성,의원,서울
2550,유지,웰스피부과의원,최준석,의원,서울
2551,유지,연세리즈의원,강인호,의원,서울
2552,유지,올라인의원,나민균,의원,서울
2553,유지,리쥬엘의원 동성로점,강인규,의원,대구
2554,유지,프리디크의원,김혜원,의원,서울
2555,유지,예젤의원,이상욱,의원,서울
2556,유지,서울신세계안과의원,이경섭,의원,서울
2557,유지,서울본브릿지병원,정종원,병원,서울
2558,유지,히즈메디병원,유현수,병원,경기
2559,유지,구로 끗 한의원,장승한,한의원,서울
2560,유지,바른손치과의원,임재형,치과의원,충남
2561,유지,참조은치과병원,신용문,치과병원,충북
2562,유지,달비성형외과의원,변진환,의원,서울
2563,유지,뮬피부과의원,최윤덕,의원,부산
2564,유지,푸른세상안과 파주점,김모세,의원,경기
2565,유지,바이킴피부과의원,김광훈,의원,경기
2566,유지,강남에프엠의원,안현지,의원,서울
2567,유지,휴먼피부과의원 ,방찬일,의원,서울
2568,유지,블루미의원,김좌진,의원,서울
2569,유지,강남웰니스내과의원,정인호 ,의원,서울
2570,유지,세린의원,김세림,의원,서울
2571,유지,새숨병원,박준범,병원,서울
2572,유지,의료법인 사랑나무의료재단 서수원병원,서동원,병원,경기
2573,유지,휴내과의원,정지중,의원,경기
2574,유지,원스의원,이해인,의원,서울
2575,유지,조은날의원,임기학,의원,서울
2576,유지,시티병원,임경삼,병원,경북
2577,유지,미니쉬치과의원,이주홍,치과의원,서울
2578,유지,글로리 의원,이호,의원,서울
2579,유지,스카이한방병원,왕공덕,한방병원,인천
2580,유지,네스트의원 ,주소희,의원,서울
2581,유지,수담의원,박우진,의원,서울
2582,유지,프리미의원,원대한,의원,서울
2583,유지,리뉴미피부과,최우진,의원,경기
2584,유지,예작비뇨의학과의원,문일,의원,서울
2585,유지,프라이즈피부과의원,김미선,의원,서울
2586,유지,이은피부과의원,이은,의원,서울
2587,유지,딜라이트피부과의원,윤상열,의원,서울
2588,유지,박종수신경외과의원,박종수,의원,서울
2589,유지,팽팽의원,조민영,의원,서울
2590,유지,르에이치의원,백승하,의원,서울
2591,유지,동래로덴치과병원,김동진,치과병원,부산
2592,유지,디아브 의원,권오승,의원,서울
2593,유지,루미인 피부과의원,최재원,의원,서울
2594,유지,오수진피부과의원,오수진,의원,서울
2595,유지,코코아이성형외과의원,강동훈,의원,서울
2596,유지,서울톤피부과의원,김진용,의원,서울
2597,유지,하늘안과의원,이창건,의원,서울
2598,유지,진주 수 병원,이성표,병원,경남
2599,유지,아트너의원 죽전점,박지현,의원,대구
2600,유지,라마르 프리미어 의원,윤의상,의원,경기
2601,유지,삼성쑥쑥성장소아청소년과의원,박성원,의원,서울
2602,유지,예온치과의원,손예준,치과의원,인천
2603,유지,후즈후피부과의원,김충재,의원,서울
2604,유지,제이엠 김정민 피부과의원,김정민,의원,서울
2605,유지,본피부과의원,안용섭,의원,서울
2606,유지,홀드의원,강대영,의원,서울
2607,유지,청담청아의원,이정진,의원,서울
2608,유지,경희지키미한의원,김초영,한의원,경기
2609,유지,더웰니스의원,김혜진,의원,서울
2610,유지,닥터스피부과의원,최병곤,의원,서울
2611,유지,검단탑병원,이준섭,종합병원,인천
2612,유지,맑고고운라벨라의원,조현진,의원,서울
2613,유지,강남더의원,이호원,의원,서울
2614,유지,아이비라인치과의원,정건성,치과의원,서울
2615,유지,살롱드닥터튠즈의원,나지혜,의원,서울
2616,유지,클래식피부과의원,조규민,의원,서울
2617,유지,라인앤코한의원,공덕현,한의원,서울
2618,유지,서울선샤인치과의원,김지선,치과의원,서울
2619,유지,영영영의원,임항,의원,서울
2620,유지,청담이음엘의원,남궁승연,의원,서울
2621,유지,365아홉가지약속치과,공정인,치과병원,충남
2622,유지,더웰샘한방병원,남여정,한방병원,서울
2623,유지,의료법인 풍진의료재단 스마트허브병원,김종복,병원,경기
2624,유지,제니의원,조민정,의원,서울
2625,유지,리핏의원,김성욱,의원,서울
2626,유지,우유빛의원,우민지,의원,서울
2627,유지,닥터고운선의원,이동훈,의원,서울
2628,유지,티아나성형외과의원,최항석,의원,서울
2629,유지,더힐피부과의원,김건,의원,서울
2630,유지,연세정원치과의원,윤정원,치과의원,서울
2631,유지,신도림서울정형외과의원,김동환,의원,서울
2632,유지,에센스치과의원,홍성범,치과의원,경기
2633,유지,스노우의원,오찬식,의원,충북
2634,유지,상상의원,한용운,의원,서울
2635,유지,청담마이의원,강은희,의원,서울
2636,유지,티업의원,김남훈,의원,서울
2637,유지,오아로피부과의원,김준환,의원,서울
2638,유지,닥터오의원,오정민,의원,서울
2639,유지,팅의원,배지호,의원,서울
2640,유지,케이뷰티성형외과의원,유헌,의원,경기
2641,유지,디원치과의원,이선희,치과의원,서울
2642,유지,강남닥터에버스의원,남기진,의원,서울
2643,유지,더플러스병원,박상욱,병원,경기
2644,유지,바로미의원,유재욱,의원,서울
2645,유지,설플란트치과의원,박지수,치과의원,대구
2646,유지,신사디온의원,박진호,의원,서울
2647,유지,닥터에버스의원 ,김지수,의원,서울
2648,유지,리겐의원,이경미,의원,인천
2649,유지,밴스의원,주하연,의원,서울
2650,유지,슬림핏한의원,박소현,한의원,부산
2651,유지,아이리스피부과의원,최주연,의원,서울
2652,유지,연세파미에치과의원,배진혁,치과의원,서울
2653,유지,갤러리아피부과의원,오승준,의원,서울
2654,유지,한국보건산업진흥원(테스트7),한국보건산업진흥원(테스트7),의원,충북
2655,유지,예스서울치과,김보미,치과의원,인천
2656,유지,시선성형외과의원,신재훈,의원,서울
2657,유지,유투성형외과의원,"나수정, 황재홍",의원,서울
2658,유지,율치과의원,조재민,치과의원,대구
2659,유지,안성열성형외과피부과의원,안성열,의원,서울
2660,유지,서울에이치피부과의원,김형수,의원,서울
2661,유지,헤이데이의원 명동점,이관응,의원,서울
2662,유지,의료법인 갈렌의료재단 PMC박병원,박진규,종합병원,경기
2663,유지,오호성형외과의원,박강균,의원,서울
2664,유지,퀸스유피에스영상의학과의원,임윤진,의원,서울
2665,유지,믿음플란트치과의원,우청명 ,치과의원,경기
2666,유지,서울 쏙쏙치과의원,박상억,치과의원,서울
2667,유지,플래뉴의원,고대우,의원,서울
2668,유지,선릉 디온의원,황현호,의원,서울
2669,유지,코스비한의원,오창선,한의원,부산
2670,유지, 메이드미성형외과원,노유환,의원,서울
2671,유지,올케어 성형외과 의원,유성훈,의원,서울
2672,유지,고운미피부과의원,정현주,의원,대구
2673,유지,멜로우피부과의원,천동욱,의원,서울
2674,유지,동대문치과의원,김정찬,치과의원,서울
2675,유지,더블유스타일치과의원,노원종,치과의원,서울
2676,유지,닥터스피부과의원 광주상무점,유혜린,의원,광주
2677,유지,건대 예쁨주의  쁨 의원,박훤함,의원,서울
2678,유지,리터닝성형외과의원,김용우,의원,서울
2679,유지,청담엔케이피부과의원,노남경,의원,서울
2680,유지,오르타의원,강현선,의원,서울
2681,유지,유앤아이의원,박영미 ,의원,서울
2682,유지,오체안피부과의원 과천점,송효상,의원,경기
2683,유지,로앤산부인과의원,이광배,의원,대구
2684,유지,마리플란트치과의원,송수현,치과의원,대전
2685,유지,리모성형외과의원,권영훈,의원,서울
2686,유지,목동공감한의원,공인성,한의원,서울
2687,유지,타토아의원,최동준,의원,서울
2688,유지,서울매일치과병원,남중우,치과병원,강원
2689,유지,은평우태하피부과의원,이용환,의원,서울
2690,유지,모찌의원,장유희,의원,서울
2691,유지,더윤피부과의원,윤영훈,의원,서울
2692,유지,바른송치과의원,송용진,치과의원,서울
2693,유지,양산아이들치과,김민수,치과의원,경남
2694,유지,더픽스성형외과 의원,최동훈,의원,서울
2695,유지,서울단꿈치과의원,이성복,치과의원,경기
2696,유지,닥터핏 의원,최정국,의원,서울
2697,유지,벨로의원,김지현,의원,서울
2698,유지,드림페이스의원,이경수,의원,서울
2699,유지,새사랑한의원,임영남,한의원,서울
2700,유지,예라인의원,황의경,의원,서울
2701,유지,고든몸한의원,서승모,한의원,부산
2702,유지,제주이엠365의원,강은진,의원,제주
2703,유지,케이치과병원,김미애,치과병원,서울
2704,유지,동편부부한의원,이주영,한의원,경기
2705,유지,뮤즈의원 분당,황성현,의원,경기
2706,유지,뮤즈의원,남은정,의원,인천
2707,유지,르네의원,문성호,의원,인천
2708,유지,의료법인 서명의료재단 세명종합병원,최영욱,종합병원,경북
2709,유지,닥터디자이너의원명동점,문숙영,의원,서울
2710,유지,루미에의원,이정아,의원,서울
2711,유지,바라봄피부과의원,이상근,의원,경기
2712,유지,로바에 의원,박서영,의원,서울
2713,유지,오운의원,박준영,의원,서울
2714,유지,서울원 피부과 의원,백승환,의원,서울
2715,유지,당신만의가치벨유의원,이승현,의원,서울
2716,유지,아젤린의원,이두영,의원,경기
2717,유지,미모드림의원,봉수정,의원,서울
2718,유지,강남셀리팅의원,이영미,의원,서울
2719,유지,아이니의원,김민승,의원,서울
2720,유지,하이맵의원,이희창,의원,서울
2721,유지,서울라라치과의원,장 수정,치과의원,서울
2722,유지,서울올업피부과의원,김병욱,의원,서울
2723,유지,클레어성형외과의원,한진호,의원,서울
2724,유지,바로그의원 포항점,유진택,의원,경북
2725,유지,반석위치과의원,김대훈,치과의원,대전
2726,유지,에이치에스의원,김홍섭,의원,서울
2727,유지,두나한의원,김효경,한의원,서울
2728,유지,유어타임성형외과의원,곽찬이,의원,서울
2729,유지,도움의원,김현지,의원,서울
2730,유지,베러미의원,신해나,의원,서울
2731,유지,(테스트)진흥원 이현구,(테스트) 이현구,병원,충북
2732,유지,바로그의원 덕천점,이용재,의원,부산
2733,유지,앙즈로여성병원,박덕련,병원,충남
2734,유지,프리아의원,황정원,의원,서울
2735,유지,다이트한의원,이동훈,한의원,부산
2736,유지,유앤아이의원 구로점,전한별,의원,서울
2737,유지,연세한강병원,주종환,병원,서울
2738,유지,압구정 맘모스헤어라인의원,석지웅,의원,서울
2739,유지,셀러블153강남의원,서운영,의원,서울
2740,유지,경승현 치과교정과 치과의원,경승현,치과의원,경기
2741,유지,리샘한의원 대구점,박희연,한의원,대구
2742,유지,트리옹프닥터의원,박정원,의원,서울
2743,유지,잇츠미성형외과,허준,의원,인천
2744,유지,리드성형외과의원,임준호,의원,서울
2745,유지,부산광역시의료원,김휘택,종합병원,부산
2746,유지,아름다움을 써내려가다 에피소드 의원,서민호,의원,서울
2747,유지,삼일병원,김지건,종합병원,대구
2748,유지,사유정신건강의학과의원,이동한,의원,서울
2749,유지,이앤미치과병원,김정원,치과병원,부산
2750,유지,원진치과의원,박재형,치과의원,서울
2751,유지,해운대자생한방병원,김상돈,한방병원,부산
2752,유지,뷰티라운지의원,이지연,의원,경기
2753,유지,윤곽의정석성형외과의원,오정석,의원,서울
2754,유지,강남이룸안과의원,박성제,의원,서울
2755,유지,나은내일한의원,정창운,한의원,인천
2756,유지,헤어온의원,안형석,의원,서울
2757,유지,비올라셀성형외과의원,김영준,의원,서울
2758,유지,의료법인 고려의료재단 부산고려병원,김철,병원,부산
2759,유지,건대닥터쁘띠의원,오정섭,의원,서울
2760,유지,하피스의원,성연재,의원,서울
2761,유지,휴먼피부과의원,계지원,의원,경기
2762,유지,모두탑365정형외과의원,조우인,의원,인천
2763,유지,연수퍼스트치과의원,이기녕,치과의원,인천
2764,유지,국군수도병원,석웅,종합병원,경기
2765,유지,마이셀의원,방형석,의원,서울
2766,유지,첫눈애안과의원,윤삼영,의원,서울
2767,유지,홍대아이디의원,이홍우,의원,서울
2768,유지,퍼스트치과의원,기우애,치과의원,인천
2769,유지,우리내과의원,유두열 ,의원,서울
2770,유지,명동2호점밴스의원,박정철,의원,서울
2771,유지,더마주피부과의원,김주영,의원,서울
2772,유지,영영성형외과의원,허재영,의원,서울
2773,유지,이살리는치과의원,김성호,치과의원,서울
2774,유지,강남서연성형외과의원,최동일,의원,서울
2775,유지,연세봄빛피부과의원,최윤진,의원,서울
2776,유지,닥터스피부과의원,정성규,의원,서울
2777,유지,청담란셀의원 ,박혜란 ,의원,서울
2778,유지,바우스의원,고영상,의원,서울
2779,유지,올림픽123한의원,김태인,한의원,서울
2780,유지,달려라한의원,김기현,한의원,경기
2781,유지,제로피부과의원,오의현,의원,서울
2782,유지,브니엘산부인과,박경원,의원,부산
2783,유지,강남스마일안과의원,염동주,의원,서울
2784,유지,서울오브치과병원,정준홍,치과병원,서울
2785,유지,글로벌치과의원,이수형,치과의원,서울
2786,유지,반도체55플란트치과의원,김민종,치과의원,경기
2787,유지,이편한세상치과의원 화곡점,심규환,치과의원,서울
2788,유지,닥터에버스의원,정지현,의원,서울
2789,유지,소수의원,박소현,의원,서울
2790,유지,서울로움산부인과의원 ,정선영,의원,서울
2791,유지,마이디 피부과 의원 ,안봉균,의원,서울
2792,유지,클림의원 명동점,김현옥,의원,서울
2793,유지,서울뉴라인의원,양은건,의원,제주
2794,유지,가로세로한의원,김지희,한의원,서울
2795,유지,알앤우드성형외과의원,류민희,의원,서울
2796,유지,센텀타워치과,김구호,치과의원,부산
2797,유지,더스완성형외과의원,황성호,의원,서울
2798,유지,김연진의 퓨린피부과의원,김연진,의원,서울
2799,유지,모앤제일의원,홍관의,의원,서울
2800,유지,서울선정형외과의원,박광선,의원,서울
2801,유지,에스코비한의원,안홍식,한의원,서울
2802,유지,리프티크 피부과의원,원용연,의원,서울
2803,유지,강남닥터우성형외과의원,이승우,의원,경남
2804,유지,더베이지의원,강리리,의원,서울
2805,유지,누브의원,이선우,의원,서울
2806,유지,서울프라임내과의원,이준영,의원,경기
2807,유지,유앤아이의원 부천점,김상아,의원,경기
2808,유지,세종스포츠정형외과의원,김진수,의원,서울
2809,유지,스노우의원 일산점,김성훈,의원,경기
2810,유지,서울글로우안과의원,차용재,의원,서울
2811,유지,맑은윤의원,윤지현,의원,경기
2812,유지,에딧성형외과의원,윤동현,의원,서울
2813,유지,덕천퍼스트치과,금동호,치과의원,부산
2814,유지,메디컬오한의원,장동훈,한의원,서울
2815,유지,타겟성형외과의원,서우진,의원,서울
2816,유지,브이모먼트 의원,최승운,의원,서울
2817,유지,청담에이스의원,김형우,의원,서울
2818,유지,황순정구강악안면외과치과의원,황순정,치과의원,서울
2819,유지,클림의원,윤정민,의원,서울
2820,유지,톤즈의원,유미선,의원,경기
2821,유지,비에프작은별피부과의원,김대현,의원,서울
2822,유지,아르스킨의원,홍현석,의원,서울
2823,유지,서울예봄치과의원,류예은,치과의원,서울
2824,유지,이즈맘산부인과,황순혁,의원,경기
2825,유지,조이플성형외과의원,정지은,의원,서울
2826,유지,데이뷰의원 명동점,김영수,의원,서울
2827,유지,신논현톡스앤필의원,권용휘,의원,서울
2828,유지,그림성형외과의원,구상환,의원,서울
2829,유지,알면한의원,김민환,한의원,서울
2830,유지,더리버피부과의원,강인정,의원,서울
2831,유지,에이브의원,박준형,의원,서울
2832,유지,명동리베리의원,백승재,의원,서울
2833,유지,아란의원,이아란,의원,서울
2834,유지,다시온의원,김혜리,의원,서울
2835,유지,아비쥬의원,김재욱,의원,서울
2836,유지,셀린의원 명동점,민경민,의원,서울
2837,유지,셀레스티얼의원,강미지,의원,서울
2838,유지,강남브라운치과의원,김정우,치과의원,서울
2839,유지,송도오라클피부과,이시협,의원,인천
2840,유지,셀이즈의원,안영찬,의원,서울
2841,유지,아이비성형외과의원,임동훈,의원,서울
2842,유지,참포도나무병원,이동엽,병원,서울
2843,유지,비포애프성형외과의원,박재범,의원,대전
2844,유지,연세리움의원,김지민,의원,서울
2845,유지,메디포맨 남성의원,견중기,의원,인천
2846,유지,라인피부과의원,장인강,의원,서울
2847,유지,강서힘찬병원,김성민,병원,서울
2848,유지,멜로우피부과의원,권형일,의원,서울
2849,유지,미소모아치과,서진덕,치과의원,울산
2850,유지,하나에희망의원,서정권,의원,서울
2851,유지,미우성형외과,이정엽,의원,제주
2852,유지,다비코이비인후과의원,황선진,의원,서울
2853,유지,하모니성형외과의원,유선혜,의원,서울
2854,유지,강남 리쥬엘의원,조현근,의원,서울
2855,유지,닥터스피부과의원 다산점,최용우,의원,경기
2856,유지,서울베스트비뇨의학과의원,유상현,의원,서울
2857,유지,윤수정의원,윤수정,의원,서울
2858,유지,멜로우피부과의원,김태림,의원,서울
2859,유지,보미퍼스트치과의원,문상욱,치과의원,인천
2860,유지,원흥바른신경외과의원,이우진,의원,경기
2861,유지,서울에스와이피부과의원,김수영,의원,서울
2862,유지,면력한방병원,황이준,한방병원,서울
2863,유지,서울고든병원,배정식,병원,서울
2864,유지,광명77플란트치과의원,장재우,치과의원,경기
2865,유지,제주특별자치도 테스트,제주 테스트,병원,제주
2866,유지,미토셀의원,신국현,의원,서울
2867,유지,푸른맥흉부외과의원,장재한,의원,서울
2868,유지,바로드림치과의원,김진희,치과의원,경기
2869,유지,셀루오의원,강정우,의원,서울
2870,유지,심신한방신경정신과한의원,박선영,한의원,대구
2871,유지,렛츠성형외과의원,최동헌,의원,대구
2872,유지,권선삼성내과의원,정영규,의원,경기
2873,유지,서울니어치과의원,김지호,치과의원,충남
2874,유지,통달한의원,김태현,한의원,서울
2875,유지,닥터에버스검단,김상연,의원,인천
2876,유지,휴먼피부과 광명철산점,박해석,의원,경기
2877,유지,에이스플란트 치과의원,서정우,치과의원,서울
2878,유지,루시다의원,안효석,의원,서울
2879,유지,루셀의원,김윤아,의원,서울
2880,유지,프리샤산부인과의원,김민정,의원,서울
2881,유지,다오의원,김유정,의원,서울
2882,유지,준의원,김기웅,의원,부산
2883,유지,듀이디의원,이다영,의원,서울
2884,유지,오앤영성형외과의원,이규호,의원,서울
2885,유지,디파인 피부과의원,성재민,의원,서울
2886,유지,전주미르치과,정회웅,치과병원,전북
2887,유지,라포레성형외과,이두양,의원,서울
2888,유지,서울바른플란트치과의원,문봉열 외 1인,치과의원,대구
2889,유지,아쥬르의원,한승엽,의원,경기
2890,유지,전주이든치과,유승환,치과의원,전북
2891,유지,서면엘비뇨기과의원,김양후,의원,부산
2892,유지,뷰티온의원 수원망포점,김영진,의원,경기
2893,유지,건주병원,서정무,병원,경기
2894,유지,열린성애병원,박순영,병원,충남
2895,유지,365서울치과의원,이우열,치과의원,서울
2896,유지,동대문 메이퓨어의원,서형철,의원,서울
2897,유지,강남초이스병원,조성태,병원,서울
2898,유지,오아시스피부과의원,손수빈,의원,서울
2899,유지,메디컬오한의원 인천송도점,최문숙,한의원,인천
2900,유지,청담파크 의원,박준철,의원,서울
2901,유지,흥케이병원,김종근,병원,경기
2902,유지,라리안청담의원,강지연,의원,서울
2903,유지,서울다루치과의원,강성진,치과의원,서울
2904,유지,영앤영 성형외과 의원,윤지영,의원,서울
2905,유지,리팅성형외과의원,김재봉,의원,대구
2906,유지,서울스마트치과의원,오휘성,치과의원,인천
2907,유지,블리비의원 청주점,장후화,의원,충북
2908,유지,뷰티블라썸의원,이건호,의원,서울
2909,유지,우리가족치과의원,박진성,치과의원,경기
2910,유지,365베스트치과의원,김지웅,치과의원,인천
2911,유지,송도센트럴내과,정석후,의원,인천
2912,유지,메디원영상의학과내과의원,박원정,의원,서울
2913,유지,어니스트여성의원,조혜진,의원,서울
2914,유지,린여성병원,신봉식,병원,서울
2915,유지,청라365클리어치과,송현정,치과의원,인천
2916,유지,닥터뷰티치과병원,최용석,치과병원,경기
2917,유지,아이에이치 성형외과의원,황정후,의원,서울
2918,유지,동대문밴스의원,유승우,의원,서울
2919,유지,리저브성형외과의원,강경동,의원,부산
2920,유지,청원한의원,한지우,한의원,인천
2921,유지,뚜뚜의원,이유주,의원,서울
2922,유지,좋은날피부과의원,정세영,의원,서울
2923,유지,서울턱치과의원,강진한,치과의원,서울
2924,유지,메디플란트 치과의원,김승록,치과의원,경기
2925,유지,레지움피부과의원,박지현,의원,서울
2926,유지,레픽의원,하용헌,의원,서울
2927,유지,서울본재활의학과의원,장용준,의원,서울
2928,유지,베르니포레의원,이경락,의원,서울
2929,유지,정한방병원,정주영,한방병원,대전
2930,유지,슬찬한방병원,문상현,한방병원,경기
2931,유지,대구365mc병원,서재원,병원,대구
2932,유지,미미썸의원광주점,오준협,의원,광주
2933,유지,미미썸의원 김해점,윤현승,의원,경남
2934,유지,오가나셀피부과의원 마곡점,권승휘,의원,서울
2935,유지,송제니퍼성형외과의원,송제니퍼김,의원,부산
2936,유지,초록마취통증의학과의원,박순희,의원,부산
2937,유지,양재마디튼튼의원,임진영,의원,서울
2938,유지,압구정오라클치과의원,이종국 ,치과의원,서울
2939,유지,영등포밴스의원,송가은,의원,서울
2940,유지,히어피부과의원,이상신,의원,서울
2941,유지,히어산부인과의원,송윤경,의원,서울
2942,유지,청담셀팅의원,윤상아,의원,서울
2943,유지,천안나안과의원,나종경,의원,충남
2944,유지,화이트이치과의원 ,이승규,치과의원,부산
2945,유지,로담한의원,정상우,한의원,서울
2946,유지,호안의원,최준호,의원,서울
2947,유지,서울오라클치과병원,유원,치과병원,경남
2948,유지,비티에프의원,양승헌,의원,서울
2949,유지,더뷰티성형외과의원,정성훈,의원,서울
2950,유지,휴먼피부과의원,박수정,의원,서울
2951,유지,이을피부과의원,윤종현,의원,서울
2952,유지,이특별한치과의원,박현춘,치과의원,부산
2953,유지,예라인의원,이주영,의원,경기
2954,유지,원치윤치과의원,원치윤,치과의원,서울
2955,유지,봄마루의원,이재관,의원,서울
2956,유지,써밋의원,김성곤,의원,서울
2957,유지,제이윤피부과의원,최중윤,의원,서울
2958,유지,디에이도산의원,김유정,의원,서울
2959,유지,반딧불의원,이영주,의원,서울
2960,유지,화성이엠365의원,신형진,의원,경기
2961,유지,샤인이치과의원,차응수,치과의원,충남
2962,유지,보니따의원,정광섭,의원,서울
2963,유지,라베성형외과의원,민형준,의원,인천
2964,유지,비긴성형외과의원,이주철,의원,서울
2965,유지,모두탑365정형외과의원,신상현,의원,경기
2966,유지,한국한센복지협회 강원도지부 부설 복지의원,이영찬,의원,강원
2967,유지,도브의원,이호익,의원,서울
2968,유지,힘찬병원,이수찬,병원,서울
2969,유지,연세본사랑병원,권세광외1명,병원,경기
2970,유지,디에스타의원,윤현주,의원,경기
2971,유지,래인의원,김혜인,의원,서울
2972,유지,안산 마인드치과의원,양재민,치과의원,경기
2973,유지,한국한센복지협회부산지부,이영찬,의원,부산
2974,유지,VIP영상의학과의원,임형근,의원,경기
2975,유지,닥터스피부과의원,배수현,의원,광주
2976,유지,더피크의원,문혜민,의원,서울
2977,유지,글로리 의원,김의진,의원,제주
2978,유지,강남메이퓨어의원 ,최희원,의원,서울
2979,유지,엠밸리치과의원,최세원,치과의원,서울
2980,유지,고덕숲가정의학과의원,박상규,의원,경기
2981,유지,치과다운 치과의원,김성룡,치과의원,경기
2982,유지,포항휴먼피부과의원,류한원,의원,경북
2983,유지,한국한센복지협회경기인천지부부설의원,이영찬,의원,경기
2984,유지,브이에이성형외과의원,김장용,의원,서울
2985,유지,한국한센복지협회제주특별자치도지부부설복지피부과의원,강지언,의원,제주
2986,유지,늘푸른한방병원,왕향란,한방병원,경기
2987,유지,닥터스팟여성의원,노경원,의원,경기
2988,유지,아름다운성형외과의원,손상섭,의원,서울
2989,유지,에젤피부과의원,박지혜,의원,서울
2990,유지,종암연세휴치과의원,박민재,치과의원,서울
2991,유지,한국한센복지협회 대구경북지부부설 복지피부과의원,이영찬,의원,대구
2992,유지,연세돌담치과의원,이나영,치과의원,서울
2993,유지,아이엠치과의원,박주현,치과의원,경기
2994,유지,포인트업의원,김희진,의원,서울
2995,유지,더스케치성형외과의원,오민준,의원,부산
2996,유지,서울온케어의원,이찬용,의원,경기
2997,유지,한국한센복지협회충북.세종지부 부설 충북의원,이영찬,의원,충북
2998,유지,우아미한의원,이정은,한의원,서울
2999,유지,따숨한의원,권한솔,한의원,서울
3000,유지,글로리한의원,김해원,한의원,서울
3001,유지,톡스앤필의원,윤형돈,의원,서울
3002,유지,바이민성형외과의원,강민규,의원,서울
3003,유지,산돌한의원,최가원,한의원,세종
3004,유지,피어봄의원,정승민,의원,인천
3005,유지,사월의봄한의원,진용희,한의원,서울
3006,유지,오엘의원,김형중,의원,서울
3007,유지,바른턱 얼굴 치과의원,김태준,치과의원,인천
3008,유지,미래치과,김희광,치과의원,인천
3009,유지,메르덴치과병원,오재권,치과병원,경기
3010,유지,우리편한내과의원,이광균,의원,서울
3011,유지,데이뷰의원,이택규,의원,인천
3012,유지,세가지소원의원,이용택,의원,서울
3013,유지,달임채한의원,오현민,한의원,인천
3014,유지,마포홍익한의원,추홍민,한의원,서울
3015,유지,순천향대학교 부속 구미병원,서교일,종합병원,경북
3016,유지,한국한센복지협회부설의원,이영찬,의원,경기
3017,유지,우아한방병원,허영현,한방병원,부산
3018,유지,연세미래체크업,최웅규,의원,경기
3019,유지,속편한드림내과의원,남원욱,의원,제주
3020,유지,진심가정의학과의원,유경화,의원,부산
3021,유지,서울니어치과의원,문준호,치과의원,대구
3022,유지,제타리움의원,박태혁,의원,서울
3023,유지,OLE(올래)성형외과 의원,홍기석,의원,서울
3024,유지,모멘텀헤어라인의원,이선민,의원,서울
3025,유지,창한방병원,김창희,한방병원,대구
3026,유지,신사멜로우피부과의원,고영욱,의원,서울
3027,유지,아루다의원,이병도,의원,부산
3028,유지,그랜트피부과의원,김지석,의원,서울
3029,유지,한걸음한의원,이병희,한의원,서울
3030,유지,아비쥬의원강서점,김선욱,의원,서울
3031,유지,더퍼스트피부과의원 (대연),공숙현,의원,부산
3032,유지,한국한센복지협회대전충남지부부설복지의원,이영찬,의원,대전
3033,유지,로즈벨여성의원,성수경,의원,대구
3034,유지,휴먼피부과의원,남궁선,의원,충남
3035,유지,타임안과의원,이종환,의원,서울
3036,유지,멜론성형외과,김주원,의원,서울
3037,유지,센텀리즈온의원,조나라,의원,부산
3038,유지,센텀스타의원,최순호,의원,부산
3039,유지,청담포워드피부과의원,이선복,의원,서울
3040,유지,와이영성형외과,김혜영,의원,서울
3041,유지,반포뉴본한의원,임웅진,한의원,서울
3042,유지,다태나의원,강동현,의원,서울
3043,유지,퍼스트어린이치과의원,박기봉,치과의원,경기
3044,유지,이화한의원,정수정,한의원,서울
3045,유지,행복한여우의원,이상민,의원,경기
3046,유지,연세푸른치과의원,김태남,치과의원,서울
3047,유지,한국한센복지협회광주전남지부 부설의원,류재선,의원,광주
3048,유지,더고운피부과,정세원,의원,부산
3049,유지,송도리더스정형외과성형외과의원,김정석,의원,인천
3050,유지,디에르치과의원,정희준,치과의원,대구
3051,유지,더서울비뇨의학과의원,추민수,의원,서울
3052,유지,벗치과의원,김재훈,치과의원,경기
3053,유지,리브성형외과의원,김수영,의원,서울
3054,유지,서울더블유치과병원,손효정,치과병원,충북
3055,유지,담대항외과의원,양화연,의원,충북
3056,유지,오운의원,남현석,의원,인천
3057,유지,슬림에디션의원,정진영,의원,서울
3058,유지,예스미르치과의원,이윤형,치과의원,서울
3059,유지,유앤아이의원 광주점,윤지현,의원,광주
3060,유지,태흥당한의원,김연수,한의원,서울
3061,유지,다시봄날의원 부평점,전성형,의원,인천
3062,유지,이현준한의원,이현준,한의원,서울
3063,유지,디라이트외과의원,김성훈,의원,서울
3064,유지,해율한의원,이가현,한의원,서울
3065,유지,낭만한의원,곽휘섭,한의원,서울
3066,유지,갤러리아피부과의원,이재원,의원,서울
3067,유지,토끼씨한의원,김진훈,한의원,서울
3068,유지,정원한의원,안진영,한의원,서울
3069,유지,메디캐치의원,김수현,의원,세종
3070,유지,다니엘웰니스의원,윤상호,의원,경남
3071,유지,서울보임치과의원,임형구,치과의원,서울
3072,유지,민들레한의원,김준상,한의원,경기
3073,유지,눈에미소안과의원,구형진,의원,서울
3074,유지,잠실서울비뇨의학과,장진석,의원,서울
3075,유지,메이퓨어의원 ,윤광원,의원,서울
3076,유지,마산복지피부과,이강대,의원,경남
3077,유지,에이블룸성형외과의원,차종현,의원,서울
3078,유지,필스톡스의원,한요진,의원,부산
3079,유지,애프터눈성형외과,김가람,의원,서울
3080,유지,구도피부과의원,오영준,의원,서울
3081,유지,서울본재활의학과의원,채충식,의원,서울
3082,유지,라마르의원,이병훈,의원,서울
3083,유지,뉴페이스의원,변정호 ,의원,서울
3084,유지,힐하우스피부과의원,배정민,의원,서울
3085,유지,한순기치과의원,한순기,치과의원,서울
3086,유지,녹동현대병원,백인규,병원,전남
3087,유지,밴스의원,이수연,의원,서울
3088,유지,닥터스피부과의원 대구,은동혁,의원,대구
3089,유지,톤즈의원,권대율,의원,서울
3090,유지,에프엠치과병원,정재원,치과병원,대구
3091,유지,신촌면력한방병원,유형진,한방병원,서울
3092,유지,리움한방병원,도성국,한방병원,서울
3093,유지,백보한의원,길정은,한의원,서울
3094,유지,고운하지흉부외과의원,원종윤,의원,서울
3095,유지,셀린의원,김유송,의원,서울
3096,유지,더힐피부과의원,우수한,의원,서울
3097,유지,소예피부과의원,김경태,의원,경기
3098,유지,빌리브피부과의원,이준범,의원,대구
3099,유지,로담한의원 가산금천점,김익두,한의원,서울
3100,유지,동대문닥터스피부과의원,이지홍,의원,서울
3101,유지,라파셀의원,김응석,의원,서울
3102,유지,청담차오름의원,김진호,의원,서울
3103,유지,베스트웰김진왕성형외과의원,김진왕,의원,서울
3104,유지,글램성형외과의원,이태성,의원,서울
3105,유지,수지의원,김영수,의원,서울
3106,유지,서일메디컬그룹의원,서형준,의원,부산
3107,유지,부산서면 닥터에버스의원,김홍석,의원,부산
3108,유지,릴리브의원,박태오,의원,서울
3109,유지,잠실애슬리의원,조운영,의원,서울
3110,유지,뷰티온피부과의원 양주옥정점,원상현,의원,경기
3111,유지,서강박치과의원,박숙예,치과의원,서울
3112,유지,예쁜세상성형외과의원,정하영,의원,경기
3113,유지,처음부터 댄의원,박형욱,의원,경남
3114,유지,팀플란트치과,방성진,치과의원,경기
3115,유지,웰스킨한의원 ,황용호,한의원,서울
3116,유지,천안21세기병원,박종한,병원,충남
3117,유지,진흥원테스트0521,한국보건산업진흥원(테스트99),종합병원,서울
3118,유지,khiditest5,khiditest5,의원,서울
3119,유지,레아산부인과의원,이경숙,의원,서울
3120,유지,유앤아이의원 안산점,이민우,의원,경기
3121,유지,아이그램성형외과의원,정건일,의원,서울
3122,유지,디유 성형외과의원,오세원,의원,서울
3123,유지,치휴한방병원,장혁준,한방병원,서울
3124,유지,누의원,이소현,의원,서울
3125,유지,의료법인 광혜원 의료재단,정병대,한방병원,인천
3126,유지,강남뷰티의원,송혜린,의원,서울
3127,유지,이노디스,이원일,기타,서울
3128,유지,예피부과의원,장현준,의원,경기
3129,유지,선한목자병원,이창우,병원,서울
3130,유지,스페이스피부과의원,박정태,의원,서울
3131,유지,김영효이비인후과,김영효,의원,인천
3132,유지,리스토리성형외과의원,문일융,의원,서울
3133,유지,더미인의원,박정현,의원,제주
3134,유지,부천정플란트치과의원,정세환,치과의원,경기
3135,유지,연세일등치과의원,박건우,치과의원,서울
3136,유지,치유플란트치과,이재철,치과의원,경기
3137,유지,서울화이트치과의원,하동옥,치과의원,광주
3138,유지,리벤스이비인후과의원,전성하,의원,서울
3139,유지,하이라인피부과의원,박세하,의원,서울
3140,유지,온봄의원 ,김완서,의원,경기
3141,유지,밴셀의원,장지연,의원,서울
3142,유지,홍성철성형외과,홍성철,의원,서울
3143,유지,피네의원,김승현,의원,서울
3144,유지,세이렌의원,임기표,의원,서울
3145,유지,리페이스 치과병원,김도섭,치과병원,서울
3146,유지,진흥원테스트,진흥원테스트테스트,의원,서울
3147,유지,에코플란트유치과의원,유정우,치과의원,충남
3148,유지,의정부쾌척한방병원,이원일,한방병원,경기
3149,유지,우리메디의원,이여송,의원,경기
3150,유지,모바름미작의원,박운,의원,서울
3151,유지,화이트이치과,박성현 ,치과의원,경기
3152,유지,이루탄메디케어의원,박광일,의원,서울
3153,유지,청담아이스피부과의원,김산,의원,서울
3154,유지,유리에성형외과의원,손원일,의원,서울
3155,유지,화이트드림치과,정수윤,치과의원,서울
3156,유지,유앤아이의원,최은진,의원,경기
3157,유지,블리비의원,오세윤,의원,대구
3158,유지,수안과의원,김기수,의원,제주
3159,유지,365엠씨람스의원,손보드리,의원,서울
3160,유지,청담모바로의원,한승엽,의원,부산
3161,유지,퍼스트안과,신동민,의원,부산
3162,유지,밴스의원,최현수,의원,제주
3163,유지,강남치유치과의원 ,허혜윤,치과의원,서울
3164,유지,남재희삼성피부과,남재희,의원,제주
3165,유지,평촌수피부과의원 ,허영수,의원,경기
3166,유지,이주헌  성형외과 의원,이주헌,의원,서울
3167,유지,유앤아이의원 시흥배곧점,이승수,의원,경기
3168,유지,지온병원,박재근,병원,부산
3169,유지,데이뷰의원,권오민,의원,서울
3170,유지,소솜피부과,김협,의원,서울
3171,유지,서울하이안치과의원,최호식,치과의원,부산
3172,유지,예진성형외과의원,이예진,의원,서울
3173,유지,USC(유에스씨)예인치과,신혜승,치과의원,경기
3174,유지,세븐데이즈성형외과의원,황승국,의원,서울
3175,유지,힐하우스피부과의원,이도영,의원,서울
3176,유지,코드성형외과의원,박유길,의원,서울
3177,유지,서울그레이스피부과의원,임지수,의원,서울
3178,유지,메이린의원,정연재,의원,서울
3179,유지,양산빛나라피부과의원,전수영,의원,경남
3180,유지,파인메디 내과의원,김율래,의원,경기
3181,유지,베러미의원,정현정,의원,서울
3182,유지,레브치과의원,백원선,치과의원,서울
3183,유지,강남도쿄안과의원,박형주,의원,서울
3184,유지,청담보드레의원,정세일,의원,서울
3185,유지,르모아의원,홍관,의원,서울
3186,유지,더프라이드성형외과의원,백승렬,의원,서울
3187,유지,아이케이성형외과의원,성익현,의원,서울
3188,유지,마이라인 성형외과 의원,강민범,의원,서울
3189,유지,이 - 믿음치과의원,홍정표,치과의원,경기
3190,유지,더원이비인후과의원,양철원,의원,대구
3191,유지,라인의정석의원,정채홍,의원,서울
3192,유지,뉴아트라인의원,이승현,의원,경기
3193,유지,서울스마트피부과의원,김민우,의원,대구
3194,유지,유앤아이의원 부평점,장심석,의원,인천
3195,유지,닥터디자이너의원,오나경,의원,인천
3196,유지,임성준신경외과,임성준,의원,서울
3197,유지,유디전주효자치과,손효준,치과의원,전북
3198,유지,드라마성형외과의원,이승국,의원,서울
3199,유지,송도연세피부과의원 ,전인경,의원,인천
3200,유지,제이엘정형외과의원,정찬동,의원,서울
3201,유지,모드니한의원,오경석,한의원,서울
3202,유지,리멤버피부과의원 강서마곡점,김대홍,의원,서울
3203,유지,부산여성비뇨의학과의원,전지연,의원,부산
3204,유지,디지털아트치과의원,신준혁,치과의원,부산
3205,유지,연세뉴치과의원,정용섭,치과의원,충남
3206,유지,오체안피부과의원,박지윤,의원,서울
3207,유지,아이엠정형외과의원,최성욱,의원,경기
3208,유지,아름다운의원,장동훈,의원,서울
3209,유지,포레피부과의원,이하은,의원,서울
3210,유지,르비브의원,이산,의원,서울
3211,유지,닥터쁘띠의원 인천구월점,김재한,의원,인천
3212,유지,올림 피움 채움 올피채의원 강남점,이상민,의원,서울
3213,유지,리더스성모안과의원,안용선,의원,서울
3214,유지,김송이의원,김송이,의원,서울
3215,유지,서울미시간유펜치과,이병훈,치과의원,인천
3216,유지,e-편한치과의원,이공근,치과의원,제주
3217,유지,더리즈의원,강지혜,의원,서울
3218,유지,뷰티온의원 안산중앙점,최연준,의원,경기
3219,유지,하프의원,심재용,의원,서울
3220,유지,세종연세에스의원,김상민,의원,세종
3221,유지,케이스 성형외과의원,김광섭,의원,서울
3222,유지,톤즈의원 부산서면점,박해든,의원,부산
3223,유지,순수안피부과의원,김민호,의원,서울
3224,유지,연세유앤아이치과의원,이권우,치과의원,서울
3225,유지,데르마피부과의원,이택근,의원,부산
3226,유지,청담미닛의원,이민지,의원,서울
3227,유지,아이시티안과의원,김규식,의원,부산
3228,유지,양재경희한의원,전준하,한의원,서울
3229,유지,모두가원하는치과의원,홍대웅,치과의원,경기
3230,유지,강남숙면치과, 유재현,치과의원,서울
3231,유지,청담리온정형외과의원,김재우,의원,서울
3232,유지,강남 미토셀 의원,홍윤기,의원,서울
3233,유지,비티큐의원,이원철,의원,서울
3234,유지,모디헤어플란트의원,유화정,의원,서울
3235,유지,사르티네의원,양세환,의원,서울
3236,유지,밴스의원,이정은,의원,경기
3237,유지,베스트웰피부과의원,이정옥,의원,서울
3238,유지,브라이트치과의원,구완회,치과의원,서울
3239,유지,블루비뇨의학과의원,김광호,의원,서울
3240,유지,리멤버피부과의원 양주옥정,권나현,의원,경기
3241,유지,필앤필의원,김승환,의원,서울
3242,유지,펠릭스의원,조정용,의원,인천
3243,유지,미인도의원,윤종욱,의원,서울
3244,유지,모어댄의원,김대석,의원,경기
3245,유지,유이성형외과의원,이유정,의원,서울
3246,유지,더이뻐의원,김한길,의원,서울
3247,유지,나만의 즐거운 플랜 라라플랜의원, 윤경준,의원,서울
3248,유지,팜치과의원 부산점,설재호,치과의원,부산
3249,유지,금강메디컬의원,손 순 선,의원,경기
3250,유지,유앤아이의원 일산점,박지민,의원,경기
3251,유지,세라미크의원,이종진,의원,서울
3252,유지,메이퓨어의원,전민주,의원,서울
3253,유지,레스트의원,홍민표,의원,서울
3254,유지,청담유스피부과의원,강현영,의원,서울
3255,유지,파스텔휴먼피부과의원,하재원,의원,서울
3256,유지,디라운지피부과의원,안효상,의원,서울
3257,유지,아트라인의원,이은섭,의원,서울
3258,유지,로아르피부과의원,김우일,의원,부산
3259,유지,셀로디피부과의원 강서점,권원주,의원,서울
3260,유지,문원실산부인과의원,문원실 ,의원,서울
3261,유지,바른키움소아청소년과의원,노정기,의원,서울
3262,유지,플레니어피부과의원,양윤석,의원,경기
3263,유지,톤즈의원,양재영,의원,서울
3264,유지,동안센트럴의원,남성한,의원,서울
3265,유지,서초연세내과의원,신재호,의원,서울
3266,유지,예가인의원,정광섭,의원,경기
3267,유지,밴스모자이너의원,신승헌,의원,서울
3268,유지,재주좋은치과의원,소현수,치과의원,서울
3269,유지,서울0.1치과의원,길대현,치과의원,서울
3270,유지,밴스의원,한태광,의원,서울
3271,유지,참조은치과의원,정채묵,치과의원,경기
3272,유지,포에버의원,서영한,의원,서울
3273,유지,유앤아이의원 인천검단점,김선중,의원,인천
3274,유지,유웰비뇨의학과의원,길건,의원,서울
3275,유지,유유외과의원,고지언,의원,부산
3276,유지,강남라렌의원,이혜령 ,의원,서울
3277,유지,연세이미지라인의원,최병훈,의원,서울
3278,유지,청주프라임병원,정범영,병원,충북
3279,유지,리진의원,황여주,의원,서울
3280,유지,메이저피부과의원 신촌점,황규철,의원,서울
3281,유지,서울바른피부과의원,강성민,의원,대구
3282,유지,해아림한의원,권혜인,한의원,제주
3283,유지,쥬벤스성형외과의원,김유정,의원,서울
3284,유지,메디컬오의원,송민규,의원,서울
3285,유지,자연예쁨의원,이은영,의원,서울
3286,유지,뿌리요양병원,신 대 섭,기타,인천
3287,유지,이수스마트치과의원,김태수,치과의원,서울
3288,유지,여의도성모수안과의원,김민희,의원,서울
3289,유지,기프트성형외과의원,유기현,의원,서울
3290,유지,올의원,김세형,의원,서울
3291,유지,건재활의학과의원,김병희,의원,서울
3292,유지,에비아의원,박재홍,의원,서울
3293,유지,미앤아이의원,최상규,의원,인천
3294,유지,더데이치과의원,정찬영,치과의원,경기
3295,유지,청담도트의원,권혜진,의원,서울
3296,유지,서울니어치과의원,유지원,치과의원,경기
3297,유지,핀트성형외과의원,최경욱,의원,서울
3298,유지,뷰티크의원 ,이재우,의원,서울
3299,유지,리버스의원,김성화,의원,서울
3300,유지,리버스의원,안선국,의원,경기
3301,유지,큰숲정형외과,조명국,의원,대구
3302,유지,서울린치과교정과의원,전현주 ,치과의원,경기
3303,유지,상상의원,김민혜,의원,대구
3304,유지,한나라한의원,최병학,한의원,서울
3305,유지,선릉다나아이비인후과,김민석,의원,서울
3306,유지,갤러리아피부과의원 광교점,최재웅,의원,경기
3307,유지,더퍼스트성형외과의원,이재승,의원,제주
3308,유지,온오프피부과의원,이윤호,의원,서울
3309,유지,상상의원,이종원,의원,부산
3310,유지,삼성맑은피부과의원,박세원,의원,경기
3311,유지,연세다감치과,서호연,치과의원,서울
3312,유지,365래온치과병원,김영준,치과병원,경기
3313,유지,강동하트온내과의원,최석원,의원,서울
3314,유지,바롬의원,고강영,의원,서울
3315,유지,덴티크 치과의원,조준희,치과의원,서울
3316,유지,정성치과의원,한석우,치과의원,경기
3317,유지,메리트피부과의원,우상혁,의원,서울
3318,유지,강남테이아의원,정진구,의원,서울
3319,유지,바닐라치과의원,김상백,치과의원,서울
3320,유지,대구에프엠의원,이응찬,의원,대구
3321,유지,오드의원,김도훈,의원,서울
3322,유지,서울니어치과의원,백주유,치과의원,서울
3323,유지,용산 백발백중 정형외과의원,김태욱,의원,서울
3324,유지,이플랜치과의원,김원철,치과의원,서울
3325,유지,서울퍼틸리티여성의원,황지영,의원,서울
3326,유지,도자기의원,박시현,의원,서울
3327,유지,365드림치과병원,안준형,치과병원,부산
3328,유지,삼성밴스의원,박예찬,의원,서울
3329,유지,로이셀의원,김대원,의원,서울
3330,유지,연세미다스치과의원,최은영,치과의원,인천
3331,유지,김교수안과의원,김홍규,의원,충남
3332,유지,파스칼의원,강경진,의원,서울
3333,유지,뉴브의원,김현화,의원,서울
3334,유지,의료법인 녹십자의료재단 녹십자아이메드 서울숲의원,김상만,의원,서울
3335,유지,지브이의원,문주혁,의원,서울
3336,유지,더올림의원,김태영,의원,부산
3337,유지,원트성형외과의원,김현우,의원,서울
3338,유지,미라클병원,윤찬웅,병원,경기
3339,유지,가양베스트한의원,전채헌,한의원,서울
3340,유지,메디큐브의원,최명선,의원,서울
3341,유지,셀리크의원,송은지,의원,서울
3342,유지,뮤토엘성형외과의원,최준호,의원,서울
3343,유지,이비안한의원,민예은,한의원,서울
3344,유지,호원병원,박향진,병원,경기
3345,유지,압구정노트정형외과,황상필,의원,서울
3346,유지,꼬모의원,문지원,의원,서울
3347,유지,아우어성형외과,이우연,의원,서울
3348,유지,후즈후피부과의원,정택조,의원,경기
3349,유지,마크성형외과의원,이재준,의원,서울
3350,유지,청담아르덴 의원, 한우철,의원,서울
3351,유지,리버스의원,한재진,의원,인천
3352,유지,히포크라타의원,김진욱,의원,서울
3353,유지,알에이의원,최석민,의원,제주
3354,유지,미라클의원,강효,의원,광주
3355,유지,실버라이닝의원,신경은,의원,인천
3356,유지,클래스원의원,김재우,의원,서울
3357,유지,공덕마디탄탄의원,정민지,의원,서울
3358,유지,로앤산부인과의원,노성래,의원,부산
3359,유지,루아베피부과의원,장주왕,의원,서울
3360,유지,플레저성형외과의원,손유석,의원,서울
3361,유지,무이성형외과의원,황숭오,의원,서울
3362,유지,밴스의원,이광호,의원,서울
3363,유지,밴스의원,김상훈,의원,경기
3364,유지,송도맘편한소아청소년과의원,안세환,의원,인천
3365,유지,헬로웰 의원,김해영,의원,서울
3366,유지,이노디스테스트,테스트,상급종합병원,서울
3367,유지,청담루비의원,김소은,의원,서울
3368,유지,고든병원,황주민,병원,경기
3369,유지,제이디리체스의원,김광호,의원,서울
3370,유지,갤러리아피부과의원,서지명,의원,서울
3371,유지,에이포의원,김광수,의원,서울
3372,유지,고운빛의원,김설희,의원,전남
3373,유지,서울디아치과의원,이정호,치과의원,서울
3374,유지,유앤아이의원,이수민,의원,서울
3375,유지,정치과의원,정승영,치과의원,제주
3376,유지,코귀한이비인후과의원,이정규,의원,경기
3377,유지,뷰티크의원,심재하,의원,서울
3378,유지,리셋성형외과의원,이정환,의원,서울
3379,유지,서울미라클의원,박기범,의원,서울
3380,유지,나누리수원병원,김혜남,병원,경기
3381,유지,알파엠 비뇨의학과 의원,이병우,의원,서울
3382,유지,곰플란트치과의원,이준,치과의원,경기
3383,유지,수원역광장한의원,오승훈,한의원,경기
3384,유지,오아시스의원,한재웅,의원,부산
3385,유지,스킨다피부과의원,이경렬,의원,서울
3386,유지,지엔산부인과의원,박용범,의원,경기
3387,유지,이스트피부과의원,천상진,의원,서울
3388,유지,뷰티온의원,황혜정,의원,서울
3389,유지,노블케어 요양병원,김익환,기타,서울
3390,유지,오앤오 치과의원,오세홍,치과의원,서울
3391,유지,이살리는치과의원,진혜민,치과의원,서울
3392,유지,리버스의원,신영호,의원,서울
3393,유지,김안과의원,김관식,의원,경기
3394,유지,라이즈성형외과,임정택,의원,서울
3395,유지,인향치과의원,김승기,치과의원,인천
3396,유지,강서예치과의원,구상균,치과의원,서울
3397,유지,이살리는치과의원,김은진,치과의원,서울
3398,유지,이루미치과의원,전영진,치과의원,부산
3399,유지,경희다나은한의원,이혁,한의원,서울
3400,유지,반의원,공종원,의원,서울
3401,유지,서울프라임하트내과의원,차명진,의원,서울
3402,유지,연세그리다치과의원,조종현,치과의원,서울
3403,유지,더케이플러스성형외과의원,김진우,의원,서울
3404,유지,목포예치과의원,김성훈,치과의원,전남
3405,유지,청담더오피부과의원,김재화,의원,서울
3406,유지,남양주21세기병원,이정희,병원,경기
3407,유지,블리비의원,서형탁,의원,경북
3408,유지,푸른내과의원,이송주,의원,서울
3409,유지,메디스치과의원,김병수,치과의원,부산
3410,유지,본바디한의원,도준영,한의원,경기
3411,유지,라피스 여성의원,최윤선,의원,서울
3412,유지,밴스의원,민현석,의원,경기
3413,유지,청담이지함피부과,지혜구,의원,서울
3414,유지,유넬의원,장예은,의원,서울
3415,유지,성모봄안과의원,이재훈,의원,경기
3416,유지,방배화이트플란트치과의원,유범석,치과의원,서울
3417,유지,연세나눔의원,서동훈,의원,서울
3418,유지,건강드림내과의원,박태운,의원,경기
3419,유지,바른모양치과의원,김형준,치과의원,경기
3420,유지,연세와병원,박유정,병원,인천
3421,유지,써밋치과의원,이현정,치과의원,서울
3422,유지,미소라움치과의원,박노민,치과의원,서울
3423,유지,닥터크리미의원,이석용,의원,서울
3424,유지,의료법인유진의료재단 동서병원,민선옥,병원,전북
3425,유지,스킨딥의원,최지완,의원,경기
3426,유지,셀리데이의원,이성원,의원,서울
3427,유지,뷔엘성형외과의원,이지성,의원,서울
3428,유지,밴스의원,이준형,의원,서울
3429,유지,드림이비인후과의원,송미나,의원,서울
3430,유지,광교삼성화이트치과의원,주용진,치과의원,경기
3431,유지,유앤아이아덴스치과,서영준,치과의원,서울
3432,유지,청담성모의원,안관홍,의원,서울
3433,유지,리치미의원,이치훈,의원,서울
3434,유지,닥터케이의원,김우인,의원,경기
3435,유지,건대닥터에버스의원,성민정,의원,서울
3436,유지,청담이든의원,서영미,의원,서울
3437,유지,세라성형외과의원,전명곤,의원,서울
3438,유지,루피엘 의원,조영준,의원,서울
3439,유지,청주21세기병원,권기영,병원,충북
3440,유지,새로운성형외과의원,신의선,의원,부산
3441,유지,리앤클의원,정상규,의원,서울
3442,유지,자연안에한의원,박철진,한의원,부산
3443,유지,리베리의원,류윤곤,의원,서울
3444,유지,청담아이우의원,김동엽,의원,서울
3445,유지,강민한의원,김대현,한의원,서울
3446,유지,삼성이앤혁의원,김진혁,의원,서울
3447,유지,더깊은한방내과한의원,김종민,한의원,서울
3448,유지,잠실 디온의원,이재호,의원,서울
3449,유지,화접몽한의원,오철,한의원,서울
3450,유지,예화인여성의원,황인섭,의원,부산
3451,유지,디에이피부과의원,윤호준,의원,서울
3452,유지,더365치과의원,이완수,치과의원,서울
3453,유지,포헤어 의원,장성호,의원,대구
3454,유지,벨리스성수의원,이홍석,의원,서울
3455,유지,안전기지한의원,허용운,한의원,서울
3456,유지,연세뉴피부과 의원,김희수,의원,인천
3457,유지,더올림성형외과의원,이상혁,의원,대구
3458,유지,명장한방병원,임명장,한방병원,인천
3459,유지,하오덤의원,김민철,의원,서울
3460,유지,심재한의원,문경숙,한의원,서울
3461,유지,시온뷰티의원,박제용,의원,서울
3462,유지,경희유엔한의원,이승헌,한의원,서울
3463,유지,서울새로운피부과의원,도은진,의원,서울
3464,유지,윤빛한의원,이재현,한의원,경기
3465,유지,에스클래스 성형외과의원,심진희,의원,부산
3466,유지,식치합시다 정세연 한의원,정세연,한의원,서울
3467,유지,강남하트스캔의원,박성학,의원,서울
3468,유지,모세내과,안동윤,의원,전북
3469,유지,마포공덕튼튼본정형외과의원,최성욱,의원,서울
3470,유지,닥터스랜드의원,고민환,의원,서울
3471,유지,이루어의원,백철민,의원,경기
3472,유지,소나무병원,양송이,병원,부산
3473,유지,유로멘즈 남성의원,황인식,의원,부산
3474,유지,닥터스피부과의원,최승일,의원,경기
3475,유지,바라온한의원 ,임완현 ,한의원,서울
3476,유지,로미한의원,신민이,한의원,대구
3477,유지,도곡 유스앤영의원,박재성,의원,서울
3478,유지,청담헤아린의원,정윤서,의원,부산
3479,유지,와온치과의원,권혁,치과의원,광주
3480,유지,더우아의원 ,정세원,의원,서울
3481,유지,닥터에버스의원 광주상무,강준혁,의원,광주
3482,유지,주한 성형외과의원,진상우,의원,서울
3483,유지,밴스의원,박소리,의원,서울
3484,유지,제애정형외과의원,서희수,의원,서울
3485,유지,밀양 윤병원,윤영권,병원,경남
3486,유지,오프닝성형외과,이한얼,의원,서울
3487,유지,강남새로치과의원,정재욱,치과의원,서울
3488,유지, 건강만세365병원,안기찬,병원,부산
3489,유지,밴스의원,심미정,의원,경기
3490,유지,청담나의원,송효영,의원,서울
3491,유지,든든한병원,김진만,병원,경기
3492,유지,리드엠마취통증의학과,이용호,의원,대구
3493,유지, 솜씨좋은산부인과의원,윤호주,의원,서울
3494,유지,리나여성의원,김보영,의원,서울
3495,유지,가뿐한의원,이창재,한의원,서울
3496,유지,라셀의원,김율희,의원,서울
3497,유지,해율한의원,문성민,한의원,서울
3498,유지,밴스의원,서상기,의원,전북
3499,유지,화접몽한의원,나건호,한의원,서울
3500,유지,푸른섬한의원,이종형,한의원,서울
3501,유지,유니성형외과의원,이희영,의원,서울
3502,유지,당신한의원,박은서,한의원,서울
3503,유지,소사벌다시봄날의원,한영호,의원,경기
3504,유지,삼성드림이비인후과의원,김규진,의원,인천
3505,유지,성북김준비뇨의학과의원,김준,의원,서울
3506,유지,부민 프레스티지 라이프케어센터 마곡의원,정흥태,의원,서울
3507,유지,스마일365한의원,최강욱,한의원,부산
3508,유지,하얀마음한의원,심동욱,한의원,부산
3509,유지,사상침한의원,김병현,한의원,경기
3510,유지,브이에스라인의원 일산점,류정훈,의원,경기
3511,유지,파르크도산의원,정지영,의원,서울
3512,유지,오브의원,김수현,의원,서울
3513,유지,더붐의원,김동현,의원,부산
3514,유지,연세고든병원,최현민,병원,경기
3515,유지,오성당한의원,이현삼,한의원,서울
3516,유지,신사이살리는치과의원,이영환,치과의원,서울
3517,유지,부산서면 스노우의원,김무전,의원,부산
3518,유지,제이필의원,황금빛,의원,서울
3519,유지,블리비의원,노영동,의원,경북
3520,유지,리얼리성형외과의원,이준희,의원,서울
3521,유지,수아한의원,정수아,한의원,서울
3522,유지,휴먼피부과의원,김윤미,의원,서울
3523,유지,비욘드의원,문효정,의원,서울
3524,유지,365용호한의원,천진유,한의원,부산
3525,유지,연세리앤피부과의원,이세원,의원,서울
3526,유지,희희호호한의원,임민호,한의원,서울
3527,유지,더올림의원,권경진,의원,광주
3528,유지,오르다피부과의원,서성훈,의원,서울
3529,유지,제일정형외과병원,신규철,병원,서울
3530,유지,라율한의원,박지현,한의원,대구
3531,유지,단아연한의원,윤서연,한의원,서울
3532,유지,케이엔젤성형외과의원,권용석,의원,부산
3533,유지,라파엘한의원,김서형,한의원,서울
3534,유지,화접몽한의원 대구점,한유리,한의원,대구
3535,유지,아산온아치과병원,이중열,치과병원,충남
3536,유지,유앤영피부과의원,류정호,의원,서울
3537,유지,맑은선의원,정지연,의원,서울
3538,유지,큐에이성형외과,왕재권,의원,서울
3539,유지,더바름치과병원,이영웅,치과병원,서울
3540,유지,자연안에한의원 덕천점,오탁근,한의원,부산
3541,유지,신사형통정형외과,박형근,의원,서울
3542,유지,아름경희한의원,정아름,한의원,서울
3543,유지,에스앤비한의원,염창섭,한의원,서울
3544,유지,생명마루한의원,이재욱,한의원,서울
3545,유지,유픽의원,이세현,의원,서울
3546,유지,태흥당한의원,정진욱,한의원,부산
3547,유지,제주365플러스내과의원,신재경,의원,제주
3548,유지,젤리피부과의원,전지훈,의원,서울
3549,유지,사랑한의원,장진용,한의원,경기
3550,유지,삼성본어스병원,김경무,병원,경기
3551,유지,더퍼스트의원,이정주,의원,경북
3552,유지,강남푸른치과의원,이용준,치과의원,서울
3553,유지,리봄치과의원,박현호,치과의원,인천
3554,유지,하늘체한의원,이강열,한의원,대구
3555,유지,사이성형외과의원,강광래,의원,서울
3556,유지,라치과의원,이원영,치과의원,부산
3557,유지,다래한방병원,김재돈,한방병원,경기
3558,유지,리아성형외과의원,안건형,의원,서울
3559,유지,참좋은정형외과신경과의원,김업지,의원,부산
3560,유지,누네안과병원,김순현,병원,서울
3561,유지,서울더빛의원,채호범,의원,부산
3562,유지,한마음병원,허준,병원,부산
3563,유지,햇살한의원,오치석,한의원,인천
3564,유지,리와인드성형외과의원,최종환,의원,서울
3565,유지,이지맘한의원,이지혜,한의원,경기
3566,유지,태흥당한의원 하단점,윤여진,한의원,부산
3567,유지,강남편하지의원,홍대진,의원,서울
3568,유지,경희하늘애한의원,강성한,한의원,서울
3569,유지,자연안에한의원 중구점,이수아,한의원,부산
3570,유지,본디한의원,민희영,한의원,서울
3571,유지,청담더나인의원,김종헌,의원,부산
3572,유지,석촌한의원,유정화,한의원,서울
3573,유지,구복한의원,조미선,한의원,서울
3574,유지,괜찮아요한의원,손정현,한의원,서울
3575,유지,케이톡스의원 부평점,김준환,의원,인천
3576,유지,한맘플러스재활의학과의원,김창원,의원,서울
3577,유지,뉴셀의원,나인석,의원,서울
3578,유지,연세아르미안의원,김윤희,의원,서울
3579,유지,더모어피부과의원,정승곤,의원,서울
3580,유지,아모라타성형외과의원,한승범,의원,서울
3581,유지,르제이의원,김지선,의원,서울
3582,유지,잠실온피부과의원,김효정,의원,서울
3583,유지,조은경희한의원,조은석,한의원,서울
3584,유지,라온피부과의원,백종헌,의원,서울
3585,유지,모모의원,고상진,의원,부산
3586,유지,리메이드의원,홍영기,의원,대구
3587,유지,마이크로병원,민지홍,병원,충북
3588,유지,올라라의원,이지영,의원,서울
3589,유지,마이크로재활병원,민지홍,병원,충북
3590,유지,월곡소담한의원,한규철,한의원,서울
3591,유지,명동2호점데이뷰의원,김현지,의원,서울
3592,유지,경희궁전한의원,권병조,한의원,서울
3593,유지,닥터스피부과의원,오대영,의원,서울
3594,유지,라셀릭의원,우종설,의원,서울
3595,유지,센텀파크요양병원,강선태,기타,부산
3596,유지,핑이비인후과,강흥수,의원,부산
3597,유지,당산원치과의원,서송희,치과의원,서울
3598,유지,티엔티성형외과의원,김태호 ,의원,부산
3599,유지,베러미의원,김형진,의원,대구
3600,유지,경희신한의원,신은주,한의원,부산
3601,유지,좋은얼굴삼풍치과의원,김중한,치과의원,서울
3602,유지,연세마스터정형외과의원,조승배,의원,경기
3603,유지,성심49플란트치과의원,이걸,치과의원,대전
3604,유지,페리오치과의원,정인순,치과의원,부산
3605,유지,클리어안과의원,김상엽,의원,경기
3606,유지,연세장안과의원,박원호,의원,서울
3607,유지,노드의원,박봉재,의원,서울
3608,유지,더케이365치과병원,정미리,치과병원,인천
3609,유지,용산자윤한의원,최은지,한의원,서울
3610,유지,용닥터의원,김용빈,의원,서울
3611,유지,타임포레피부과의원,허민석,의원,울산
3612,유지,더본안과,서지원,의원,경기
3613,유지,디데이의원,서정효,의원,부산
3614,유지,해운대연세의원,김찬경,의원,부산
3615,유지,아이뷰성형외과의원,김창균,의원,대전
3616,유지,얼핏한의원,신정민,한의원,서울
3617,유지,서울오케이내과의원,우승민,의원,서울
3618,유지,도이재한의원,최윤서,한의원,서울
3619,유지,서울미플란트치과의원,서승모,치과의원,서울
3620,유지,큐디의원,홍사혁,의원,서울
3621,유지,서울스마트본의원,류정호,의원,서울
3622,유지,올바로치과의원,윤형주,치과의원,경기
3623,유지,리나인의원,정현우,의원,서울
3624,유지,자인치과의원,조현준,치과의원,전북
3625,유지,서래셀의원,박상욱,의원,서울
3626,유지,마포리더스내과의원,신하늘샘,의원,서울
3627,유지,365늘푸른한의원,임승찬,한의원,부산
3628,유지,네이처온 성형외과의원,권찬,의원,서울
3629,유지,최원익한의원,최원익,한의원,서울
3630,유지,본향한의원,권고은,한의원,서울
3631,유지,유앤아이의원 창원점,박재형,의원,경남
3632,유지,연세온아치과병원,김유성,치과병원,경기
3633,유지,연세휴치과의원,박형준,치과의원,서울
3634,유지,연세휴치과의원,이상화,치과의원,서울
3635,유지,청량리연세휴치과의원,정재용,치과의원,서울
3636,유지,연세휴치과의원,신준한,치과의원,서울
3637,유지,다름성형외과의원,송진우,의원,서울
3638,유지,오퍼스의원,고혜원,의원,서울
3639,유지,청담연세휴치과의원,우성재,치과의원,충북
3640,유지,연세휴치과의원,차승우,치과의원,서울
3641,유지,유나이티드병원,김현철,병원,경기
3642,유지,시그널성형외과의원,남경욱,상급종합병원,부산
3643,유지,씨브이엘 의원,이한나,의원,서울
3644,유지,밝음나눔안과의원,나경두,의원,경기
3645,유지,진심과정성 한의원,기유종,한의원,경기
3646,유지,메디케어의원,김지은,의원,경기
3647,유지,서울한스치과 ,주호성,치과의원,대구
3648,유지,신유외과의원,신승호,의원,서울
3649,유지,강화요양병원,우시하,기타,인천
3650,유지,서울아산OK치과의원,이남헌,치과의원,경기
3651,유지,리앤리성형외과의원,이정우,의원,서울
3652,유지,리셋치과의원,나인채,치과의원,부산
3653,유지,라파정신건강의학과의원,구애진,의원,경기
3654,유지,서울효치과의원,김민규,치과의원,서울
3655,유지,하늘리더스치과,정기현,치과의원,인천
3656,유지,리버스의원,김민수,의원,서울
3657,유지,휴먼영상의학과의원,김성현,의원,서울
3658,유지,강남밴스의원,조주혜,의원,서울
3659,유지,365보스턴치과의원,최근배,치과의원,서울
3660,유지,명동 플랜에스의원,이상화,의원,서울
3661,유지,이영한의원,이종원,한의원,서울
3662,유지,루비의원,이진열,의원,경기
3663,유지,평화로운치과의원,송하진,치과의원,서울
3664,유지,리셋의원,봉아라,의원,경기
3665,유지,하늘체한의원,류동훈,한의원,서울
3666,유지,하이즈의원,김민호,의원,서울
3667,유지,톤앤업피부과의원,김성우,의원,서울
3668,유지,톡스앤필의원,배중선,의원,경기
3669,유지,주연여성의원,여소진,의원,서울
3670,유지,압구정인지신경과의원,김경환,의원,서울
3671,유지,리프트리성형외과의원,김건우,의원,부산
3672,유지,솔리드피부과의원,장지윤,의원,부산
3673,유지,서면더존한방병원,정현학,한방병원,부산
3674,유지,강산한의원,이경민,한의원,서울
3675,유지,버팀병원,박준수,병원,경기
3676,유지,강남아이디의원,김보성,의원,서울
3677,유지,누리담한의원,기성훈,한의원,서울
3678,유지,태흥당한의원 창원점,배유빈,한의원,경남
3679,유지,슬로아의원,장민우,의원,서울
3680,유지,강남다움의원,김석준,의원,서울
3681,유지,태흥당한의원,변종훈,한의원,부산
3682,유지,태흥당한의원,김태희,한의원,부산
3683,유지,나이스 피부과 의원,강호정,의원,서울
3684,유지,누셀린정형외과의원,김희준,의원,서울
3685,유지,하이미의원,권유경,의원,서울
3686,유지,하이미한의원,김홍성,한의원,서울
3687,유지,반듯한정형외과의원,김현우,의원,서울
3688,유지,서울오라클치과의원,전상춘,치과의원,경남
3689,유지,미미썸의원 부산 덕천점,이연주,의원,부산
3690,유지,다올치과의원,문희삼,치과의원,경기
3691,유지,파파스남성의원,김도형,의원,대구
3692,유지,페슈의원,안태언,의원,서울
3693,유지,샤인더마의원,전도영,의원,서울
3694,유지,해아림한의원 부산센텀점,장지욱,한의원,부산
3695,유지,천호닥터에버스의원,민지원,의원,서울
3696,유지,뉴욕S치과의원,김민지,치과의원,서울
3697,유지,시크릿의원,조유상,의원,서울
3698,유지,날씬의원,주현이,의원,제주
3699,유지,명동아이디의원,김준우,의원,서울
3700,유지,제이뉴 피부과,박재홍,의원,제주
3701,유지,위례바른이(e)치과의원,윤범모,치과의원,경기
3702,유지,셀리에의원,염정현,의원,서울
3703,유지,ABC 안과의원,배훈,의원,부산
3704,유지,새로핌피부과의원 인천송도,허지혜,의원,인천
3705,유지,두침한의원,나상혁,한의원,경기
3706,유지,휴내과의원,정회훈,의원,인천
3707,유지,푸른잎한의원,천경재,한의원,서울
3708,유지,청담아르티의원,김보선,의원,서울
3709,유지,김앤조서울정형외과의원,김재윤,의원,서울
3710,유지,터한의원,이민하,한의원,서울
3711,유지,리핌성형외과의원,이영우,의원,서울
3712,유지,나용필모피부과의원,나용필,의원,광주
3713,유지,봄날에민내과의원,김보민,의원,서울
3714,유지,연세에이앤비피부과,이해진,의원,서울
3715,유지,수도치과의원,김호길,치과의원,부산
3716,유지,메이슨의원,김현주,의원,서울
3717,유지,골든시니어치과의원,노정준,치과의원,서울
3718,유지,빌리브한의원,이초인,한의원,대구
3719,유지,라셀릭의원,정재윤,의원,서울
3720,유지,부산센텀밴스의원,은준영,의원,부산
3721,유지,아임아인안과,이응석,의원,인천
3722,유지,룬피부과의원,박형권,의원,서울
3723,유지,제이린의원 대구점,조선아,의원,대구
3724,유지,터한의원 광교점,민진홍,한의원,경기
3725,유지,경희스마일한의원,김우현,한의원,서울
3726,유지,밴스의원,고우림,의원,부산
3727,유지,노블성형외과의원,김용훈,의원,인천
3728,유지,성훈한의원,성훈,한의원,서울
3729,유지,맑은윤의원,양호준,의원,서울
3730,유지,터한의원 ,신영하,한의원,서울
3731,유지,터한의원 ,한성현,한의원,서울
3732,유지,연세바비의원,함지수,의원,대구
3733,유지,톤즈의원 ,박지원,의원,서울
3734,유지,루브의원,배석렬,의원,부산
3735,유지,터한의원 강남,이희경,한의원,서울
3736,유지,명동미래셀의원,이상근,의원,서울
3737,유지,톤즈의원 대전둔산점,박유라,의원,대전
3738,유지,서울닥터한치과의원,한경환,치과의원,서울
3739,유지,디아르의원,이성천,의원,서울
3740,유지,터한의원,정인효,한의원,서울
3741,유지,율산부인과의원,이윤정,의원,서울
3742,유지,리올의원,조현대,의원,서울
3743,유지,샤인산부인과의원,이슬기,의원,인천
3744,유지,레오성형외과의원,이치안,의원,서울
3745,유지,휴먼피부과 부천,염승돈,의원,경기
3746,유지,케이한의원,최희종,한의원,부산
3747,유지,밸런스본마취통증의학과의원,박한울,의원,서울
3748,유지,뷰티온의원 영종도점,조광희,의원,인천
3749,유지,토마스정형외과,박종원,의원,부산
3750,유지,애플산부인과의원,박수경,의원,인천
3751,유지,태영명가한의원 광주수완점,전의상,한의원,광주
3752,유지,온치과의원,장주민,치과의원,부산
3753,유지,팡클리닉의원,김아름,의원,서울
3754,유지,청량리닥터에버스의원,손지수,의원,서울
3755,유지,뉴수도정형외과의원,한상석,의원,서울
3756,유지,조앤박의원,김영식,의원,서울
3757,유지,심플라인치과의원,심승훈,치과의원,경남
3758,유지,글래드성형외과의원,정규식,의원,대구
3759,유지,사점사의원,김광일,의원,서울
3760,유지,브이의원,유동균,의원,서울
3761,유지,잠실성모마취통증의학과의원,조선진,의원,서울
3762,유지,패트라산부인과의원,김은영,의원,경기
3763,유지,채움남성의원,김성용,의원,제주
3764,유지,서울근본통내과의원,임용석,의원,인천
3765,유지,닥터에버스의원 수원인계,김민준,의원,경기
3766,유지,청담안느의원,안재학,의원,서울
3767,유지,유노라의원,이고은,의원,경기
3768,유지,제이린의원 남포점,이미현,의원,부산
3769,유지,뽀드베베의원,이수영,의원,서울
3770,유지,뷰앤미의원,송소융,의원,제주
3771,유지,신사루비의원,허정,의원,서울
3772,유지,디엘브의원,김희성,의원,서울
3773,유지,리앤웰성형외과의원,박상근,의원,서울
3774,유지,로앤산부인과의원,김예진,의원,서울
3775,유지,서울바른세상병원,김형식,병원,서울
3776,유지,닥터한수민의원,한수민,의원,서울
3777,유지,라비체의원,정지환,의원,서울
3778,유지,시아의원,이우열,의원,서울
3779,유지,당신의피부과의원,전지승,의원,부산
3780,유지,대구차여성의원,김광중,의원,대구
3781,유지,원클리닉의원,정원태,의원,부산
3782,유지,뷰티플란트치과 부산점 ,성진우,치과의원,부산
3783,유지,광주 탑 정형외과,박유복,의원,광주
3784,유지,경희팔료한의원,오지훈,한의원,서울
3785,유지,올림 피움 채움 올피채의원 수원점,유정민,의원,경기
3786,유지,세이지치과의원,신종호,치과의원,서울
3787,유지,747의원,송대근,의원,서울
3788,유지,터한의원 ,이원경,한의원,경기
3789,유지,온유한의원,유요한,한의원,부산
3790,유지,형인재한의원,홍명휘,한의원,서울
3791,유지,연세원드림치과의원,이호성,치과의원,서울
3792,유지,연세백퍼센트병원,황보현,병원,인천
3793,유지,청담스킨성형외과의원,이승찬,의원,경기
3794,유지,릴리프여성의원,정윤정,의원,부산
3795,유지,코랄치과의원,서영란,치과의원,서울
3796,유지,삼성밸런스의원,나건엽,의원,서울
3797,유지,에이앤드의원,김현권,의원,서울
3798,유지,연세365치과의원,최한울,치과의원,경기
3799,유지,이스톤의원,정기윤,의원,제주
3800,유지,제이엔비의원,강주용,의원,서울
3801,유지,이상피부과의원,이상우,의원,서울
3802,유지,쉬즈메디병원,이기호,병원,경기
3803,유지,아는마음한방병원,윤호영,한방병원,경남
3804,유지,유디수완치과의원,신승우,치과의원,광주
3805,유지,네오성형외과의원,박정일,의원,서울
3806,유지,신통정형외과의원,심제성,의원,경기
3807,유지,에버비외과의원,김민국,의원,서울
3808,유지,이데아치과의원,국형용,치과의원,서울
3809,유지,광교퍼스트피부과의원,정유진,의원,경기
3810,유지,김완호정형외과의원,김완호,의원,서울
3811,유지,지세븐의원,조인배,의원,서울
3812,유지,매직피부과의원,장훈영,의원,서울
3813,유지,클레어치과의원,김유나,치과의원,서울
3814,유지,세보한의원,안영성,한의원,서울
3815,유지,쉬즈라인의원,최주택,의원,부산
3816,유지,연세맑음치과,김민식,치과의원,경기
3817,유지,아름다운 의원,차혜정,의원,부산
3818,유지,연세센트럴재활의학과의원,홍지성,의원,서울
3819,유지,라띠엔느의원,길선령,의원,부산
3820,유지,오테나의원,이상태,의원,서울
3821,유지,남한산성한의원,김성훈,한의원,경기
3822,유지,리제로의원,손태봉,의원,부산
3823,유지,리멤버피부과의원,김한수,의원,경기
3824,유지,잠실비엘에스의원,강한별,의원,서울
3825,유지,제로의원 ,김남백,의원,서울
3826,유지,터한의원 하남미사점 ,박보경 ,한의원,경기
3827,유지,365경대연합내과의원,문선영,의원,대구
3828,유지,디엘의원 ,이성훈,의원,부산
3829,유지,청담잇츠미 의원,김한구,의원,서울
3830,유지,분당 닥터에버스의원,박서연,의원,경기
3831,유지,미소가인피부과의원,신정웅,의원,서울
3832,유지,연오재한의원,김경민,한의원,경기
3833,유지,플랜미의원,이승환,의원,서울
3834,유지,리프티의원,김성호,의원,서울
3835,유지,서울블랑치과의원,백진아,치과의원,서울
3836,유지,연세더바로의원,강병찬,의원,서울
3837,유지,범계닥터에버스의원,이경재,의원,경기
3838,유지,올본신경외과의원,이정현,의원,서울
3839,유지,명동벤자민피부과의원,심준호,의원,서울
3840,유지,서울언제나치과의원,박세환,치과의원,서울
3841,유지,리브힙의원,김수현,의원,서울
3842,유지,새봄한의원,최유정,한의원,대구
3843,유지,테스트,테스트,기타,대전
3844,유지,테스트,테스트,상급종합병원,서울
3845,유지,서울삼성이비인후과 ,박신홍,의원,경기
3846,유지,명동 뷰티온의원 ,박예인,의원,서울
3847,유지,연세모벨르의원,여민석,의원,서울
3848,유지,더이로운치과의원,김광연,치과의원,경남
3849,유지,어전트의원,이의선,의원,서울
3850,유지,스노우글로벌의원,남소영,의원,서울
3851,유지,연세조은피부과의원 광명점,김재홍,의원,경기
3852,유지,예피다의원,김홍석,의원,서울
3853,유지,헤브피부과의원,신지연,의원,서울
3854,유지,압구정비앤미의원,김중훈,의원,서울
3855,유지,반듯한정형외과의원,최현철,의원,서울
3856,유지,삼성드림이비인후과의원,오윤석,의원,서울
3857,유지,테스트인,테스트인,상급종합병원,인천
3858,유지,수성미소담한의원,이승아,한의원,대구
3859,유지,광교 닥터에버스의원,이진희,의원,경기
3860,유지,하나메디퀸즈의원,윤하나,의원,서울
3861,유지,톤즈의원 ,황아름,의원,인천
3862,유지,우미의원,윤종우,의원,서울
3863,유지,닥터스한의원,현석기,한의원,부산
3864,유지,강영의료재단 문산중앙병원,유환열,병원,경기
3865,유지,더웰치과의원,오범수,치과의원,인천
3866,유지,데일리즈,한지명,의원,경기
3867,유지,서울아산이비인후과의원,정재훈,의원,경기
3868,유지,밀락씨의원,박지영,의원,서울
3869,유지,버팀병원,정구영,병원,경기
3870,유지,메이린의원 송도,홍준희,의원,인천
3871,유지,뮤즈의원,김진웅,의원,경기
3872,유지,비테라의원,김진용,의원,서울
3873,유지,서울패밀리병원,박양동,병원,경남
3874,유지,테스트,테스트,상급종합병원,서울
3875,유지,안양센트럴치과,박태민,치과의원,경기
3876,유지,테스트,테스트,상급종합병원,부산
3877,유지,구구치과,김태승,치과의원,광주
3878,유지,대학치과의원 , 신유진,치과의원,서울
3879,유지,대구연세안과의원,박중원,의원,대구
3880,유지,인천국제한방병원,홍재화 외1명,한방병원,인천
3881,유지,부천 하늘마음한의원,김정윤,한의원,경기
3882,유지,테스트,테스트,상급종합병원,서울
3883,유지,종로아산본정형외과의원,박재홍,의원,서울
3884,유지,광안자모병원,손성대 ,병원,부산
3885,유지,아윤의원,박은형,의원,서울
3886,유지,터한의원,심아현,한의원,충남
3887,유지,365엔씨치과의원,이유민,치과의원,경남
3888,유지,닥터스피부과의원 인천영종점,홍규락,의원,인천
3889,유지,서울온안과의원,장인범,의원,서울
3890,유지,라온의원,신종수,의원,서울
3891,유지,조민경경희한의원,조민경,한의원,경기
3892,유지,하이스트비뇨의학과의원,구진모 ,의원,서울
3893,유지,윔의원,우창윤,의원,서울
3894,유지,루센느의원,이민주,의원,서울
3895,유지,테라피부과의원,현동주,의원,서울
3896,유지,스타필의원,김도훈,의원,경기
3897,유지,코어피부과의원,김영균,의원,서울
3898,유지,홍대톡스앤필의원,장예지 ,의원,서울
3899,유지,압구정리앤스타의원,이정민,의원,서울
3900,유지,의)성광의료재단 마곡차여성의원,김춘복,의원,서울
3901,유지,열린치과의원,김성건,치과의원,경기
3902,유지,스키니크의원,박태형,의원,서울
3903,유지,웰빙미치과교정과치과의원,조갑주,치과의원,경기
3904,유지,닥터하엘치과의원,최강렬,치과의원,서울
3905,유지,이로여성의원,송지영,의원,서울
3906,유지,터한의원 과천점,김동원,한의원,경기
3907,유지,봄드림의원,민병진,의원,부산
3908,유지,신사세레아의원,서명철,의원,서울
3909,유지,에어리어88성형외과의원,서의석,의원,서울
3910,유지,베테랑병원,손강민,병원,부산
3911,유지,신청춘한방병원,이구형,한방병원,경남
3912,유지,서울하루치과의원,임이랑,치과의원,경기
3913,유지,더나의원,김윤석,의원,서울
3914,유지,아우레아의원,채동영,의원,서울
3915,유지,커브라인의원,김종하,의원,서울
3916,유지,이루다치과의원,이기욱,치과의원,경기
3917,유지,너와의원,송명승,의원,서울
3918,유지,뿌리플란트 치과의원,김형석,치과의원,인천
3919,유지,두팔로정형외과의원,하승주,의원,서울
3920,유지,서울유러치과의원,이화연,치과의원,서울
3921,유지,강남디렉터의원,이지민,의원,서울
3922,유지,범일연세내과,이동형,의원,부산
3923,유지,삼성신내과의원,하승혜,의원,서울
3924,유지,온누리안과병원,정영택,병원,전북
3925,유지,오라클피부과의원,정유석,의원,서울
3926,유지,라셀라의원,송언호,의원,서울
3927,유지,송파제일치과의원,박재우,치과의원,서울
3928,유지,광주 마인드원치과의원,조희승,치과의원,광주
3929,유지,서울 오라클치과병원,임규석,치과병원,경기
3930,유지,공덕 멜로우피부과의원,김충혁,의원,서울
3931,유지,발머스한의원,김주현,한의원,경기
3932,유지,스템케이성형외과의원,곽창곤,의원,서울
3933,유지,보스턴바우치과,고정철,치과의원,광주
3934,유지,터한의원 ,최우찬,한의원,서울
3935,유지,테스트,테스트,상급종합병원,경남
3936,유지,연세휴치과보존과치과의원,이정훈,치과의원,서울
3937,유지,한국치과병원,김영재,치과병원,경기
3938,유지,아이엠케이성형외과의원,이문기,의원,서울
3939,유지,연세휴치과의원,박노제,치과의원,서울
3940,유지,강남비엘에스의원,박현정,의원,서울
3941,유지,연세하늘정신건강의학과의원,남기혁,의원,서울
3942,유지,연세아름다운산부인과의원,박유미,의원,서울
3943,유지,대전둔산 끗 한의원,김희진,한의원,대전
3944,유지,명동 비엘에스의원,정다혜,의원,서울
3945,유지,티나는 한의원,임세은,한의원,대구
3946,유지,아비쥬의원,조은주,의원,서울
3947,유지,글로리의원,김의진,의원,서울
3948,유지,그대안에산부인과의원,박진영,의원,서울
3949,유지,라움스마일안과의원,김민석,의원,서울
3950,유지,올림픽파크365의원,박용석,의원,서울
3951,유지,데이뷰의원 부산서면,이다인,의원,부산
3952,유지,밴스성형외과의원,이승준,의원,서울
3953,유지,오리건치과교정과치과의원,김옥경,치과의원,서울
3954,유지,신정네거리한의원,송주한,한의원,서울
3955,유지,바로본병원,문경호,병원,대전
3956,유지,튼튼병원,이창인,병원,서울
3957,유지,온아한한의원,박경라,한의원,서울
3958,유지,미하이의원,김성윤,의원,충북
3959,유지,희망찬병원,김진균,병원,경기
3960,유지,광명새움병원,김응수,병원,경기
3961,유지,더바름정형외과의원,이성락,의원,서울
3962,유지,가까이한의원,강민준,한의원,경기
3963,유지,어뉴의원,시보경,의원,서울
3964,유지,레어피부과의원,김동영,의원,서울
3965,유지,브이비성형외과의원,김민철,의원,대구
3966,유지,센(SEN)이비인후과의원,최윤석,의원,대구
3967,유지,하프의원,이승훤,의원,인천
3968,유지,닥터류의원,유웅,의원,전남
3969,유지,임플라인치과의원(시흥점),최복습,치과의원,경기
3970,유지,후한의원 천안점,구소라,한의원,충남
3971,유지,청산한의원,김한균,한의원,대구
3972,유지,설명한의원,윤석훈,한의원,서울
3973,유지,유앤아이 피부과의원,문성혁,의원,경기
3974,유지,아몬드성형외과의원,심승현,의원,서울
3975,유지,서면뉴욕치과의원,조지봉,치과의원,부산
3976,유지,킴스플란트치과의원,김판주,치과의원,제주
3977,유지,하이업성형외과,윤태운,의원,대구
3978,유지,부산 태흥당한방병원,최영규,한방병원,부산
3979,유지,반포리움성형외과의원,김일환,의원,서울
3980,유지,만제네 한의원,김만제,한의원,대구
3981,유지,닥터에버스의원,황우석,의원,서울
3982,유지,브이라이프영상의학과의원,지승우,의원,대구
3983,유지,꽃빛한방병원 ,이명선,한방병원,대전
3984,유지,뷰티엠의원,박성준,의원,경기
3985,유지,글로벌치과의원,신승혁,치과의원,경기
3986,유지,상봉비브톤의원,이규석,의원,서울
3987,유지,엘블랑의원,최혜린,의원,부산
3988,유지,더필병원,손창우,병원,대구
3989,유지,셀리타의원,김현준,의원,부산
3990,유지,더웰병원,박성원,병원,경기
3991,유지,마곡푸른마음치과의원,박효진,의원,서울
3992,유지,리드온 치과의원,김지호,치과의원,경기
3993,유지,밴스의원,김도훈,의원,대구
3994,유지,시온여성병원,이승철,병원,경기
3995,유지,대치성모여성의원,김라연,의원,서울
3996,유지,왕십리밴스의원,이하연,의원,서울
3997,유지,밝은신안과 의원,신형호,의원,충남
3998,유지,이터니스한의원,이지유,한의원,서울
3999,유지,유케이성형외과,박상욱,의원,부산
4000,유지,에이지성형외과의원,이철용,의원,서울
4001,유지,예쁨가득의원,김중현,의원,부산
4002,유지,채올의원,정동민,의원,서울
4003,유지,서울아이비에프여성의원,이경훈,의원,인천
4004,유지,더웨이성형외과의원,박정용,의원,서울
4005,유지,뉴영의원,오서준,의원,서울
4006,유지,빼채올한의원,김용완,한의원,서울
4007,유지,압구정에테르나의원,박규리,의원,서울
4008,유지,김성미소아청소년과의원,김성미,의원,부산
4009,유지,루비의원 ,김래영,의원,서울
4010,유지,리미트성형외과의원,신경진,의원,인천
4011,유지,전내과의원,김정훈,의원,울산
4012,유지,셀이즈랩의원,박태혁,의원,서울
4013,유지,더힐피부과의원,양정화,의원,서울
4014,유지,양지바른치과,이치중,의원,서울
4015,유지,서울삼성정형외과,박종근,의원,경북
4016,유지,규림한의원,임경숙,한의원,서울
4017,유지,경희유연한의원,배준형,한의원,서울
4018,유지,엘비아피부과의원,최원,의원,서울
4019,유지,든든한의원,이종경,한의원,대구
4020,유지,온유당한의원,신우협,한의원,서울
4021,유지,닥터선의원,강정중,의원,서울
4022,유지,리뉴아 의원,이성원,의원,서울
4023,유지,역삼밴스피부과의원,양시영,의원,서울
4024,유지,푸르메재단넥슨어린이재활병원,이원일,기타,서울
4025,유지,계명대학교 대구동산병원,김상현,종합병원,대구
4026,유지,제이드성형외과의원,김진오,의원,서울
4027,유지,더마스터의원,권한진,의원,서울
4028,유지,에센트피부과의원,최성준,의원,서울
4029,유지,클레오르의원,정보황,의원,서울
4030,유지,청심당한의원,허진영,한의원,서울
4031,유지,해운대호한의원,이재혁,한의원,부산
4032,유지,뉴욕바른라인치과의원,강혜진,치과의원,서울
4033,유지,경희림다한의원,김청림,한의원,부산
4034,유지,행복365의원,조경환,의원,서울
4035,유지,송가한의원,송영위,한의원,서울
4036,유지,세레스의원,김선오,의원,서울
4037,유지,두산박치과의원,박광수,치과의원,대구
4038,유지,신사구강악안면외과치과,정지웅,치과의원,경남
4039,유지,매일연안과의원,김동주,의원,서울
4040,유지,365이채한의원부산대연점,조현균,한의원,부산
4041,유지,솔린의원,민경지,의원,서울
4042,유지,짱한의원,손승화,한의원,서울
4043,유지,수치과병원,최종우,치과병원,서울
4044,유지,일도한의원,김민수,한의원,서울
4045,유지,아비쥬의원,정문규,의원,서울
4046,유지,리브의원  강남,진호성,의원,서울
4047,유지,고려에이치한방병원,제현태,한방병원,대구
4048,유지,광혜병원,이광웅,종합병원,부산
4049,유지,플래닛성형외과의원,신동우,의원,서울
4050,유지,클리브성형외과의원,송경호,의원,서울
4051,유지,석플란트치과병원,노석,치과병원,서울
4052,유지,글로벌마취통증의학과,박종선,의원,경기
4053,유지,의료법인 남궁의료재단 남궁요양병원,윤승철,기타,충북
4054,유지,더나인의원,구혜연,의원,대전
4055,유지,도레성형외과의원,인석경,의원,서울
4056,유지,라움스마일안과의원,백형일,의원,서울
4057,유지,의료법인 열린의료재단,김기현,의원,제주
4058,유지,경기도청,테스트,상급종합병원,경기
4059,유지,세이의원,김세래,의원,서울
4060,유지,강남펜타힐의원,이석,의원,서울
4061,유지,더밸런스치과의원,서종진,치과의원,서울
4062,유지,모두모의원,이승준,의원,서울
4063,유지,인천나누리주안병원,장진태,병원,인천
4064,유지,마음감기정신건강의학과의원,정찬현,의원,서울
4065,유지,리네성형외과의원,장남,의원,서울
4066,유지,서울니어치과,신민기,치과의원,전북
4067,유지,디지털해피스치과의원,이상희,치과의원,인천
4068,유지,성복365자연안에한의원,허정호,한의원,경기
4069,유지,청주웰치과,빙정호,치과의원,충북
4070,유지,드림핏한의원,박청수,한의원,서울
4071,유지,봄길의원,류재일,의원,제주
4072,유지,인애한의원,김창규,한의원,서울
4073,유지,더가든피부과의원,박수정,의원,서울
4074,유지,365제로치과의원,임태일,치과의원,경기
4075,유지,가인치과의원,함영석,치과의원,충북
4076,유지,인애한의원,정덕진,한의원,서울
4077,유지,아트너의원,편혜우,의원,서울
4078,유지,수풀림한의원,이정환,한의원,서울
4079,유지,고와의원,강현욱,의원,서울
4080,유지,바로치과의원,박태준,치과의원,대구
4081,유지,사이좋은치과의원,차정일,치과의원,경기
4082,유지,이안한의원,황인규,한의원,서울
4083,유지,청담밴스의원,이광준 ,의원,서울
4084,유지,파워비뇨의학과의원,한준현,의원,경기
4085,유지,디아더피부과의원,이승주,의원,서울
4086,유지,심다치과의원,김영덕,치과의원,서울
4087,유지,화이트이치과의원 ,이상민,치과의원,부산
4088,유지,바른마음한의원 마곡발산점,위지훈,한의원,서울
4089,유지,채온담한의원,임채원,한의원,서울
4090,유지,온우의원,박희진,의원,서울
4091,유지,두청한의원,김도환,한의원,서울
4092,유지,광주미의원,김소희,의원,광주
4093,유지,건대끗한의원,김진현,한의원,서울
4094,유지,아티크의원,최형민,의원,서울
4095,유지,반포스탠다정형외과의원,김상준,의원,서울
4096,유지,블리비의원,임승범,의원,서울
4097,유지,강남영도한의원,최유행,한의원,서울
4098,유지,비에체피부과의원,한지수,의원,서울
4099,유지,365경희부부한의원,정덕희,한의원,제주
4100,유지,노블레스피부과,최규원,의원,부산
4101,유지,해인당한의원,우대윤,한의원,인천
4102,유지,강남쏘울의원,고홍기,의원,서울
4103,유지,사단법인누가온의원,이경복,의원,경기
4104,유지, 후한의원 ,홍진우,한의원,서울
4105,유지,직진비뇨의학과의원,이동현,의원,서울
4106,유지,서울병원,조효진,병원,서울
4107,유지,보메피부과의원,권현정,의원,서울
4108,유지,모리프한의원 광주상무,변재웅,한의원,광주
4109,유지,더만족병원,안영주,병원,경기
4110,유지,더고운 의원,오은희,의원,제주
4111,유지,바라봄의원,권미은,의원,부산
4112,유지,포레스트요양병원,조현주,기타,서울
4113,유지,험프리스 글로리 정형외과의원,강지원,의원,경기
4114,유지,장흥통합의료병원,이기상,병원,전남
4115,유지,순리한의원,이준영,한의원,서울
4116,유지,하이갤러리 성형외과,이민우,의원,부산
4117,유지,범계 끗 한의원,전호성,한의원,경기
4118,유지,모리프한의원 광주진월,고아라,한의원,광주
4119,유지,곡샘성형외과의원,곡낙수,의원,서울
4120,유지,서울심도치과의원,이은혁,의원,서울
4121,유지,봄온담한의원,김희준,한의원,충북
4122,유지,연세루미너스치과의원,김하성,치과의원,서울
4123,유지,빛담은한의원,이다현,한의원,서울
4124,유지,카인드글로벌의원,이원진,의원,서울
4125,유지,소망한의원,백재환,한의원,서울
4126,유지,"치과, 더 젠틀 치과의원",윤승현,치과의원,서울
4127,유지,박성호 생움 한의원,박성호,한의원,서울
4128,유지,청담루틴의원,이소영,의원,서울
4129,유지,더케이부산병원,고영래,병원,부산
4130,유지,오정본병원,최희준,병원,경기
4131,유지,광명면력한방병원,배길준,한방병원,경기
4132,유지,연세꿈꾸는치과교정과의원,이지민,치과병원,서울
4133,유지,다나성형외과의원,박재현,의원,서울
4134,유지,알에이 153 의원,조영채,의원,경기
4135,유지,광주상무 끗한의원,장혁,한의원,광주
4136,유지,루민치과의원,김선희,치과의원,서울
4137,유지,제이셀성형외과의원,정진우,의원,서울
4138,유지,본정한의원,경동구,한의원,서울
4139,유지,선릉 닥터에버스의원,박범규,의원,서울
4140,유지,고려H내과의원,권민정,의원,서울
4141,유지,루쎄여성의원,이혜경,의원,서울
4142,유지,리뉴업성형외과의원,손승태,의원,서울
4143,유지,동탄밴스의원,정기환,의원,경기
4144,유지,더건강한내과,윤동식,의원,경기
4145,유지,성신외과의원,조창범,의원,부산
4146,유지,성동면력한방병원,강주안,한방병원,서울
4147,유지,다시봄날의원,이보원,의원,서울
4148,유지,효성시티병원,권오영,병원,부산
4149,유지,유쾌한비뇨의학과의원,이중근,의원,인천
4150,유지,뉴욕스마일치과의원,강현규,치과의원,경기
4151,유지,자혜한의원,김형석,한의원,서울
4152,유지,이샘치과의원,김창우,치과의원,서울
4153,유지,인천맘모스헤어라인의원,남다우,의원,인천
4154,유지,산비오의원,허경은,의원,서울
4155,유지,의료법인 일민의료재단 세강병원,김징균,병원,대구
4156,유지,서초법원치과의원,최종호,의원,서울
4157,유지,메트로내과의원,김정희,의원,서울
4158,유지,연세힐재활의학과의원,우재현,의원,서울
4159,유지,향남드림치과의원,문인성,치과의원,경기
4160,유지,365반반한의원,권혜림,한의원,서울
4161,유지,굿모닝성모안과의원,박진용,의원,부산
4162,유지,연남경희한의원,김범석,한의원,서울
4163,유지,아이앤코성형외과의원,박수성,의원,부산
4164,유지,눈사랑안과의원,문성철,의원,경기
4165,유지,홍대끗한의원,강민구,한의원,서울
4166,유지,올리준의원,이영준,의원,서울
4167,유지,분당시그니처이비인후과가정의학과의원,한나연,의원,경기
4168,유지,KS병원,이영철,종합병원,광주
4169,유지,서울루미나치과의원,박진수,치과의원,대구
4170,유지,디디한의원,김도균,한의원,서울
4171,유지,위드강클리닉의원,강대원,의원,부산
4172,유지,화사한의원,박상혁,한의원,경기
4173,유지,강남세종한방병원,김성욱,한방병원,세종
4174,유지,인천구월브이에스라인의원,이우열,의원,인천
4175,유지,현백의료재단 사상제일요양병원,김향란,기타,부산
4176,유지,현백의료재단 사상고려병원,김향란,병원,부산
4177,유지,메이성형외과,김명훈,의원,부산
4178,유지,스마트치과의원 월성점,정택균,치과의원,대구
4179,유지,이심당 치과의원,서재현,치과병원,대구
4180,유지,후한의원 부산,이현미,한의원,부산
4181,유지,연세우리별소아치과의원,김별이라,의원,인천
4182,유지,봄봄한의원,정미숙,한의원,부산
4183,유지,건강한의원,조문형,한의원,부산
4184,유지,(의)한아의료재단,문은수,치과병원,충남
4185,유지,태백한의원,노희목,한의원,대구
4186,유지,뉴욕서울치과의원,박정환,치과의원,부산
4187,유지,365굿모닝메디컬의원,김기창,의원,강원
4188,유지,경희든든부부한의원,윤정원,한의원,인천
4189,유지,스타팍스(주),우윤성,유치사업자,경기
4190,유지,삼성플러스관광주식회사 ㈜,서영련,유치사업자,대구
4191,유지,㈜유에스여행,황두연,유치사업자,서울
4192,유지,(주)프라자이십일,유원경,유치사업자,서울
4193,유지,한나라관광(주),안근배,유치사업자,서울
4194,유지,㈜ 이부커스코리아,박종윤,유치사업자,서울
4195,유지,㈜한몽파트너스,강상선,유치사업자,서울
4196,유지,주식회사고려의료관광개발,김재희,유치사업자,부산
4197,유지,하베스트에듀주식회사,윤경호,유치사업자,서울
4198,유지,민가,민경태,유치사업자,서울
4199,유지,㈜엠디마케팅,국기호,유치사업자,서울
4200,유지,(주)달라이몽골투어,톨가락바,유치사업자,경기
4201,유지,주식회사비에이치인터내셔널,김봉호,유치사업자,서울
4202,유지,주식회사포르튜나,OLEYNIK ALLA,유치사업자,부산
4203,유지,비엠케이,함루바,유치사업자,부산
4204,유지,주식회사 엠제이루스코,박근우,유치사업자,광주
4205,유지,폴리테스트코리아 ㈜,GROMOVA ELENA,유치사업자,부산
4206,유지,주식회사 오픈베이,한태준,유치사업자,서울
4207,유지,주식회사 아메디스,크람첸코 안드레이,유치사업자,서울
4208,유지,메디엔인터내셔날,우태제,유치사업자,인천
4209,유지,(주)글로벌그룹,김연아,유치사업자,경남
4210,유지,주식회사 비티메디,주형진,유치사업자,경기
4211,유지,㈜ 한진관광,이장훈,유치사업자,서울
4212,유지,주식회사 비에프생명과학,이희경,유치사업자,서울
4213,유지,주식회사 리싼,손홍식,유치사업자,서울
4214,유지,(주)뷰츠고,황국빈,유치사업자,서울
4215,유지,주식회사 리브어게인,정택수,유치사업자,서울
4216,유지,주식회사 와납스,김알라,유치사업자,서울
4217,유지,마운틴코리아㈜,장호식,유치사업자,부산
4218,유지,주식회사 아이에이치피,플로트니코바 마리나,유치사업자,서울
4219,유지,코비,지혜경,유치사업자,경기
4220,유지,메디오루스,SHAGINYAN IVAN,유치사업자,서울
4221,유지,리타루스(LITARUS),이타찌야나,유치사업자,서울
4222,유지,씨유코리아(C U KOREA),이등운,유치사업자,경기
4223,유지,주식회사 메디호스피탈컨설팅,김동철,유치사업자,서울
4224,유지,주식회사 인테여행사,VASILYEV ANDREY,유치사업자,대구
4225,유지,"㈜ 엠아이지2013(MIG2013 Co., Ltd)",김건희,유치사업자,서울
4226,유지,글로리 메디컬 앤 투어,최에드워드,유치사업자,경기
4227,유지,세윤 메디컬 투어,윤성로,유치사업자,서울
4228,유지,아리마 트레이딩(Irma trading),띵지아인,유치사업자,서울
4229,유지,(주)겔리온에스에이치,알렉산더쉬비쵸프,유치사업자,부산
4230,유지,주식회사 테무,김근진,유치사업자,서울
4231,유지,주식회사 골든투어코리아디엠씨,조민경,유치사업자,서울
4232,유지,탑 코리아,심 상 훈,유치사업자,경기
4233,유지,아리스타쉬핑 주식회사,박기태,유치사업자,부산
4234,유지,조이풀(JOYFUL),이나탈리야,유치사업자,인천
4235,유지,휴람,김수남,유치사업자,경기
4236,유지,주식회사 메디컬애비뉴,이예카테리나,유치사업자,서울
4237,유지,롯데관광 주식회사,조광희,유치사업자,서울
4238,유지,드림무역,장은숙,유치사업자,부산
4239,유지,주식회사 메디컬코리아서비스,김재중,유치사업자,서울
4240,유지,주식회사 유로이스트,최준용,유치사업자,서울
4241,유지,신아투어,신경수,유치사업자,서울
4242,유지,주식회사 우리원헬스케어,임병진,유치사업자,서울
4243,유지,㈜ 이에이치엘바이오,이홍기,유치사업자,경기
4244,유지,글러벌 엠엔케이,이마리나,유치사업자,서울
4245,유지,(주) 365mc,김남철,유치사업자,서울
4246,유지,비앤에이치케어,박순철,유치사업자,서울
4247,유지,건인약품㈜,박성근,유치사업자,서울
4248,유지,㈜인큐밸류,강두웅,유치사업자,제주
4249,유지,아이니,김미래,유치사업자,경기
4250,유지,"㈜ 미스터케어(Mr. Care. Co.,Ltd)",최윤영,유치사업자,서울
4251,유지,유니메디코리아,성은필,유치사업자,서울
4252,유지,주식회사큐어스빅토리아,김빅토리아,유치사업자,경기
4253,유지,서울유니,강유니,유치사업자,서울
4254,유지,㈜ 뷰파트너스,조신영,유치사업자,서울
4255,유지,메디버스,권리원,유치사업자,경기
4256,유지,소비코리아,서원,유치사업자,경기
4257,유지,㈜코리아링스 ,김병호,유치사업자,서울
4258,유지,주식회사 리나스 트래블,김리나,유치사업자,서울
4259,유지,케이지엘,호석원,유치사업자,경기
4260,유지,메디원(Medione),권나율,유치사업자,서울
4261,유지,주식회사 케이이엔에스,김형준,유치사업자,부산
4262,유지,주식회사 나이스메디,주형진,유치사업자,서울
4263,유지,주식회사 디암홀딩스,동웨,유치사업자,경기
4264,유지,메디칸 ㈜,이희영,유치사업자,서울
4265,유지,(주)클린업네트워크,남상호,유치사업자,서울
4266,유지,리진,최완규,유치사업자,서울
4267,유지,베라코(VERAKO)컴퍼니,정연인,유치사업자,대구
4268,유지,"주식회사 엑스와이글로벌(XY GLOBAL CO., LTD)",유지헌 앤드류,유치사업자,서울
4269,유지,주식회사 에버케어에스앤씨,이춘정,유치사업자,서울
4270,유지,㈜ 모바일이 지배하는 세상,김종석,유치사업자,서울
4271,유지,샤이코리아 ㈜,심율리아,유치사업자,서울
4272,유지,㈜ 에스에이엠투어,이만영,유치사업자,서울
4273,유지,비케이 한중 컨설팅,장난,유치사업자,서울
4274,유지,카디오메드 주식회사,PAK YULIA,유치사업자,서울
4275,유지,나타샤메디컬트래블,로바노바나딸리아빅토로브나,유치사업자,서울
4276,유지,주식회사 베컨,김용현,유치사업자,서울
4277,유지,합자회사 케이월드투어,이지희,유치사업자,서울
4278,유지,주식회사 하이메디,서돈교,유치사업자,서울
4279,유지,리나메드,자이쩨바이리나,유치사업자,인천
4280,유지,캐치메이뉘,김진호,유치사업자,서울
4281,유지,주식회사 코리아뷰티나비,박규리,유치사업자,서울
4282,유지,㈜부산티엔씨,최재형,유치사업자,부산
4283,유지,주식회사 포에버앤제이,양효진,유치사업자,서울
4284,유지,코리아 메디칼 투어리즘,신보균,유치사업자,경기
4285,유지,하킴트래블코리아,유근호,유치사업자,서울
4286,유지,(주) 큐큐국제여행사,김미란,유치사업자,서울
4287,유지,GMS(지엠에스),CHANDAASUREN KHISHIGJARGAL,유치사업자,경기
4288,유지,㈜썬웨이엠앤티,이영환,유치사업자,서울
4289,유지,매드앤프로,김올가,유치사업자,인천
4290,유지,코리아메디치(Korea Medici),이악산아,유치사업자,서울
4291,유지,뷰티게이트㈜,상혜경,유치사업자,서울
4292,유지,주식회사 와조아,김혜선,유치사업자,서울
4293,유지,에스피에스투어(주),이영록,유치사업자,서울
4294,유지,신세기앤컴퍼니 주식회사,정장곤,유치사업자,서울
4295,유지,안심국제 주식회사,후취취,유치사업자,서울
4296,유지,주식회사 도도인터내셔널,김향옥,유치사업자,서울
4297,유지,주식회사 상준메디컬투어,이상준,유치사업자,서울
4298,유지,㈜ 금룡여행사,유옥붕,유치사업자,서울
4299,유지,얄라코리아,박상원,유치사업자,서울
4300,유지,주식회사 플라잉닥터스,김상수,유치사업자,서울
4301,유지,주식회사 닥파인더코리아,박신보,유치사업자,서울
4302,유지,주식회사 헤드코리아,최원규,유치사업자,충북
4303,유지,(주)마이스구루,이태원,유치사업자,경북
4304,유지,중천코리아,JIANG XINSHU,유치사업자,서울
4305,유지,웰비스코리아,서세일,유치사업자,서울
4306,유지,리리,장유리,유치사업자,서울
4307,유지,주식회사 케이에스에스티,니팃실리비쓰,유치사업자,서울
4308,유지,사단법인 한국국제의료협회,김영태,유치사업자,서울
4309,유지,메디카,이레나,유치사업자,경기
4310,유지,주식회사 유비메디,이시형,유치사업자,서울
4311,유지,골든나비스,김주연,유치사업자,부산
4312,유지,주식회사 국제의료문화교류협의회,권중발,유치사업자,대구
4313,유지,㈜광림컨설팅,이운룡,유치사업자,서울
4314,유지,주식회사 서울가이드코리아,메디나 훔베르토 안토니오,유치사업자,서울
4315,유지,HPS (에이치피에스),한광숙,유치사업자,서울
4316,유지,㈜ 리인터내셔날,이현주,유치사업자,부산
4317,유지,㈜ 비엠모스트,김관주,유치사업자,서울
4318,유지,닥터투어 주식회사,박루슬란,유치사업자,서울
4319,유지,"주식회사 산비타(Sanvita CO.,LTD)",MAKSIMOVA ANNA,유치사업자,부산
4320,유지,주식회사 삼하,홍성권,유치사업자,강원
4321,유지,메디코퍼,김지홍,유치사업자,인천
4322,유지,센스메디컬,신효선,유치사업자,서울
4323,유지,㈜메디에베뉴,신예은,유치사업자,서울
4324,유지,주식회사 비앤에이치코리아 (B&H KOREA),박보현,유치사업자,서울
4325,유지,아리나의료관광,정명화,유치사업자,부산
4326,유지,주식회사 한세로,변영자,유치사업자,서울
4327,유지,다성VIP여행사,성경애,유치사업자,서울
4328,유지,주식회사 굿메디코리아(GOOD MEDI KOREA INC.),김도균,유치사업자,서울
4329,유지,㈜ 와이케이비에이치,양희용,유치사업자,서울
4330,유지,주식회사 케이지에이치,김현,유치사업자,광주
4331,유지,디자인 레모,박현근,유치사업자,경기
4332,유지,㈜명학국제여행사,ZHANG CHUNYAN,유치사업자,서울
4333,유지,YN-와이엔,이예나,유치사업자,서울
4334,유지,주식회사 엔케이,백성현,유치사업자,부산
4335,유지,주식회사 동하,황은주,유치사업자,부산
4336,유지,㈜ 디지털브랜딩,정명진,유치사업자,서울
4337,유지,(주)유앤알컴퍼니,박용호,유치사업자,서울
4338,유지,한중건강관리협회,ZHANG WEI,유치사업자,부산
4339,유지,아랑,김은화,유치사업자,대구
4340,유지,메디안,안라리사(AN LARISA),유치사업자,부산
4341,유지,주식회사 뉴평화관광여행사,조미현,유치사업자,대구
4342,유지,메디타 투어 앤 트레이드(MEDITA TOUR & TRADE),박단아,유치사업자,인천
4343,유지,주식회사 글로벌엠이엠,권혁민,유치사업자,서울
4344,유지,코에코테크트레이딩㈜,박영호,유치사업자,서울
4345,유지,주식회사 엘에이치브리지,이혜경,유치사업자,서울
4346,유지,비비코리아써저리 주식회사,루야폰포-우엄 (RUYAPORN PHO-UAM) ,유치사업자,서울
4347,유지,디엑스앤브이엑스 주식회사,권규찬,유치사업자,서울
4348,유지,㈜코리아마린서비스,이성훈,유치사업자,부산
4349,유지,주식회사 에이에이치코리아,김정수,유치사업자,서울
4350,유지,주식회사 지아난,이애리사,유치사업자,서울
4351,유지,주식회사 중국미업,LIU YINGCHUN,유치사업자,강원
4352,유지,주식회사 제이제트그룹,정영근,유치사업자,인천
4353,유지,인터코리아팔공신휴,이종래,유치사업자,대구
4354,유지,티엠글로벌  ,조마리나,유치사업자,서울
4355,유지,㈜잠언코리아,박인수,유치사업자,부산
4356,유지,주식회사 이후엘티에스,전성준,유치사업자,서울
4357,유지,주식회사 나모,원하은,유치사업자,서울
4358,유지,㈜파마존,이효원,유치사업자,서울
4359,유지,유엠아이티 주식회사,김기호,유치사업자,울산
4360,유지,주식회사 코리,송경선,유치사업자,서울
4361,유지,(주)에이치플러스건축사사무소,한만경,유치사업자,서울
4362,유지,주식회사 글로벌국제,엄은순,유치사업자,서울
4363,유지,주식회사 야베스케이,박연수,유치사업자,경기
4364,유지,주식회사 아이메이그룹,장슬기,유치사업자,서울
4365,유지,주식회사 케이지문화교류센터,김광철,유치사업자,서울
4366,유지,로메디 주식회사,송현석,유치사업자,서울
4367,유지,메디칼라인,윤나라,유치사업자,경기
4368,유지,주식회사 신라투어,정선윤,유치사업자,부산
4369,유지,"주식회사 로바스티(Lovashiti Co.,Ltd.)",한 빙,유치사업자,서울
4370,유지,주식회사 담비,김진섭,유치사업자,대구
4371,유지,코리아헬스케어서비스 주식회사,김정수,유치사업자,서울
4372,유지,에스제이씨엔씨(SJ C&C),윤성호,유치사업자,대구
4373,유지,주식회사 씨아이지뷰티,양효군,유치사업자,서울
4374,유지,프리미엄코스주식회사,손나딸리아,유치사업자,서울
4375,유지,랑스 주식회사,박시영,유치사업자,부산
4376,유지,주식회사 시야메디,김성옥,유치사업자,서울
4377,유지,프리가트,KHAN SUN CHER,유치사업자,경기
4378,유지,메디셀코리아,박원환,유치사업자,서울
4379,유지,㈜보람컨설팅,한준태,유치사업자,서울
4380,유지,더한스메디홀딩스㈜,박혜영,유치사업자,인천
4381,유지,리다스 메드(Leaders Med),장리라,유치사업자,경기
4382,유지,한국국제교류사업단,안경욱,유치사업자,대구
4383,유지,(주)아리수코리아디엠씨,김화선,유치사업자,서울
4384,유지,지킴스(Gkim's),김그리고리,유치사업자,경기
4385,유지,주식회사 메디라이크,전인탁,유치사업자,서울
4386,유지,주식회사 드림메디컬그룹,박양수,유치사업자,서울
4387,유지,트라스트메디(TrustMedi),오스타노바폴리나,유치사업자,인천
4388,유지,강남뷰티관광,장연,유치사업자,서울
4389,유지,주식회사 시자르,박래옥,유치사업자,서울
4390,유지,주식회사 케이브이엔홀딩스,정예주,유치사업자,경기
4391,유지,프레미움,은재원,유치사업자,서울
4392,유지,㈜ 마이스앱트,강현옥,유치사업자,서울
4393,유지,주식회사 케이씨티트래블(K-Culture Travel),장유재,유치사업자,서울
4394,유지,㈜미플즈,이세주,유치사업자,서울
4395,유지,주식회사넥스트아이,CHEN GUANG,유치사업자,경기
4396,유지,주식회사 에이피뷰티디자인(AP Beauty Design),차리사옹워라부트,유치사업자,서울
4397,유지,에이케이 헬스케어 인터내셔날,김화승,유치사업자,서울
4398,유지,주식회사 윤진,이하늘,유치사업자,경기
4399,유지,주식회사 서현메디컬비지니스,서수현,유치사업자,서울
4400,유지,주식회사 크리에이트립,임혜민,유치사업자,서울
4401,유지,미노몽골,바디와엥흐사롤,유치사업자,서울
4402,유지,㈜메디덴코,김두열,유치사업자,서울
4403,유지,주식회사 엠케이메디케어 ,심재원,유치사업자,서울
4404,유지,㈜ 코리아메디케어,이성주,유치사업자,서울
4405,유지,주식회사 큐브메디컬,김희태,유치사업자,경기
4406,유지,㈜국제여행사,최윤정,유치사업자,인천
4407,유지,주식회사 메디라운드,신영종,유치사업자,서울
4408,유지,주식회사 청솔트러스트,최흥묵,유치사업자,서울
4409,유지,주식회사 에이스엔터테인먼트아시아,김현정,유치사업자,서울
4410,유지,주식회사 케이비엔씨,윤세희,유치사업자,경기
4411,유지,(주)한국성형정보원,구본형,유치사업자,서울
4412,유지,㈜ 하하여행,이종성,유치사업자,서울
4413,유지,㈜에이치헬스,이재윤,유치사업자,서울
4414,유지,에듀라인 주식회사,조수환,유치사업자,서울
4415,유지,주식회사 본투어인터내셔날,박범록,유치사업자,서울
4416,유지,위엔플러스,최회민,유치사업자,경기
4417,유지,㈜ 비에스홀딩스,이용석,유치사업자,강원
4418,유지,하이투어,장지숙,유치사업자,서울
4419,유지,주식회사 현서교역,김재용,유치사업자,서울
4420,유지,㈜ 라미체1,류혜수,유치사업자,서울
4421,유지,㈜ 메디스타 컴퍼니,황정구,유치사업자,서울
4422,유지,주식회사 가온잡,황진영,유치사업자,인천
4423,유지,주식회사 세이프닥,이예솔,유치사업자,서울
4424,유지,주식회사스타투어여행,심호진,유치사업자,서울
4425,유지,다모의료앤문화관광 협동조합,라오너,유치사업자,경기
4426,유지,주식회사 트리움하우스,이은선,유치사업자,경기
4427,유지,주식회사 호비컴퍼니,정영태,유치사업자,부산
4428,유지,주식회사 한국교육여행사,구자만,유치사업자,서울
4429,유지,주식회사 옥타바이오,김재병,유치사업자,서울
4430,유지,(주)미뷰,신진석,유치사업자,서울
4431,유지,이븐씨나 메디컬,김우제,유치사업자,서울
4432,유지,㈜ 한태교류센터케이티씨씨,이유현,유치사업자,서울
4433,유지,주식회사 힐링페이퍼,홍승일,유치사업자,서울
4434,유지,유한회사 스파르스비트(SparseBit Ltd.),볼데미안알렉산더,유치사업자,서울
4435,유지,㈜ 루앤코,서민정,유치사업자,서울
4436,유지,닥터 최(Dr.Choi),최윤아,유치사업자,서울
4437,유지,인피니트(INFINITE),PARK SVETLANA VLADIMIROVNA,유치사업자,부산
4438,유지,(주)닥터드림,박양수,유치사업자,서울
4439,유지,클라우드 호스피탈 주식회사,NAZAROV SULEYMAN,유치사업자,제주
4440,유지,디에이홀딩스 주식회사(DA Holdings Inc.),박영수,유치사업자,서울
4441,유지,엠에스 메디칼 그룹(MS Medical Group),한민수,유치사업자,경기
4442,유지,㈜ 코리엠소프트,최원석,유치사업자,대전
4443,유지,주식회사 에스큐뷰티,마수진,유치사업자,서울
4444,유지,주)이삭글로벌,변동우,유치사업자,경기
4445,유지,주식회사 비에스펀투어,최효섭,유치사업자,부산
4446,유지,메디칼 스캐닝 코리아,전세환,유치사업자,경기
4447,유지,주식회사 더마라인,왕홍근,유치사업자,경기
4448,유지,주식회사 글로벌비엔,정방희,유치사업자,충남
4449,유지,에스더블유 뷰티,운디 알리야,유치사업자,경기
4450,유지,주식회사 플라스틱뷰티구루,미스프리리사마하윙파이산,유치사업자,서울
4451,유지,㈜ 와우보스,최준환,유치사업자,경기
4452,유지,주식회사 태리투어,김영숙,유치사업자,경기
4453,유지,핑크뮬리나,김영미,유치사업자,서울
4454,유지,21세기메디칼 주식회사,신미향,유치사업자,광주
4455,유지,레지스컴 주식회사,변진철,유치사업자,서울
4456,유지,(주)위픽코퍼레이션,김태환,유치사업자,서울
4457,유지,주식회사 이스트미츠웨스트,설영민,유치사업자,서울
4458,유지,주식회사 퓨쳐팩토리코리아,후카마치 리카,유치사업자,서울
4459,유지,주식회사 더블유제이랩스,정낙희,유치사업자,서울
4460,유지,밀레니엄,엄엘레나,유치사업자,인천
4461,유지,(주)비피앤파트너스,박재영,유치사업자,서울
4462,유지,더 원 메디,김유선,유치사업자,경기
4463,유지,주식회사 글로벌앤유,조윤수,유치사업자,서울
4464,유지,주식회사 브이지,이수진,유치사업자,서울
4465,유지,아시아투데이(주),우종순,유치사업자,서울
4466,유지,(주)지케이엠씨,박성배,유치사업자,서울
4467,유지,코리아-플러스,김마리나 ,유치사업자,서울
4468,유지,(주)루이투어,노은화,유치사업자,서울
4469,유지,주식회사 다민,이신숙,유치사업자,서울
4470,유지,(주)아이티에이,윤석준,유치사업자,울산
4471,유지,(주)케어랩스,이민경,유치사업자,서울
4472,유지,산타컨설팅,이현영,유치사업자,서울
4473,유지,주식회사 몽스카이,김         영          주,유치사업자,서울
4474,유지,주식회사코렘투어,전안나,유치사업자,부산
4475,유지,부산제이엠제이,조미정,유치사업자,부산
4476,유지,리온홀딩스 유한책임회사,백호준,유치사업자,서울
4477,유지,주식회사 소유코리아,조연서,유치사업자,대구
4478,유지,주식회사 헬스앤뷰티,김나탈리아,유치사업자,경기
4479,유지,주식회사 한컴케어링크,천창기,유치사업자,경기
4480,유지,글로벌어시스턴스파트너스(주),변향심,유치사업자,서울
4481,유지,주식회사 티비에스그룹,쿠리싸라위왔싸타펀,유치사업자,서울
4482,유지,(주)탬코리아,한호선,유치사업자,서울
4483,유지,주식회사 라헤베,푸얀핑,유치사업자,제주
4484,유지,미즈메디,임춘미,유치사업자,충북
4485,유지,주식회사 바이칼통상,오미정,유치사업자,서울
4486,유지,(주)메딕텔,장수원,유치사업자,경기
4487,유지,주식회사 비티씨세븐,이분순,유치사업자,서울
4488,유지,코리아메디칼파트너스,이나탈리아,유치사업자,서울
4489,유지,주식회사 에픽,이승욱,유치사업자,대구
4490,유지,제이미루,김진호,유치사업자,서울
4491,유지,코리아스타일트래블,현국헌,유치사업자,서울
4492,유지,(주)제인디엠씨코리아,한정규,유치사업자,서울
4493,유지,라이프케어 ,우영숙,유치사업자,서울
4494,유지,주식회사 한진의미,런이페이,유치사업자,경기
4495,유지,현승해운(주),박성진,유치사업자,부산
4496,유지,하이코리아투어,김경보,유치사업자,서울
4497,유지,주식회사 트레이지,강자현,유치사업자,서울
4498,유지,(주)보문세계여행사,최민서,유치사업자,서울
4499,유지,(주)에이피앤코,김지희,유치사업자,서울
4500,유지,(주)이엔아이스튜디오,강승범,유치사업자,서울
4501,유지,주식회사 코리아외사국제여행사,권보경,유치사업자,서울
4502,유지,엔바이오텍,김대용,유치사업자,경기
4503,유지,주식회사 호산퓨처,이형철,유치사업자,서울
4504,유지,주식회사 에스투터,딘드사란지트싱,유치사업자,서울
4505,유지,주식회사 온포인트,김혜정,유치사업자,서울
4506,유지,주식회사 유비크,장예솔,유치사업자,충북
4507,유지,코렉스메디,김지만,유치사업자,경기
4508,유지,GOODLIFE,박 이졸다,유치사업자,부산
4509,유지,에이로지스,송철호,유치사업자,경기
4510,유지,메디컬유니온,라보브카유리,유치사업자,서울
4511,유지,주식회사메디컬아시아네트웍스,강철용,유치사업자,서울
4512,유지,주식회사 투어리스트,이강혁,유치사업자,경기
4513,유지,글로벌메디케어,한현미 ,유치사업자,서울
4514,유지,주식회사 엠엠지인터내셔널,이성욱,유치사업자,서울
4515,유지,주) 지엠엔에프코리아,이종현,유치사업자,경기
4516,유지,주식회사 씨앤,박상용,유치사업자,부산
4517,유지,(주) 메디아나그룹,김인나,유치사업자,서울
4518,유지,주식회사 솔라빌,홍기정,유치사업자,경기
4519,유지,주식회사 코리아홈헬스케어,김영민,유치사업자,서울
4520,유지,주식회사 메디엔젤,최규덕,유치사업자,서울
4521,유지,에스투뷰텍,김연선,유치사업자,대구
4522,유지,비케이엠,부경미,유치사업자,제주
4523,유지,(주)금곡국제여행사,이송아,유치사업자,부산
4524,유지,한중의료관광협동조합,안지원,유치사업자,대구
4525,유지,주식회사 휴먼셀바이오,고창호,유치사업자,경기
4526,유지,(주)알코르메드라인,마주릭엘레나,유치사업자,부산
4527,유지,(주)올베스,권오순,유치사업자,부산
4528,유지,(주)덱스코,한상돌,유치사업자,대구
4529,유지,서울메디컬,죽델남질 나르만다흐,유치사업자,서울
4530,유지,주식회사 트래비스,송재만,유치사업자,서울
4531,유지,뷰티끄 코리아,김다솜,유치사업자,서울
4532,유지,코리이가이드센터주식회사,최성희,유치사업자,부산
4533,유지,유한회사 더화청,우수한,유치사업자,제주
4534,유지,화인국제주식회사,장향련,유치사업자,제주
4535,유지,(주)코앤씨,김용진,유치사업자,서울
4536,유지,글로부스 주식회사,유가이 인가,유치사업자,부산
4537,유지,대한국제여유(주),이동매,유치사업자,서울
4538,유지,에이치에이전시,하기혜,유치사업자,서울
4539,유지,선경메디텍(주),김형중,유치사업자,서울
4540,유지,상호명 테스트,테스트_국문,유치사업자,울산
4541,유지,(주)실크로드메드,박교진,유치사업자,대구
4542,유지,주식회사 인피니티케어,강건욱,유치사업자,서울
4543,유지,한미생주식회사,양시아오(양셔),유치사업자,서울
4544,유지,(주)단아티앤씨,허가이데니스,유치사업자,인천
4545,유지,유니콤인터네셔널주식회사,원종갑,유치사업자,서울
4546,유지,삼에스개발(주),장필석,유치사업자,부산
4547,유지,(주) 로이스타,이주현,유치사업자,서울
4548,유지,(주)노블유,유은재,유치사업자,서울
4549,유지,(주)초록배낭,채유진,유치사업자,부산
4550,유지,(주)한길국제여행사,조요셉,유치사업자,서울
4551,유지,굿커넥션,강석균,유치사업자,부산
4552,유지,(주)더에쓰씨,양승철,유치사업자,서울
4553,유지,(주)지플러스서비스,진 우 현,유치사업자,부산
4554,유지,(주)서진월드투어,여승철,유치사업자,서울
4555,유지,케이알뷰티,김아름,유치사업자,서울
4556,유지,벨에어주식회사,김형석,유치사업자,서울
4557,유지,코리아메디컬컴페니온,오현주,유치사업자,서울
4558,유지,(주)메디펀,김민수,유치사업자,부산
4559,유지,(주)신화국제,장진개,유치사업자,서울
4560,유지,(주)하나투어아이티씨,이제우,유치사업자,서울
4561,유지,(주)에니투어,홍성순,유치사업자,서울
4562,유지,주식회사 비아젱,이재현,유치사업자,서울
4563,유지,(주)메드앤텍,남성한,유치사업자,서울
4564,유지,서지코리아,정혜경,유치사업자,경기
4565,유지,그로토 주식회사,김동연,유치사업자,서울
4566,유지,실적보고용 테스트계정(유치업자),장은수,유치사업자,충북
4567,유지,(주)브리즈스토리,한창희,유치사업자,서울
4568,유지,주식회사 나비나,채수영,유치사업자,서울
4569,유지,(주)푸디케이션,이기호,유치사업자,경기
4570,유지,주식회사 제나웰니스,김풍운,유치사업자,인천
4571,유지,(주)비에스관광개발,이선현,유치사업자,서울
4572,유지,(주)미래써어치 컨설팅그룹,이현창,유치사업자,경기
4573,유지,(주)중인국제교류중심,최금강,유치사업자,서울
4574,유지,주식회사 아이앰에스,주권,유치사업자,서울
4575,유지,(주)에스제이바이브,채상준,유치사업자,서울
4576,유지,엘와이메디투어주식회사,김정은,유치사업자,서울
4577,유지,(주)에리온 홀딩스,윤서진,유치사업자,인천
4578,유지,유한책임회사 제이에스씨홀딩스,이지연,유치사업자,서울
4579,유지,(주)엠비씨충북,이태문,유치사업자,충북
4580,유지,메디스타,오동구아,유치사업자,서울
4581,유지,주식회사 씨엠에스코리아,김경영,유치사업자,부산
4582,유지,인터내셔날에스오에스코리아 주식회사,로렝포리에,유치사업자,서울
4583,유지,아말,이숙재,유치사업자,서울
4584,유지,코레일관광개발(주),권백신,유치사업자,서울
4585,유지,롯데제이티비 주식회사,박재영,유치사업자,서울
4586,유지,(주)아이에이치파트너스,한재준,유치사업자,서울
4587,유지,주식회사 디엠티,서홍식,유치사업자,대구
4588,유지,(사)경기국제의료협회,김인병,유치사업자,경기
4589,유지,소블리,박서경,유치사업자,서울
4590,유지,케이플래그,정영훈,유치사업자,강원
4591,유지,제론바이오(주),이상은,유치사업자,경기
4592,유지,미래커뮤니케이션,정상순,유치사업자,대전
4593,유지,세정글로벌 주식회사,장연희,유치사업자,부산
4594,유지,비스타글로벌어시스턴스 주식회사,김형조,유치사업자,서울
4595,유지,주식회사 대한국제성형미용연수원,김민규,유치사업자,서울
4596,유지,(주) 신시대글로벌,강영석,유치사업자,서울
4597,유지,(주)판진,김영진,유치사업자,서울
4598,유지,주식회사 힐링브리즈,박기범,유치사업자,서울
4599,유지,(주)토모코리아트래블,육근성,유치사업자,서울
4600,유지,올리버스 주식회사,심재붕,유치사업자,서울
4601,유지,강남메디,김지환,유치사업자,서울
4602,유지,소범컨설팅,김표,유치사업자,경기
4603,유지,부두여행사,이승수,유치사업자,인천
4604,유지,(주)서울가이드메디컬,메디나 조슈아 안토니오,유치사업자,서울
4605,유지,(주) 글로벌메디칼서비스,이건용,유치사업자,서울
4606,유지,주식회사 패스트레인,손승우,유치사업자,서울
4607,유지,플라잉투어,박재영,유치사업자,대전
4608,유지,주식회사 아마데우스엠,아웰베코바쉬나르,유치사업자,경기
4609,유지,(주)유니원트레이드,한윤식,유치사업자,서울
4610,유지,정낭여행사,남 철우,유치사업자,제주
4611,유지,주식회사 오션인터내셔널,임준성,유치사업자,서울
4612,유지,(주)신화월드투어,신선영,유치사업자,서울
4613,유지,주식회사 비엘제이코리아,주대곤,유치사업자,서울
4614,유지,주식회사 유노제이,정혜욱,유치사업자,서울
4615,유지,유에스케이엔코리아,경재선,유치사업자,서울
4616,유지,주식회사 써밋츠,황유진,유치사업자,서울
4617,유지,선헬스케어인터내셔널(주),선승훈,유치사업자,대전
4618,유지,뷰티인사이드,탐마턴 아리완,유치사업자,경기
4619,유지,주식회사북부기술단,이원구,유치사업자,경기
4620,유지,케이메드라인,정은주,유치사업자,대전
4621,유지,(유)케이투지비에스,양정선,유치사업자,경기
4622,유지,주식회사 오가고,서은희,유치사업자,서울
4623,유지,주식회사 오른,장동훈,유치사업자,서울
4624,유지,주식회사 동국,장환준,유치사업자,경기
4625,유지,서울프라스틱서저리하우스코리아 유한회사,마리챌팟탈라님,유치사업자,경기
4626,유지,주식회사 다이아애드,창빙쉬에,유치사업자,서울
4627,유지,(주)다문화여행사,김상규,유치사업자,서울
4628,유지,주식회사 엠블루투어코리아,송재호,유치사업자,서울
4629,유지,주식회사 한트레이드,김선동,유치사업자,부산
4630,유지,미니쉬테크놀로지 주식회사,강정호,유치사업자,서울
4631,유지,주)싱크버스,신준철,유치사업자,서울
4632,유지,(주)하나글로벌로지스,박경학,유치사업자,서울
4633,유지,주식회사 닥터봄,이혜정,유치사업자,서울
4634,유지,(주)해피메디온,김흥준,유치사업자,서울
4635,유지,(주)에이에프트레블앤뷰티,박일재,유치사업자,서울
4636,유지,주식회사  달리글로벌,이동훈,유치사업자,경기
4637,유지,주식회사 코리아베스트닥터,김성수,유치사업자,서울
4638,유지,씨에스메드,김상호,유치사업자,서울
4639,유지,주)대한오토,김병길,유치사업자,서울
4640,유지,아이러브여수,김은도,유치사업자,전남
4641,유지,메디케이코리아,바이뚜오바 쿠퍼나이,유치사업자,서울
4642,유지,케이 피오스,조건령,유치사업자,서울
4643,유지,메가투어,김재환,유치사업자,경기
4644,유지,우리닥터스 주식회사,이병두,유치사업자,서울
4645,유지,주식회사 그룹바이칼바이오항노화연구소,황금화,유치사업자,서울
4646,유지,주식회사 인사랑컨설팅,서은경,유치사업자,서울
4647,유지,주식회사 리치닥,문용섭,유치사업자,서울
4648,유지,주식회사 페이스웹,박재봉,유치사업자,서울
4649,유지,주식회사 카이노스,최윤철,유치사업자,서울
4650,유지,주식회사 진이어스,송태훈,유치사업자,서울
4651,유지,나이트브릿지 파트너스,이상우,유치사업자,경기
4652,유지,주식회사 마이스트래블,이윤호,유치사업자,경북
4653,유지,주식회사 엔케이글로벌홀딩스,김준환,유치사업자,서울
4654,유지,루루바이오,박서원,유치사업자,부산
4655,유지,더페블러스케이알 주식회사,시릿위닛촛 나차리,유치사업자,서울
4656,유지,주식회사 파비스코리아,김탑,유치사업자,서울
4657,유지,메디게이트,박안나,유치사업자,경기
4658,유지,스텐리,이미하일,유치사업자,서울
4659,유지,주식회사 뷰티파이코리아,김제운,유치사업자,서울
4660,유지,주식회사 이레마케팅,정규연,유치사업자,서울
4661,유지,하루투어 ,어용게렐(오윤아),유치사업자,서울
4662,유지,비엠케이 컨설팅,원징,유치사업자,서울
4663,유지,어웰(주),김완,유치사업자,경기
4664,유지,주식회사 제트엘,요범,유치사업자,서울
4665,유지,메디바이저,소지은,유치사업자,충남
4666,유지,미백합주식회사,선광이치,유치사업자,제주
4667,유지,주식회사 비플러스헬스케어,김창희,유치사업자,강원
4668,유지,주식회사 이태,유암송,유치사업자,서울
4669,유지,주식회사 메디윈,박진성,유치사업자,경기
4670,유지,주식회사 메디윈,박진성,유치사업자,서울
4671,유지,주식회사 닥터송에이치앤비,송형민,유치사업자,서울
4672,유지,주식회사 원모아파트너,서동욱,유치사업자,서울
4673,유지,주식회사 유에스아주투어,헬렌영박,유치사업자,서울
4674,유지,유어코리아,문발레리,유치사업자,인천
4675,유지,주식회사 더부러네트워크,배광효,유치사업자,대구
4676,유지,코스메틱 라보,강혜이,유치사업자,경기
4677,유지,주식회사 메드코프,김윤상,유치사업자,서울
4678,유지,엠큐서저리 주식회사,섹쾀디 플러이나팟,유치사업자,서울
4679,유지,하트너 주식회사,박경서,유치사업자,인천
4680,유지,(주) 미나트립,고성준,유치사업자,서울
4681,유지,지이,배용,유치사업자,서울
4682,유지,메디컬엑세스코리아,정진선,유치사업자,서울
4683,유지,메디컬렉션 주식회사,문관식,유치사업자,서울
4684,유지,에어마켓코리아 컴퍼니,엥흐바타르 설렁거,유치사업자,서울
4685,유지,주식회사 케이그루서울컴퍼니,청록얀,유치사업자,서울
4686,유지,티앤와이,최태은,유치사업자,서울
4687,유지,동화그룹 주식회사,신혜진,유치사업자,경기
4688,유지,주식회사 트라이업,김은희,유치사업자,서울
4689,유지,주식회사 유디,김종명,유치사업자,서울
4690,유지,주식회사 더메이저타운,박건욱,유치사업자,서울
4691,유지,케이에스제이메디컬,테 마야,유치사업자,서울
4692,유지,주식회사 에스에스케이파트너스,정일환,유치사업자,서울
4693,유지,주식회사 쥬얼리홀딩스,신용원,유치사업자,경기
4694,유지,(주)모두투어인터내셔널,유유방,유치사업자,서울
4695,유지,(주)진저,이수민,유치사업자,서울
4696,유지,주식회사 리콘,김지나,유치사업자,부산
4697,유지,주식회사 에스티에이트레이드앤메디투어,김두열,유치사업자,부산
4698,유지,메이뷰티랩,김세인,유치사업자,서울
4699,유지,(주)서진항공,여승철,유치사업자,서울
4700,유지,인피니티메디투어,권연수,유치사업자,서울
4701,유지,(주)건승라이프,김주관,유치사업자,부산
4702,유지,(주)이메디몰,김수열,유치사업자,서울
4703,유지,메이린스테이션 주식회사,송인규,유치사업자,서울
4704,유지,비엠 메디투어,한가인,유치사업자,부산
4705,유지,온리뷰티,범보룡,유치사업자,서울
4706,유지,주식회사 메디빌더,인준영,유치사업자,서울
4707,유지,뷰티러브,강은영,유치사업자,충남
4708,유지,주식회사 온리프앤파트너스,인준영,유치사업자,서울
4709,유지,(주)드림앤투어,홍택기,유치사업자,대구
4710,유지,이공일컴퍼니(주),유순광,유치사업자,서울
4711,유지,주식회사 리팅랩스,김수현,유치사업자,서울
4712,유지,주식회사 플란랩스,김수현,유치사업자,서울
4713,유지,주식회사 다이트랩,김수현,유치사업자,서울
4714,유지,주식회사 모모랩스,하지성,유치사업자,서울
4715,유지,현대뷰티,전혜림,유치사업자,서울
4716,유지,(주)해륙물산,정기호,유치사업자,경기
4717,유지,위투어코리아,김영미,유치사업자,서울
4718,유지,주식회사 케이탑여행사,황정일,유치사업자,서울
4719,유지,렛츠프리티,노진영,유치사업자,서울
4720,유지,주식회사 지비앤투어,윤권덕,유치사업자,서울
4721,유지,메이비코리아 주식회사,양대규,유치사업자,서울
4722,유지,주식회사 알지팩토리,김기출,유치사업자,인천
4723,유지,주식회사 유어프렌즈,송원익,유치사업자,서울
4724,유지,(주)스마트글로벌,이영화,유치사업자,서울
4725,유지,라오타이주식회사,석아영,유치사업자,경기
4726,유지,주식회사 세나스메디케어,최아이야,유치사업자,인천
4727,유지,주식회사 링크온메디케어,최란,유치사업자,서울
4728,유지,(주)케이티아이 중앙동지점,서지영,유치사업자,부산
4729,유지,엠케이,김경숙,유치사업자,서울
4730,유지,주식회사 재미난투어,최부림,유치사업자,부산
4731,유지,주식회사 메이트투어,전우호,유치사업자,강원
4732,유지,주식회사 제인디엠씨부산,한정규,유치사업자,부산
4733,유지,주식회사 엠에프투어,민경원,유치사업자,경기
4734,유지,주식회사 아칸,박신우,유치사업자,서울
4735,유지,케이엠에스한국의료서비스(주),이세주,유치사업자,서울
4736,유지,애드바노주식회사,김성연,유치사업자,서울
4737,유지,주식회사 이움크리에이티브,송인주,유치사업자,서울
4738,유지,비더,이기주,유치사업자,서울
4739,유지,주식회사 글로벌인,인길연,유치사업자,대구
4740,유지,탑뷰티,JIN ZHI GUO,유치사업자,서울
4741,유지,국제가속기엔지니어링 주식회사,이효빈,유치사업자,서울
4742,유지,(주)글로벌 트래블 앤 비즈니스,이기수,유치사업자,경기
4743,유지,스카이라인메디콜,유남희,유치사업자,서울
4744,유지,주식회사 노니투어,박지연,유치사업자,서울
4745,유지,지유글로벌,최혜지,유치사업자,강원
4746,유지,주식회사 핏커머스,이경호,유치사업자,서울
4747,유지,주식회사 스마트코어,한근석,유치사업자,서울
4748,유지,(주) 티엔엘에프앤비띠아우타이,함바난다놉파티찬라타나,유치사업자,서울
4749,유지,주식회사 플코,이원세,유치사업자,대전
4750,유지,(주)라피엘,김성희,유치사업자,경기
4751,유지,(주)한코리아투어,김재신,유치사업자,경기
4752,유지,(주)뷰티코리아메디컬,한메이니,유치사업자,서울
4753,유지,(주)아이엠비코리아,신주호,유치사업자,서울
4754,유지,주식회사 올리고컴퍼니,한승재,유치사업자,전북
4755,유지,(주)케이티에스,박춘서,유치사업자,서울
4756,유지,주식회사 케어트립,설윤환,유치사업자,서울
4757,유지,주식회사 지알인터내셔널,박종찬,유치사업자,대구
4758,유지,제이제이글로벌,백종헌,유치사업자,서울
4759,유지,주식회사 제이에이치솔루션,조현기,유치사업자,서울
4760,유지,황오빠,황민혁,유치사업자,서울
4761,유지,주식회사 라엘링크,박보승,유치사업자,서울
4762,유지,주식회사 제이엠펭귄컴퍼니,김동원,유치사업자,서울
4763,유지,페드메디,김리나,유치사업자,경기
4764,유지,주식회사  한국홀리데이여행사,김석준,유치사업자,서울
4765,유지,귀여운회사,최선위,유치사업자,인천
4766,유지,바르미투어,서기수,유치사업자,서울
4767,유지,룰루메딕 주식회사,김영웅,유치사업자,서울
4768,유지,태우투어,류쌍림,유치사업자,서울
4769,유지,라파버코리아,신디나,유치사업자,서울
4770,유지,(주)화은국제여행사,이지언,유치사업자,서울
4771,유지,(주) 여행아놀자,황선동,유치사업자,대구
4772,유지,주식회사 지디사이어써저리,낫띠야 데자와닛차야누맛,유치사업자,서울
4773,유지,주식회사 하이강남,윤미자,유치사업자,서울
4774,유지,바이올렛글로벌마케팅주식회사,남해영,유치사업자,서울
4775,유지,비사이트컴퍼니,최성민,유치사업자,울산
4776,유지,(주)올투원,우승호,유치사업자,서울
4777,유지,지심지미메디컬,박소아,유치사업자,서울
4778,유지,(주)글로벌브릿지투어,김성훈,유치사업자,경기
4779,유지,씨앤파이브,장진영,유치사업자,경북
4780,유지,제노시스 에이아이 헬스케어 주식회사,이희원,유치사업자,서울
4781,유지,메디앙주,노승국,유치사업자,경기
4782,유지,(주)프리미엄패스 인터내셔널,김응수,유치사업자,서울
4783,유지,㈜하이신,춥 나탈리야,유치사업자,부산
4784,유지,(주)지에스엘(GSL),신은희,유치사업자,경기
4785,유지,(사)대한의료관광진흥협회,정준호,유치사업자,서울
4786,유지,(주)베카메디,김찬기,유치사업자,충북
4787,유지,티디 투어,턱럼 아리오나,유치사업자,서울
4788,유지,스테이앤리브주식회사,정상균,유치사업자,서울
4789,유지,주식회사 클립앤컴퍼니,최성우,유치사업자,광주
4790,유지,주식회사 윈다국제투어,공해령,유치사업자,서울
4791,유지,주식회사토픽,조장환,유치사업자,서울
4792,유지,레노파,응싱이,유치사업자,서울
4793,유지,주식회사 천아국제,박혜명,유치사업자,서울
4794,유지,(주)포에버18인터네셔널,아흐마도브 케난,유치사업자,서울
4795,유지,주식회사 티슬림인터내셔날,이영금,유치사업자,서울
4796,유지,주식회사 신치커글로벌,이성,유치사업자,서울
4797,유지,이루엠투어,신건환,유치사업자,서울
4798,유지,주식회사 미투케이,소유일,유치사업자,서울
4799,유지,웰메디투어,필리포바안나,유치사업자,경기
4800,유지,(주)한나에이전시,낫탄껫몽콘차위,유치사업자,서울
4801,유지,비타투어,아르테멘코빅토리아,유치사업자,서울
4802,유지,오리엔탈나이츠어드바이저즈주식회사,이정재,유치사업자,서울
4803,유지,레코메드,강 발레리아,유치사업자,경기
4804,유지,하이서울코리아8주식회사,체이�h부사바,유치사업자,서울
4805,유지,주식회사 지투지,황동연,유치사업자,서울
4806,유지,주식회사 언니비샤인,텅우덤나타몬,유치사업자,서울
4807,유지,주식회사 이데아약품,이령,유치사업자,서울
4808,유지,주식회사 메디유,크반 블라디미르,유치사업자,서울
4809,유지,(주)원코리아 홀리데이,홍수미,유치사업자,경기
4810,유지,케이씨엠티(주),이정표,유치사업자,서울
4811,유지,주식회사 더글로디,배영은,유치사업자,서울
4812,유지,한강애봄,이가나,유치사업자,서울
4813,유지,인서울여행사,김재인,유치사업자,서울
4814,유지,주식회사 케이엠아이씨,신해란,유치사업자,서울
4815,유지,더휴메디컬,김지훈,유치사업자,경기
4816,유지,지케이글로벌,권혁관,유치사업자,서울
4817,유지,올라이프원 주식회사,조준호,유치사업자,경기
4818,유지,(주)투어링스,장문수,유치사업자,서울
4819,유지,주식회사 중화국제여행사,우봉,유치사업자,서울
4820,유지,(주)럭키세븐투어,강민정,유치사업자,서울
4821,유지,클로버코,김마리나,유치사업자,인천
4822,유지,엠씨에스 코리아,권영민,유치사업자,서울
4823,유지,주식회사 케이투어스토리,박강현,유치사업자,서울
4824,유지,하이디하우스,하석원,유치사업자,서울
4825,유지,주식회사 라이프월드투어,최상호,유치사업자,경기
4826,유지,뷰티풀데이즈,신이현,유치사업자,서울
4827,유지,메드라인,김림마,유치사업자,서울
4828,유지,주식회사 한차오,박해신,유치사업자,서울
4829,유지,주식회사한중인재개발원,김봉흠,유치사업자,서울
4830,유지,주식회사 예스헬스케어,곽석,유치사업자,서울
4831,유지,주식회사 링키스,박규리,유치사업자,서울
4832,유지,(주)365에이젼시,쥬르키나 타마라,유치사업자,서울
4833,유지,에브리메디,이정민,유치사업자,경남
4834,유지,미혼다메디컬,김정민,유치사업자,서울
4835,유지,주식회사 리드투어,이용권,유치사업자,서울
4836,유지,주식회사 공팔리터,최창우,유치사업자,서울
4837,유지,코유라,오근석,유치사업자,경기
4838,유지,주식회사 케이씨씨티컴퍼니,김성수,유치사업자,서울
4839,유지,다리,서영숙,유치사업자,인천
4840,유지,주식회사 윈아이템즈,장계숙,유치사업자,서울
4841,유지,주식회사 투어윈도우글로벌,최형기,유치사업자,서울
4842,유지,헤이 코리아,뭉흐졸,유치사업자,인천
4843,유지,비씨,이정복,유치사업자,서울
4844,유지,주식회사 한창글로벌,김미화,유치사업자,서울
4845,유지,주식회사 뉴온더웨이투어,허봉문,유치사업자,서울
4846,유지,(주)화정여행사,두립옥,유치사업자,서울
4847,유지,주식회사 다성메디써비스,성경애,유치사업자,서울
4848,유지,유에이이소닉코리아 주식회사,임태빈,유치사업자,서울
4849,유지,주)큐반,박재석,유치사업자,서울
4850,유지,주식회사 코셉트,한차원,유치사업자,서울
4851,유지,아프로디테,오선숙,유치사업자,경기
4852,유지,브릿지,장경철,유치사업자,서울
4853,유지,(주)오아시스,천지향,유치사업자,대전
4854,유지,주식회사 티엔엠투어,김윤승,유치사업자,서울
4855,유지,주식회사 로드시스템,장양호,유치사업자,서울
4856,유지,주식회사 트루자임,홍규리,유치사업자,울산
4857,유지,주식회사 에이티움,장영우,유치사업자,서울
4858,유지,주식회사 아시아미,이수현,유치사업자,서울
4859,유지,주식회사엘앤비투어,이강영,유치사업자,서울
4860,유지,주식회사 커넥트웰,나선웅,유치사업자,서울
4861,유지,딩하오,정위효,유치사업자,서울
4862,유지,주식회사 영락글로벌,페려나,유치사업자,서울
4863,유지,글로벌다이렉트,안재용,유치사업자,서울
4864,유지,주식회사 닥터코비,이정한 ,유치사업자,서울
4865,유지,(주) 에어맨,김평수,유치사업자,인천
4866,유지,주식회사 신우글로벌그룹,임규한,유치사업자,서울
4867,유지,메디로드,윤재성,유치사업자,인천
4868,유지,주식회사 테크랩스,유지헌,유치사업자,서울
4869,유지,씨코리아해운(주),강현규,유치사업자,인천
4870,유지,주식회사 웨이브글로벌스,진태성,유치사업자,서울
4871,유지,스위트투어 주식회사,정연,유치사업자,서울
4872,유지,위메디,이태헌,유치사업자,경기
4873,유지,(주)내주여행사,이옥주,유치사업자,서울
4874,유지,바디노트,황유정,유치사업자,서울
4875,유지,주식회사 지우,박상선,유치사업자,서울
4876,유지,주식회사 이화연,왕평샤오,유치사업자,서울
4877,유지,오르가나 랩,이나리,유치사업자,경기
4878,유지,마케팅365,안태미,유치사업자,서울
4879,유지,엠디셀바이오 주식회사,이영식,유치사업자,서울
4880,유지,금성국제여행사,초명,유치사업자,대전
4881,유지,(주)썬트래블,박풍국,유치사업자,서울
4882,유지,(주)포시즌여행사,한만형,유치사업자,서울
4883,유지,(주)바이오익스프레스,김병찬,유치사업자,서울
4884,유지,주식회사 지에이치에스코리아,김희동,유치사업자,서울
4885,유지,(주)보라투어,지대근,유치사업자,대전
4886,유지,(주)미래월드여행사,이창원,유치사업자,서울
4887,유지,주식회사우리국제여행사,이동철,유치사업자,제주
4888,유지,주식회사 케이의미,김정임,유치사업자,부산
4889,유지,디아이메디컬 주식회사,진나,유치사업자,서울
4890,유지,케이엔씨 의료관광,유미애,유치사업자,서울
4891,유지,(주)에프엠기획,최윤기,유치사업자,경기
4892,유지,(주)한리헬스앤뷰티,홍해연,유치사업자,서울
4893,유지,더블유엔브릿지,최수현,유치사업자,서울
4894,유지,주식회사 웨이브메디,주우연,유치사업자,서울
4895,유지,엘플러스(주),이현호,유치사업자,서울
4896,유지,아임닥터유한책임회사,임영관,유치사업자,서울
4897,유지,주)미러클인터내셔날,정나라,유치사업자,경기
4898,유지,(주)피플앤트래블,권정만,유치사업자,서울
4899,유지,(주)한국경영원,김지연,유치사업자,충남
4900,유지,주식회사 천진국제여행사,김기강,유치사업자,서울
4901,유지,주식회사시윤즈,김연숙,유치사업자,서울
4902,유지,주식회사 스튜디오6번출구,김해연,유치사업자,서울
4903,유지,조앤바이오,조용환,유치사업자,경기
4904,유지,주식회사 아세아상사,박형수,유치사업자,서울
4905,유지,이청우행정사사무소,이청우,유치사업자,서울
4906,유지,주식회사 메디갤러리,홍정애,유치사업자,서울
4907,유지,오라클랜드 주식회사,노영우,유치사업자,서울
4908,유지,주식회사 스튜디오씨에스,박철수,유치사업자,서울
4909,유지,주식회사 정성무역,홍철규,유치사업자,경기
4910,유지,유한회사 에이원인터네셔날,이다솔,유치사업자,서울
4911,유지,주식회사 트래블링 ,김윤식,유치사업자,서울
4912,유지,주식회사 르샤인앤파트너스,인준영,유치사업자,인천
4913,유지,뷰티풀트립 주식회사,성현주,유치사업자,서울
4914,유지,주식회사 삼송이앤엠홀딩스,이호선,유치사업자,서울
4915,유지,노아 뷰티연구센터,나혜은,유치사업자,서울
4916,유지,주식회사 센디네어 안산지점,신민수,유치사업자,경기
4917,유지,(주)미담들,함지현,유치사업자,서울
4918,유지,주식회사 디제이매니지먼트,이동준,유치사업자,서울
4919,유지,주식회사 더이룬,김현준,유치사업자,서울
4920,유지,주식회사 아토씨,채만석,유치사업자,서울
4921,유지,주식회사 에이아이세스,서철욱,유치사업자,경기
4922,유지,비케이파트너스,최보겸,유치사업자,서울
4923,유지,(주)프라이드 통상,최윤미,유치사업자,서울
4924,유지,포시즌파트너스 주식회사,정용진,유치사업자,서울
4925,유지,주식회사 한국상무국제여행사,손용진,유치사업자,서울
4926,유지,주식회사 와요,윤에리카영지,유치사업자,서울
4927,유지,(주)로앤,노성래,유치사업자,서울
4928,유지,주식회사 프렌다리,부툼판 파톰폰,유치사업자,서울
4929,유지,제이케이월드투어,장미영 ,유치사업자,서울
4930,유지,주식회사 서태국제여행사,손서태,유치사업자,서울
4931,유지,화도,황해숙,유치사업자,서울
4932,유지,에이치알글로벌,이동훈,유치사업자,서울
4933,유지,주식회사 삼호투어앤트래블,신성균,유치사업자,서울
4934,유지,주식회사 코리아나오션쉽핑,황성민,유치사업자,부산
4935,유지,(주)비즈코비,이방원,유치사업자,경기
4936,유지,주식회사 다올커머스,이정철,유치사업자,경기
4937,유지,주식회사 비에이치 랩,김봉호,유치사업자,경기
4938,유지,서울특별시(TEST),해치,유치사업자,서울
4939,유지,더인,홍융덕,유치사업자,서울
4940,유지,천홍국제관광,장해나,유치사업자,부산
4941,유지,(주)엠알지,이명신,유치사업자,서울
4942,유지,(주)에이더블유파트너스,양창희,유치사업자,대구
4943,유지,(주)케이웨이브,전세성,유치사업자,서울
4944,유지,(주)엔파비,유정희,유치사업자,서울
4945,유지,주식회사 온닥터,고은영,유치사업자,서울
4946,유지,(주)제이앤씨트래블,김현,유치사업자,서울
4947,유지,주식회사 에스와이글로벌코리아,신수영,유치사업자,서울
4948,유지,(주)더제이메디컬,김대한,유치사업자,서울
4949,유지,푸른아메리카투어 주식회사,문조,유치사업자,서울
4950,유지,시윤 인터내셔널,박근홍,유치사업자,서울
4951,유지,케이메디,김충환,유치사업자,서울
4952,유지,주식회사 한화월드투어 ,허미화,유치사업자,제주
4953,유지,뷰티풀코리아,윤영란,유치사업자,서울
4954,유지,(주)씨앤글로우,양채은,유치사업자,서울
4955,유지,메디링크,박선찬,유치사업자,대구
4956,유지,주식회사 제이세나,김진환,유치사업자,서울
4957,유지,주식회사 테라앤,이경미,유치사업자,인천
4958,유지,(주)브로드씨엔에스,차두선,유치사업자,서울
4959,유지,주식회사 아이베브,임주성,유치사업자,경기
4960,유지,주식회사 와이엠스타,조윤미,유치사업자,서울
4961,유지,고은산 주식회사,송진혁,유치사업자,서울
4962,유지,주식회사 에프2엠지글로벌뷰티아카데미금남본점미용학원,김선미,유치사업자,광주
4963,유지,주식회사대호상사,황종하,유치사업자,광주
4964,유지,애트미 주식회사,김유신 ,유치사업자,서울
4965,유지,비비메디컬,이정협,유치사업자,서울
4966,유지,뷰티하퍼,강기쁨,유치사업자,서울
4967,유지,에이스상사 주식회사,차영화,유치사업자,서울
4968,유지,(주)에이더블유시스템즈,양창희,유치사업자,대전
4969,유지,모아씨앤씨 주식회사,김병현,유치사업자,서울
4970,유지,케이뷰티투어,김문영,유치사업자,서울
4971,유지,강남파트너스,정석민,유치사업자,서울
4972,유지,(주)오션에이치알,김명선,유치사업자,부산
4973,유지,(주)송원티피아이,임태선,유치사업자,대전
4974,유지,주식회사 루스이코노믹,이정윤,유치사업자,부산
4975,유지,주식회사 화룽국제여행사,김은호,유치사업자,서울
4976,유지,주식회사 한신이엔디,맹정태,유치사업자,서울
4977,유지,(주)엠디리얼티,김성진,유치사업자,서울
4978,유지,(주)닥터뷰,김업,유치사업자,서울
4979,유지,국경그룹,황도준,유치사업자,서울
4980,유지,주식회사 강남해외여행사,장헌주,유치사업자,부산
4981,유지,오토모,배정현,유치사업자,부산
4982,유지,주식회사 오블리브앤파트너스,인준영,유치사업자,서울
4983,유지,주식회사 좋은친구,문일경,유치사업자,서울
4984,유지,주식회사 제이앤엘글로벌,이대희,유치사업자,서울
4985,유지,바이탈믹스,신효식,유치사업자,서울
4986,유지,(주)우리동행,임도경,유치사업자,경기
4987,유지,주식회사 청명지,서구종,유치사업자,광주
4988,유지,주식회사 네로플러스,한용찬,유치사업자,경기
4989,유지,주식회사 메디히어,김기환,유치사업자,서울
4990,유지,에스에스,김예은,유치사업자,서울
4991,유지,(주)담소리츠,김익환,유치사업자,서울
4992,유지,씨티투어,"황광호, 박학봉",유치사업자,제주
4993,유지,주식회사 한국미보,지선양,유치사업자,서울
4994,유지,(주)스타르스그룹,황정연,유치사업자,경기
4995,유지,드리아스,이나,유치사업자,서울
4996,유지,비케이디주식회사,강윤정,유치사업자,서울
4997,유지,(주)웅진항공,박예환,유치사업자,서울
4998,유지,주식회사 라드인터내셔날 ,이나탈리아 발렌티노브나,유치사업자,경기
4999,유지,주식회사 유니스,송언주,유치사업자,경기
5000,유지,유라인,유송빈,유치사업자,서울
5001,유지,주식회사 벨라,이경란,유치사업자,제주
5002,유지,커바커넥트 주식회사,양찬용,유치사업자,경기
5003,유지,(주)서아국제,이성민,유치사업자,서울
5004,유지,넘버원 메디컬,김기현,유치사업자,서울
5005,유지,아일랜더스 주식회사,김창식,유치사업자,서울
5006,유지,주식회사 비스타파운데이션,김선영,유치사업자,경기
5007,유지,메모리스토어주식회사,최승혁,유치사업자,경기
5008,유지,주식회사 울트,최현우,유치사업자,서울
5009,유지,주식회사 바오인터내셔널,문성희,유치사업자,서울
5010,유지,베스트 뷰티 ,최지안,유치사업자,경기
5011,유지,주식회사 팀코어스,이명철,유치사업자,서울
5012,유지,주식회사 비즈공감,옥응광,유치사업자,서울
5013,유지,주식회사 케이보그,정휘철,유치사업자,서울
5014,유지,주식회사페이브글로벌,송소영,유치사업자,서울
5015,유지,주식회사 티씨티에스,박주한,유치사업자,경기
5016,유지,조앤최 주식회사,"김진희, 최규숙",유치사업자,경기
5017,유지,(주)리얼트립,송용재,유치사업자,인천
5018,유지,벤토글로벌(주),정원수,유치사업자,경북
5019,유지,투어버스킹,박우현,유치사업자,서울
5020,유지,에이치컴퍼니 주식회사,안정아,유치사업자,제주
5021,유지,주식회사 하랑,정훈채,유치사업자,경기
5022,유지,주식회사 은하철도,여종하,유치사업자,서울
5023,유지,주식회사 시크릿팜,손미연,유치사업자,서울
5024,유지,주식회사 에스엔피코리아코퍼레이션,윤종태,유치사업자,서울
5025,유지,주식회사 제이케이항공아지트투어,이성권,유치사업자,서울
5026,유지,주식회사 사노메드,최슬빈,유치사업자,서울
5027,유지,주식회사케이플렛폼,김용희,유치사업자,경남
5028,유지,라미타 코리아,한단,유치사업자,서울
5029,유지,서은씨앤엠,장용석,유치사업자,서울
5030,유지,가온코리아 주식회사,김해응,유치사업자,제주
5031,유지,더 메디칼 코리아,김조운,유치사업자,서울
5032,유지,(주)메디컬어드바이스,안현준,유치사업자,경기
5033,유지,에스에이치컴퍼니오피셜,이종석,유치사업자,서울
5034,유지,주식회사 제일투어,강권,유치사업자,서울
5035,유지,주식회사 화용국제,임건공,유치사업자,서울
5036,유지,메디드림스,이정훈,유치사업자,대구
5037,유지,주식회사 제이앤엘휴먼스,정효진,유치사업자,서울
5038,유지,가요여행사,정경민,유치사업자,서울
5039,유지,(주)비모어,박승희,유치사업자,서울
5040,유지,제이프로,신승진,유치사업자,서울
5041,유지,(주) 세방여행,오상희,유치사업자,서울
5042,유지,주식회사 지너스,김명신,유치사업자,서울
5043,유지,주식회사 지제이투어,황영철,유치사업자,서울
5044,유지,주식회사 월성,조윤재,유치사업자,경기
5045,유지,(주) 트리니티랩스,이승원,유치사업자,서울
5046,유지,주식회사 클레브,최재훈,유치사업자,인천
5047,유지,스위트 스마일 주식회사,쥐샤오상,유치사업자,서울
5048,유지,주식회사 케이글로벌투어,김정림,유치사업자,제주
5049,유지,에이에이치씨(유),차오페이티,유치사업자,서울
5050,유지,주식회사 리스펙홀딩스,공정식,유치사업자,경기
5051,유지,주식회사 뉴국인 여행사,유창식,유치사업자,제주
5052,유지,메디트립,차민우,유치사업자,경기
5053,유지,찜,이훈희,유치사업자,경기
5054,유지,바이오플러스인터내셔널 주식회사,윤민호,유치사업자,경기
5055,유지,주식회사 메디포유,남상형,유치사업자,경기
5056,유지,메딕플랫코리아,김동근,유치사업자,서울
5057,유지,메디와이즈,장진원,유치사업자,서울
5058,유지,더블유인케이,왕희하,유치사업자,경기
5059,유지,주식회사 제이앤비맨파워,박재완,유치사업자,서울
5060,유지,케이브릿지컴퍼니(K-bridge),김영자,유치사업자,경기
5061,유지,케이뷰티 팬시,김종현,유치사업자,경기
5062,유지,케이,이윤기,유치사업자,서울
5063,유지,가온글로벌주식회사,정명준,유치사업자,인천
5064,유지,주식회사 휴런,신동훈,유치사업자,서울
5065,유지,글로벌 네트워크 메디칼 ,최병학,유치사업자,경기
5066,유지,씨엔케이글로벌트레이드 주식회사,인 슈 잉,유치사업자,서울
5067,유지,에이에스엠 인터내셔날,진희원,유치사업자,서울
5068,유지,글로우업서울,이새롬,유치사업자,서울
5069,유지,주식회사 온누리월드,김민서,유치사업자,광주
5070,유지,(주)이문원바이오,이문원,유치사업자,서울
5071,유지,주식회사 코리아인베스트먼트,천홍래,유치사업자,경기
5072,유지,주식회사 애드플러스,천홍래,유치사업자,경기
5073,유지,주식회사 코리아투어,이세르게이,유치사업자,경기
5074,유지,주식회사 와이케이피에듀케이션,최영근,유치사업자,서울
5075,유지,글로벌메디케어,가경빈,유치사업자,서울
5076,유지,주식회사 원올게이트,"홍용호,  이훈영",유치사업자,서울
5077,유지,주식회사 디스커버리11,최용호,유치사업자,경기
5078,유지,재우기,정재욱,유치사업자,서울
5079,유지,엠엔씨 코리아,김완규,유치사업자,서울
5080,유지,주식회사 지씨티기획,최유헌,유치사업자,강원
5081,유지,(주)라이프이즈뷰티풀,김민경,유치사업자,서울
5082,유지,붐비즈,박준우,유치사업자,경기
5083,유지,주식회사 뷰티카사,방유림,유치사업자,경기
5084,유지,주식회사 뷰티풀랩,강혁구,유치사업자,경기
5085,유지,마날트레이드,이수정,유치사업자,부산
5086,유지,필뷰티,김서연,유치사업자,경기
5087,유지,(주)씨엘메디,신두진,유치사업자,서울
5088,유지,주식회사 큐엠컴퍼니,문승후,유치사업자,서울
5089,유지,리윈드컨설팅그룹,이해범,유치사업자,부산
5090,유지,한바이오 주식회사,강다윗,유치사업자,서울
5091,유지,오렌지브릿지,베레즈나이리나,유치사업자,서울
5092,유지,해피쿱투어 협동조합,박용운,유치사업자,서울
5093,유지,케이메디컬클리닉,이은우,유치사업자,서울
5094,유지,(주)재한미화,최미화,유치사업자,경기
5095,유지,주식회사 오가나셀그룹,오가나,유치사업자,서울
5096,유지,주식회사 아피스 ,정성금,유치사업자,경기
5097,유지,주식회사 다니헤라,박서연,유치사업자,서울
5098,유지,(주)엠제이에프엘비,김병무,유치사업자,서울
5099,유지,미친미모,PIAO LIHUA,유치사업자,서울
5100,유지,주식회사 원트리즈뮤직,노종찬,유치사업자,서울
5101,유지,레이비즈니스그룹(주),우렁찬,유치사업자,서울
5102,유지,미서국제여행사,김 호 우,유치사업자,서울
5103,유지,(주)더에잇,이동건,유치사업자,서울
5104,유지,주식회사 친에이치알,김성완,유치사업자,서울
5105,유지,주식회사 제이앤에스홀딩스,박준수,유치사업자,경남
5106,유지,유티에스,류태현,유치사업자,서울
5107,유지,주식회사 우리는좋다,이원철,유치사업자,경기
5108,유지,아코테컨설팅 주식회사,김준엽,유치사업자,서울
5109,유지,나래컴퍼니,강유진,유치사업자,경기
5110,유지,주식회사 옐로윈도,김영선,유치사업자,경기
5111,유지,주식회사 케이컬쳐글로벌,박은정,유치사업자,서울
5112,유지,오로라 글로우,서윤주,유치사업자,서울
5113,유지,(주)지암메디컬,김지윤,유치사업자,서울
5114,유지,주식회사 뷰티스트림,서기성,유치사업자,서울
5115,유지,주식회사 위메디투어,유 창식,유치사업자,제주
5116,유지,뷰티유,김지석,유치사업자,경기
5117,유지,에이앤엠엑스퍼,오승현,유치사업자,경기
5118,유지,주식회사 대호상사 여수지점,김정자,유치사업자,전남
5119,유지,(주)오케이글로벌여행사,모호택,유치사업자,제주
5120,유지,(주)글로벌반디,임승철,유치사업자,경기
5121,유지,리메디시스템(Lee's medy system),이현일,유치사업자,경기
5122,유지,인본행정사사무소,김양수,유치사업자,제주
5123,유지,주식회사 뮤디오션,박도현,유치사업자,서울
5124,유지,(주)세인국제여행사,박성룡,유치사업자,제주
5125,유지,케이웰니스강남주식회사,정재권,유치사업자,서울
5126,유지,주식회사 유메디,하원범,유치사업자,인천
5127,유지,커넥티드,김수진,유치사업자,서울
5128,유지,민트코리아,노현택,유치사업자,경기
5129,유지,렛츠뷰티,김천미,유치사업자,서울
5130,유지,마인드브릿지컨설팅,김우섭,유치사업자,대구
5131,유지,(주)브이아이피여행센터,이재환,유치사업자,경기
5132,유지,주식회사 제베스,김기희,유치사업자,서울
5133,유지,주식회사에이치앤글로벌,이근익,유치사업자,부산
5134,유지,바이탈커넥트,하용헌,유치사업자,서울
5135,유지,주식회사 공팔리터메디컬,최창우,유치사업자,서울
5136,유지,주식회사 셀프트리,박동성,유치사업자,서울
5137,유지,비엠글로벌,조현주,유치사업자,서울
5138,유지,두잇코리아투어,강민주,유치사업자,서울
5139,유지,영앤뷰티,김남훈,유치사업자,경기
5140,유지,주식회사 72스퀘어,구세진,유치사업자,서울
5141,유지,주식회사 제타버스,윤순직,유치사업자,서울
5142,유지,지앤씨,김영재,유치사업자,충남
5143,유지,(주)산타플러스코퍼레이션,박은주,유치사업자,서울
5144,유지,모두를위한관광,장성배,유치사업자,경기
5145,유지,제이디랩스,정덕연,유치사업자,서울
5146,유지,주식회사 아나글로벌,이상호,유치사업자,인천
5147,유지,주식회사 인타임투어,지종곤,유치사업자,서울
5148,유지,(주)골드투어클럽,조영걸,유치사업자,서울
5149,유지,엠디에스코트,이상달,유치사업자,서울
5150,유지,주식회사 모두의요양,류호진,유치사업자,경기
5151,유지,라온 여행사,김병찬,유치사업자,서울
5152,유지,주식회사 로원홀딩스,나수민,유치사업자,서울
5153,유지,주식회사 진메디코스,박명희,유치사업자,서울
5154,유지,(주)리빙인터내셔널,김욱태,유치사업자,대전
5155,유지,주식회사 메디시안,정연상,유치사업자,서울
5156,유지,바비하우스,김수경,유치사업자,경기
5157,유지,주식회사 보미오라,정대진,유치사업자,서울
5158,유지,(주)에이이,정찬준,유치사업자,경기
5159,유지,중한국제관광 주식회사,이창송,유치사업자,제주
5160,유지,(주)다오비엔씨,위정원,유치사업자,서울
5161,유지,주식회사 케이닥,조승국,유치사업자,서울
5162,유지,메디컬알오케이,서남순,유치사업자,경기
5163,유지,DW투어,이영기,유치사업자,서울
5164,유지,주식회사 써클투어,김소형,유치사업자,서울
5165,유지,트래블 라이트,김종훈,유치사업자,서울
5166,유지,주식회사 채움여행사,신현덕,유치사업자,서울
5167,유지,유나이티드 케이메디 어시스턴스 주식회사,차 토 규,유치사업자,서울
5168,유지,유로코리아서울주식회사,이순노,유치사업자,경기
5169,유지,오리비아 유한회사,한즈 캐서린,유치사업자,서울
5170,유지,루미나,이안나,유치사업자,인천
5171,유지,주식회사 케어크래프트코리아,히로타 미즈키,유치사업자,서울
5172,유지,주식회사 팬다여행사,XIN HECHUN,유치사업자,서울
5173,유지,웰컴비자 주식회사,이인혁,유치사업자,서울
5174,유지,주식회사 이화메디컬파트너스,오윤희,유치사업자,서울
5175,유지,이레팜투어,장헌동 ,유치사업자,서울
5176,유지,브이아이피뷰티관광여행사,권민찬,유치사업자,경남
5177,유지,펄컴퍼니,이형진,유치사업자,경기
5178,유지,엘케이 글로벌,이한호,유치사업자,서울
5179,유지,미야오엔퍼얼,구정모,유치사업자,서울
5180,유지,주식회사 시원국제,최동범,유치사업자,인천
5181,유지,씨앤티 메디컬투어,전향월,유치사업자,서울
5182,유지,헬스&비자,김동일,유치사업자,경기
5183,유지,주식회사 온유 메디컬,최예윤,유치사업자,인천
5184,유지,컨설팅줌(주),추이리화,유치사업자,서울
5185,유지,주식회사 유니퍼플,이의윤,유치사업자,서울
5186,유지,메이힐트레블,김홍주,유치사업자,경기
5187,유지,포피스,심혜영,유치사업자,서울
5188,유지,엑스팻코리아,한예성,유치사업자,서울
5189,유지,주식회사 조아여행사 ,최훈,유치사업자,서울
5190,유지,주식회사 건화국제,권산옥,유치사업자,서울
5191,유지,오픈헬스케어 주식회사 ,이민철 ,유치사업자,서울
5192,유지,서울브릿지컴퍼니,조성준,유치사업자,서울
5193,유지,시온메디,안수남,유치사업자,서울
5194,유지,(주)조조메디,강조앤,유치사업자,제주
5195,유지,주식회사 오라메디칼,췌일,유치사업자,서울
5196,유지,주식회사우리클럽관광개발,한혜주,유치사업자,서울
5197,유지,결 주식회사 ,곽진국,유치사업자,강원
5198,유지,주식회사 인피플레이코리아,안승환,유치사업자,서울
5199,유지,(주)아이비에스케이,최용석,유치사업자,경기
5200,유지,지미코리아 주식회사,쉬하이밍,유치사업자,서울
5201,유지,주식회사 투유여행사,진저융,유치사업자,서울
5202,유지,주식회사 메라키플레이스글로벌,선재원,유치사업자,서울
5203,유지,주식회사 다원컴퍼니,최정임,유치사업자,서울
5204,유지,테디투어,정선우,유치사업자,부산
5205,유지,주식회사 고도기획,이한나,유치사업자,서울
5206,유지,주식회사 드끌릭,최승환,유치사업자,서울
5207,유지,주식회사 위드위,김순현,유치사업자,부산
5208,유지,라파메디,허우진,유치사업자,대구
5209,유지,미래국제투어,석문성,유치사업자,서울
5210,유지,애지중지,김근호,유치사업자,서울
5211,유지,(주)케이비에이치케어,박준성,유치사업자,서울
5212,유지,주식회사 나스카,이영륜,유치사업자,경기
5213,유지,주식회사 컴온여행사,송설매,유치사업자,서울
5214,유지,(주)유어스투어,박대훈,유치사업자,서울
5215,유지,써니코리아 주식회사,홍선희,유치사업자,제주
5216,유지,주식회사 제이엘디벨롭먼트,이현철,유치사업자,서울
5217,유지,케이닥터,박혜나,유치사업자,경기
5218,유지,주식회사 유니프렌즈,김영복,유치사업자,서울
5219,유지,라이트하우스(주),김한관,유치사업자,서울
5220,유지,알로마켓,김춘웅,유치사업자,경남
5221,유지,브링코,김태환,유치사업자,대구
5222,유지,주식회사 닥터피부광컴퍼니,이수진,유치사업자,서울
5223,유지,에스컬라이프,김동준,유치사업자,대구
5224,유지,레오파드락 주식회사,손외락,유치사업자,경기
5225,유지,(주)하나산업,김지훈,유치사업자,경기
5226,유지,주식회사 씨앤엘홀딩스글로벌,이창용,유치사업자,서울
5227,유지,(주)비앤비위드파트너스,홍정한,유치사업자,서울
5228,유지,(주)메디비젼,김진국,유치사업자,서울
5229,유지,주식회사 노블 바이오 메디컬,임미자,유치사업자,서울
5230,유지,주식회사 중국국제여행사,이 단,유치사업자,서울
5231,유지,(주) 한백코퍼레이션,이경재,유치사업자,인천
5232,유지,주식회사 지아이엠에스오,이성형,유치사업자,서울
5233,유지,체인익스빌,박장석,유치사업자,충북
5234,유지,주식회사 키우다,이태곤,유치사업자,경기
5235,유지,주식회사 리브베터,이송이,유치사업자,경기
5236,유지,로봇앤컴주식회사,이경일,유치사업자,서울
5237,유지,아담 케이비티(Adam KBT),이영우,유치사업자,인천
5238,유지,오성글로벌코리아,오승한,유치사업자,인천
5239,유지,케이제이글로벌투어 주식회사,정채민,유치사업자,부산
5240,유지,(주)에스에스와이홀딩스 ,김옥자,유치사업자,서울
5241,유지,티제이씨,허만웅,유치사업자,제주
5242,유지,주식회사 히얼업,최유리,유치사업자,서울
5243,유지,주식회사 디딤지엔,박아성,유치사업자,서울
5244,유지,이루다메디컬,왕루,유치사업자,서울
5245,유지,이찌주식회사,장야난,유치사업자,서울
5246,유지,（주）아하컴퍼니,정성영,유치사업자,서울
5247,유지,(주)에이스국제여행사,오지원,유치사업자,경기
5248,유지,주식회사 오고투어,황성진,유치사업자,서울
5249,유지,플로체,양경모,유치사업자,서울
5250,유지,(주)청운국제,이도이,유치사업자,인천
5251,유지,한국왕홍발전협회 주식회사,런웨이홍,유치사업자,경기
5252,유지,(주)자연국제여행사,김자연,유치사업자,서울
5253,유지,주식회사 그릿,김민수,유치사업자,부산
5254,유지,글로벌알파미디어 주식회사,송하준,유치사업자,서울
5255,유지,주식회사 비스타에비엘,이홍기,유치사업자,경기
5256,유지,모토모토제이케이레저타운,신재호,유치사업자,강원
5257,유지,주식회사 에코앤컴퍼니,최기봉,유치사업자,서울
5258,유지,주식회사 와이투케이,이윤미,유치사업자,경기
5259,유지,(주)럭셔리투어 ,전금주 ,유치사업자,제주
5260,유지,(주)유니데카,이경훈,유치사업자,서울
5261,유지,메디맵 주식회사,김형록,유치사업자,서울
5262,유지,케이제이글로벌,김대호,유치사업자,경기
5263,유지,주식회사 굿포어스,이상아,유치사업자,서울
5264,유지,(주)아스클레인터메드,이황,유치사업자,서울
5265,유지,에스케이뷰티,김 병 용,유치사업자,경기
5266,유지,(주)브로스컴퍼니,방창인,유치사업자,서울
5267,유지,엔조이여행사,신운풍,유치사업자,제주
5268,유지,주식회사 수호천사컴퍼니,유재승,유치사업자,대전
5269,유지,주식회사 메디유니언,송승윤,유치사업자,서울
5270,유지,주식회사 나무여행사,안치민,유치사업자,제주
5271,유지,(쁘띠엠)Petit M,우은영,유치사업자,인천
5272,유지,(주)보일랩스,김보일,유치사업자,서울
5273,유지,동아글로벌주식회사,김영일,유치사업자,경북
5274,유지,(주)스카이투어서비스,노경희,유치사업자,서울
5275,유지,한메디,이수연,유치사업자,서울
5276,유지,주식회사 혜윰기획,이민희,유치사업자,서울
5277,유지,제이린컨설팅,WEN LING,유치사업자,서울
5278,유지,주식회사 리브라이즈,고행희,유치사업자,서울
5279,유지,주식회사 닥터셀206,임하리,유치사업자,광주
5280,유지,(주)대구메디시티장원 ,김현구,유치사업자,대구
5281,유지,(주)리젠메디,이덕환,유치사업자,서울
5282,유지,(주)아크웨이,문정아,유치사업자,서울
5283,유지,주식회사 와이앤리더스,김윤영,유치사업자,서울
5284,유지,(주)킵코퍼레이션,박건수,유치사업자,서울
5285,유지,123에이치알,최소영,유치사업자,강원
5286,유지,주식회사 세운트래블,박인규,유치사업자,서울
5287,유지,우리글로벌투어 주식회사,민영호,유치사업자,서울
5288,유지,지엠투어,다와후간치멕,유치사업자,경기
5289,유지,피엑스랩코리아,이영혜,유치사업자,경기
5290,유지,해피국제관광,김성현,유치사업자,경기
5291,유지,비에스컴패니(뷰티스타트),송소영,유치사업자,서울
5292,유지,(주)케이엔케이인터내셔널,조라예바무니라,유치사업자,경기
5293,유지,주식회사 이웃사랑너싱홈,이현희,유치사업자,경기
5294,유지,(주)미아테나,전미나,유치사업자,서울
5295,유지,주식회사 코림코퍼레이션,김진수,유치사업자,대구
5296,유지,주식회사 글로벌게이트,최우승,유치사업자,서울
5297,유지,피제이 뷰티 앤 글로벌,서명훈,유치사업자,서울
5298,유지,동방홍 행정사 사무소,초 임학,유치사업자,서울
5299,유지,마이다스그룹,김경수,유치사업자,경기
5300,유지,영메인테인뷰티주식회사,왕쯔이,유치사업자,서울
5301,유지,(주)엠디국제여행사,이금철,유치사업자,경기
5302,유지,더제이,이촌차녹,유치사업자,충남
5303,유지,주식회사 아사달인터내셔날 ,서 명,유치사업자,서울
5304,유지,주식회사 월드스타리움,이지은,유치사업자,경기
5305,유지,주식회사 한국의료협회,민경권,유치사업자,서울
5306,유지,레미디,이준,유치사업자,서울
5307,유지,주식회사 그루비엑스,권규범,유치사업자,서울
5308,유지,주식회사 윤해투어,대현성,유치사업자,인천
5309,유지,컨택터스,한백무,유치사업자,서울
5310,유지,샤니투어,전금,유치사업자,인천
5311,유지,더 여행가자,양세영,유치사업자,부산
5312,유지,에이픽스글로벌마케팅,함예진,유치사업자,서울
5313,유지,스타트레블,김 타티아나,유치사업자,인천
5314,유지,주식회사 진하컨설팅,이 경,유치사업자,서울
5315,유지,주식회사 지비에스에이,손유나,유치사업자,서울
5316,유지,호수미주식회사,오미선,유치사업자,서울
5317,유지,욱일해운통상(주),송태영,유치사업자,부산
5318,유지,한국고용지원센터주식회사,박남팔,유치사업자,강원
5319,유지,주식회사 지티앤컴,이필남,유치사업자,서울
5320,유지,메디뷰,ZHOU XUEFEI,유치사업자,서울
5321,유지,주식회사 그린페퍼,이주연,유치사업자,경기
5322,유지,주식회사 아이엠알엔,김명애,유치사업자,서울
5323,유지,주식회사 워커투어 ,여희준,유치사업자,서울
5324,유지,주식회사 렛츠미인,유희,유치사업자,서울
5325,유지,러쉬베리 주식회사,최구현,유치사업자,서울
5326,유지,주식회사 지앤엘에스티,김한용,유치사업자,서울
5327,유지,바라봄,고민정,유치사업자,제주
5328,유지,주식회사 레드테이블,도해용,유치사업자,서울
5329,유지,가연 컨설팅,한준태,유치사업자,서울
5330,유지,주식회사 초이스케어,최진원,유치사업자,서울
5331,유지,조인스엠,허성진,유치사업자,제주
5332,유지,화미,이계연,유치사업자,서울
5333,유지,고이 메디케어 센터,김지윤,유치사업자,서울
5334,유지,주식회사 한지여행사,리중례,유치사업자,서울
5335,유지,주식회사제주셀,우태주외1인,유치사업자,제주
5336,유지,주식회사 씨유이코리아,스칸,유치사업자,서울
5337,유지,주식회사 원더라운드,묘청,유치사업자,서울
5338,유지,주식회사 부성국제여행사,김성미,유치사업자,인천
5339,유지,주식회사 파스칼코리아,강경진,유치사업자,경기
5340,유지,미영국제메디컬,왕영,유치사업자,서울
5341,유지, 주식회사 비에이치인터네셔널,권석태,유치사업자,서울
5342,유지,로렌스 주식회사,옥광용,유치사업자,서울
5343,유지,주식회사 티유게더,서재원,유치사업자,서울
5344,유지,제나무역 주식회사,로이조아,유치사업자,서울
5345,유지,만달문화여행사,채규승,유치사업자,서울
5346,유지,더 벌스,최정민,유치사업자,서울
5347,유지,달로(Dalro),김영민,유치사업자,서울
5348,유지,주식회사 셩인,고병갑,유치사업자,서울
5349,유지,모비맨,김나데즈다,유치사업자,인천
5350,유지,헬스호라이즌,백명식,유치사업자,경기
5351,유지,(유)파인뷰티,손혜린,유치사업자,서울
5352,유지,코리투어,이승현,유치사업자,경기
5353,유지,(주)폴메이드,이원일,유치사업자,충북
5354,유지,주식회사 취영루,신정호,유치사업자,경기
5355,유지,의료코디,이엘레나,유치사업자,경기
5356,유지,한국의료미용연수원,김준환,유치사업자,인천
5357,유지,이지이노베이션스주식회사,범람군,유치사업자,서울
5358,유지,서울영등포구이주민사회교육통합지원진흥원,변애련,유치사업자,서울
5359,유지,(주)클릭제주,오성윤,유치사업자,제주
5360,유지,디케이피,진도경,유치사업자,경기
5361,유지,주식회사 인성정보,원종윤,유치사업자,서울
5362,유지,주식회사 클라우드나인메디투어,김동수,유치사업자,부산
5363,유지,주식회사 비에이치바이오테크(BH BIOTECH),안호선,유치사업자,서울
5364,유지,아이엠서비스,안혜인,유치사업자,부산
5365,유지,주식회사 미앤미,박옥화,유치사업자,서울
5366,유지,비요네즈,박선하,유치사업자,서울
5367,유지,보다플레이 주식회사,모영일,유치사업자,서울
5368,유지,터치투어,이부한,유치사업자,경기
5369,유지,(주) 스타일집,손세맹,유치사업자,서울
5370,유지,메이크퀸,박현규,유치사업자,경기
5371,유지,주식회사 에임하이글로벌,이주상,유치사업자,서울
5372,유지,(주)굿컴퍼니바이오,박귀석,유치사업자,서울
5373,유지,메디뷰 주식회사,ZHOU XUEFEI,유치사업자,서울
5374,유지,미래바이오메디,최준완,유치사업자,서울
5375,유지,주식회사 스카이럭스,김민정,유치사업자,서울
5376,유지,진케이,최현경,유치사업자,대구
5377,유지,엠케이(MK.STU-MEDI),나창윤,유치사업자,광주
5378,유지,주식회사 아트인앤아웃,김미아,유치사업자,강원
5379,유지,시리우스메디,이현재,유치사업자,경기
5380,유지,주식회사 코월드여행사,김균철,유치사업자,서울
5381,유지,씨와이엘 마케팅,박선형,유치사업자,서울
5382,유지,비씨엘 글로벌 투어,이천,유치사업자,인천
5383,유지,주식회사 에스에이치컴퍼니1,김천수,유치사업자,서울
5384,유지,한바이오셀 주식회사,이은규,유치사업자,서울
5385,유지,주식회사 오버플렉스,김재윤,유치사업자,서울
5386,유지,좋아메디컬투어,하경미,유치사업자,인천
5387,유지,제이케(JK) 국제,현영실,유치사업자,서울
5388,유지,주식회사 제너,신창용,유치사업자,서울
5389,유지,(주)파인트리시스템,최춘기,유치사업자,서울
5390,유지,주식회사 엔피엘리겐,신카몬셋 멜린야,유치사업자,서울
5391,유지,인피레드 주식회사,홍민기,유치사업자,서울
5392,유지,코코리코,전지영,유치사업자,대구
5393,유지,은하수별,최원길,유치사업자,광주
5394,유지,주식회사 비엔글로벌,채동균,유치사업자,경기
5395,유지,유한회사 화푸트래블,조원규,유치사업자,서울
5396,유지,구일여행사,김용호,유치사업자,서울
5397,유지,(주)한국제이피씨,장영준,유치사업자,광주
5398,유지,주식회사 스퀘어컴퍼니,이계윤,유치사업자,서울
5399,유지,오아시스월드여행사,이현지,유치사업자,인천
5400,유지,(주)헤르메스코퍼레이션, 나인종,유치사업자,서울
5401,유지,주식회사 한다,박용수,유치사업자,경기
5402,유지,주식회사 메디어트코리아,신영진,유치사업자,서울
5403,유지,주식회사 더숨이엔씨,김환조,유치사업자,서울
5404,유지,주식회사 메디드,한성민,유치사업자,부산
5405,유지,주식회사 코랩애드,차요원,유치사업자,서울
5406,유지,건강한 아시아,김은희,유치사업자,경기
5407,유지,골든 메디컬 로드,이예은,유치사업자,서울
5408,유지,매디뷰티케이,송미란,유치사업자,경기
5409,유지,에스 트레이딩,최 알렉산더 에프레모비치,유치사업자,경기
5410,유지,주식회사 인티그레이션,정희범,유치사업자,서울
5411,유지,(주)공감씨즈,김성아,유치사업자,대구
5412,유지,리안여행사,하운기,유치사업자,경기
5413,유지,(주)메디힌트,신연호,유치사업자,경기
5414,유지,주식회사 성아,윤광현,유치사업자,경기
5415,유지,37컴퍼니,안수현,유치사업자,서울
5416,유지,뷰인트네트웍스 주식회사,안연주,유치사업자,서울
5417,유지,앤비엠 트레이딩,최형우,유치사업자,서울
5418,유지,레서트 주식회사,강민준,유치사업자,경기
5419,유지,(주)넥스트런,김선미,유치사업자,전북
5420,유지,주식회사 하이코닥,이계복,유치사업자,서울
5421,유지,주식회사 디네이블,이겨라,유치사업자,서울
5422,유지,수미국제,이수민,유치사업자,인천
5423,유지,주식회사 영종국제도시인천공항호텔,이충한,유치사업자,인천
5424,유지,메타,김수영,유치사업자,부산
5425,유지,나미라인,김보경,유치사업자,서울
5426,유지,주식회사 룰루랩,최용준,유치사업자,서울
5427,유지,주식회사 더 밸런스,안세정,유치사업자,서울
5428,유지,골든와이즈닥터스 주식회사,박기성,유치사업자,서울
5429,유지,주식회사 메디포뮬러,김유민,유치사업자,서울
5430,유지,주식회사 드림스코프,박상현,유치사업자,경기
5431,유지,주식회사 플랜인피닛,유창선,유치사업자,서울
5432,유지,(유)다카포기술연구원,(유)다카포기술연구원,유치사업자,경기
5433,유지,주식회사 케이프라임메디컬,박철희,유치사업자,강원
5434,유지,(주)유앤아이글로벌유니트,정필진,유치사업자,서울
5435,유지,홀리데이투어 주식회사,박운용,유치사업자,인천
5436,유지,마니앤프렌즈 주식회사,마크와라와티판드 수타완,유치사업자,서울
5437,유지,제이제이오토그룹,이정재,유치사업자,인천
5438,유지,메디 킴,김예하,유치사업자,서울
5439,유지,스토리투어,정경아,유치사업자,경기
5440,유지,뷰티커넥트,한주연,유치사업자,서울
5441,유지,주식회사 텔로타임리스,오서연,유치사업자,서울
5442,유지,주식회사 인사이트투어,조충근,유치사업자,전북
5443,유지,뷰티 테라피,이태연,유치사업자,서울
5444,유지,주식회사 와이지피이공이사,김성홍,유치사업자,서울
5445,유지,라벨르엘비 주식회사,안혜정,유치사업자,서울
5446,유지,주식회사 위디컬,엄희찬,유치사업자,인천
5447,유지,엔블록,이승헌,유치사업자,서울
5448,유지,주식회사 에버템,장승수,유치사업자,서울
5449,유지,아야코리아 에이전트,김 아야카,유치사업자,서울
5450,유지,OK행정사사무소,이두성,유치사업자,경기
5451,유지,주식회사 줌네트웍스,정경원,유치사업자,대구
5452,유지,럭스 이터나,오태훈,유치사업자,서울
5453,유지,동양국제,이동양,유치사업자,경기
5454,유지,더이쁨(Susul surgery),김명훈,유치사업자,경기
5455,유지,(주) 챌린져투어,윤성희,유치사업자,충북
5456,유지,양파국제여행사,선부명,유치사업자,제주
5457,유지,행정사이선동사무소,이선동,유치사업자,광주
5458,유지,한가비,사윤겸,유치사업자,대구
5459,유지,다옴,표선영,유치사업자,충남
5460,유지,주식회사 바라보다트립,김대현,유치사업자,인천
5461,유지,주식회사 리팅부산,김수현,유치사업자,부산
5462,유지,제이에이치 컴퍼니,추 지 나,유치사업자,서울
5463,유지,글로리유,홍민주,유치사업자,서울
5464,유지,모아,이석호,유치사업자,서울
5465,유지,주식회사 데코티카,조민자,유치사업자,경기
5466,유지,주식회사 엠엘뷰티글로벌,나혜정,유치사업자,서울
5467,유지,(주)이투바이오,김수진,유치사업자,충북
5468,유지,알앤피티 주식회사,조유주,유치사업자,경기
5469,유지,글로우메드커넥트,최경희,유치사업자,서울
5470,유지,DONGHWA SOLUTION INC,김정현,유치사업자,부산
5471,유지,글로벌 HARU 코리아,양재은,유치사업자,서울
5472,유지,안성,조현철,유치사업자,인천
5473,유지,주식회사 나무이엔티,유종현,유치사업자,서울
5474,유지,동창국제 주식회사,장채윤,유치사업자,서울
5475,유지,주식회사 에코테크,박정인,유치사업자,광주
5476,유지,내추럴핏,김대영,유치사업자,서울
5477,유지,본디,박상빈,유치사업자,경기
5478,유지,주식회사 듀티프리스텔라,전소윤,유치사업자,서울
5479,유지,키브온,윤덕은,유치사업자,서울
5480,유지,토메이,김지호,유치사업자,서울
5481,유지,와이엠(YM)뷰티,이원항,유치사업자,서울
5482,유지,제이엠케이,권정혜,유치사업자,서울
5483,유지,(주)다익게더,김승욱,유치사업자,서울
5484,유지,유앤케이컴퍼니 주식회사,김명철,유치사업자,서울
5485,유지,(주)아이파트너스그룹,정이호,유치사업자,서울
5486,유지,주식회사 매일즐거운여행사,문효주,유치사업자,서울
5487,유지,주식회사피앤케이아이앤씨,인승권,유치사업자,서울
5488,유지,(주)킴스엠앤티,김춘추,유치사업자,서울
5489,유지,주식회사 비알씨,김선희,유치사업자,강원
5490,유지,주식회사 누보뷰티,이수연,유치사업자,서울
5491,유지,주식회사 브이엠코리아,이동호,유치사업자,서울
5492,유지,주식회사 다온비즈,김윤진,유치사업자,서울
5493,유지,와이에이치코리아 주식회사,황유석,유치사업자,인천
5494,유지,주식회사 다니따,흐반 따냐,유치사업자,경기
5495,유지,케이프로젝트,스말아스믹삼벨로브나,유치사업자,경기
5496,유지,주식회사 알게,"유르트세바르오잔, 아바이소나르",유치사업자,서울
5497,유지,리:유스,박신형,유치사업자,서울
5498,유지,미라셀주식회사,신현순,유치사업자,서울
5499,유지,언타이틀드랩스,유수형,유치사업자,서울
5500,유지,뉴비,조미영,유치사업자,경기
5501,유지,주식회사 매니저스칼렛,이준,유치사업자,서울
5502,유지,코리아나메디컬,김 나탈리 예브게니예브나,유치사업자,경기
5503,유지,굿잡앤에듀,박순경,유치사업자,대전
5504,유지,케이보엔트,김환선,유치사업자,서울
5505,유지,화인,궈이한(KUO IHAN),유치사업자,인천
5506,유지,렛츠골프앤트립,임수영,유치사업자,서울
5507,유지,유일한 여행,유효황,유치사업자,서울
5508,유지,솔닥 주식회사,김민승,유치사업자,서울
5509,유지,마일드 온 마인드,슈광연,유치사업자,서울
5510,유지,로컬프라이스코리아,안미라,유치사업자,경기
5511,유지,주식회사 다솜여행사,하상균,유치사업자,대전
5512,유지,도하규승주식회사,유희승,유치사업자,서울
5513,유지,페이즈원투어,박규태,유치사업자,경기
5514,유지,주식회사 잇고,이영식,유치사업자,경기
5515,유지,룰루투어,김태진,유치사업자,인천
5516,유지,(주)웨스트레이크아이티씨,민해연,유치사업자,서울
5517,유지,주식회사 오키즈,김희영,유치사업자,인천
5518,유지,(주)닥터스템셀,홍 진기,유치사업자,강원
5519,유지,윙스투어 주식회사,코발렌코안나,유치사업자,서울
5520,유지,코타팸,박병혁,유치사업자,경기
5521,유지,주식회사오렌지스퀘어,이장백,유치사업자,서울
5522,유지,주식회사 퀄리티액스프레스,이알렉,유치사업자,서울
5523,유지,주식회사 시그니컬,정지상,유치사업자,부산
5524,유지,하나서울메디,김수현,유치사업자,인천
5525,유지,주식회사 보종글로벌헬스케어,강종옥,유치사업자,광주
5526,유지,주식회사 비아브,성연섭,유치사업자,서울
5527,유지,마이닥터킴(My Dr.Kim),송채운,유치사업자,서울
5528,유지,주식회사 티오피트래블,김명철,유치사업자,서울
5529,유지,낸시투어(주),신동화,유치사업자,서울
5530,유지,에흐온다르가,강가모롱,유치사업자,서울
5531,유지,주식회사 포스탠드,김종우,유치사업자,서울
5532,유지,스케치코리아,이수민,유치사업자,서울
5533,유지,주식회사 코드원,동중영,유치사업자,충북
5534,유지,빅트리엔터프라이즈 주식회사,주용관,유치사업자,경북
5535,유지,주식회사 스타일82,박지원,유치사업자,서울
5536,유지,주식회사 매크로스튜디오,장현진,유치사업자,서울
5537,유지, 주식회사 휴먼케어서비스,심은정,유치사업자,부산
5538,유지,주식회사 엠에스케이그룹,조민수,유치사업자,부산
5539,유지,건화약품(주),최영인,유치사업자,경기
5540,유지,비제트컴퍼니,TAI JIANXIONG,유치사업자,인천
5541,유지,오션글로리트레이딩,박유진,유치사업자,서울
5542,유지,주식회사 글로벌메디컬,박승하,유치사업자,서울
5543,유지,주식회사 케이와이투어,김영,유치사업자,인천
5544,유지,주식회사 에이치알국제여행사,한일,유치사업자,서울
5545,유지,프리큐티 주식회사,정지상,유치사업자,서울
5546,유지,큐어,김형식,유치사업자,경기
5547,유지,세이호 글로벌,김세호,유치사업자,서울
5548,유지,주식회사청유그룹,김승준,유치사업자,서울
5549,유지,주식회사 제이알무역,밍징루,유치사업자,서울
5550,유지,주식회사 화요국제,송경국,유치사업자,서울
5551,유지,주식회사 굿타임코리아,김세경,유치사업자,서울
5552,유지,엠티케이 주식회사,김태용,유치사업자,경기
5553,유지,유한회사 파인택스컴퍼니,고봉준,유치사업자,서울
5554,유지,에이지씨씨코리아 주식회사,전정현,유치사업자,대전
5555,유지,마이 케이 투어,이경철,유치사업자,서울
5556,유지,제스,예천수,유치사업자,서울
5557,유지,얼굴기획,이상훈,유치사업자,서울
5558,유지,은하투어,이미화,유치사업자,경기
5559,유지,주식회사 르미엘,서빛나,유치사업자,경기
5560,유지,씨엘메디컬,김채련,유치사업자,서울
5561,유지,주식회사 비더케이,허남석,유치사업자,부산
5562,유지,파코리아,강윤진,유치사업자,경기
5563,유지,주식회사 우츠비프로퍼티,우은경,유치사업자,서울
5564,유지,주식회사 투어닷컴,이웅진,유치사업자,서울
5565,유지,리아글로벌,김정,유치사업자,서울
5566,유지,(주)에이스골드,이서진,유치사업자,인천
5567,유지,(주)삼일골프투어,박림미,유치사업자,서울
5568,유지,리모여행사(리모투어),송만용,유치사업자,서울
5569,유지,케이엠이 주식회사,서민수,유치사업자,서울
5570,유지,주식회사 에일런,당덕양,유치사업자,서울
5571,유지,주식회사 기세찬,김혜경,유치사업자,경기
5572,유지,주식회사 준호인터내셔널,설카이,유치사업자,서울
5573,유지,제이케이 국제무역 주식화사,김곤,유치사업자,경기
5574,유지,주식회사 바이브앤,정혜민,유치사업자,서울
5575,유지,주식회사 아이룬,이지희,유치사업자,서울
5576,유지,주식회사 테마포커스,이상학,유치사업자,서울
5577,유지,보경건설,김삼순,유치사업자,인천
5578,유지,주식회사 플러스플래너,최영미,유치사업자,서울
5579,유지,주식회사 아리아코퍼레이션,차순형,유치사업자,서울
5580,유지,(주) 시월기획,안동현,유치사업자,세종
5581,유지,주식회사 더블엘솔루션,이수연,유치사업자,경기
5582,유지,리플래인,이태경,유치사업자,서울
5583,유지,메디브릿지 코리아,이상욱,유치사업자,경기
5584,유지,주식회사 뉴엠메디,김동주,유치사업자,서울
5585,유지,주식회사 링코스튜디오,길경태,유치사업자,서울
5586,유지,주식회사 쉼트래블,김주영,유치사업자,서울
5587,유지,아베스타,안일로나,유치사업자,경기
5588,유지,제이메디뷰티,윤주희,유치사업자,서울
5589,유지,케이홀릭스그룹 주식회사,일라하그바이수,유치사업자,서울
5590,유지,주식회사 밀리언파이,오상훈,유치사업자,서울
5591,유지,주식회사 티피그룹,타난찌라왓탄야팁,유치사업자,서울
5592,유지,케이코스메디,김지유,유치사업자,경기
5593,유지,(주)새로투어,정천용,유치사업자,서울
5594,유지,주식회사 솔틴,경혜원,유치사업자,서울
5595,유지,주식회사 지케이링크,정종엽,유치사업자,서울
5596,유지,더해피코리아주식회사,김태영,유치사업자,인천
5597,유지,케이엘메디 주식회사,쥬커브게렐토야,유치사업자,서울
5598,유지,주식회사 에이비오엠,이원석,유치사업자,서울
5599,유지,주식회사 스텔라38,정정아,유치사업자,서울
5600,유지,주식회사 민포,나가타 토모야,유치사업자,서울
5601,유지,디아망비즈,황수이,유치사업자,인천
5602,유지,컴앤씨코리아,이수진,유치사업자,인천
5603,유지,주식회사 렉스메디컬그룹,정재훈,유치사업자,경기
5604,유지,주식회사 호화여행사,뢰리성,유치사업자,서울
5605,유지,(주) 신라국제,채수룡,유치사업자,서울
5606,유지,여유만만 주식회사,여정정,유치사업자,서울
5607,유지,(주)불타는놀이터,정효진,유치사업자,서울
5608,유지,휘솔트립 주식회사,김영옥,유치사업자,경기
5609,유지,주식회사 인스픽,구주연,유치사업자,서울
5610,유지,세기여행사,이미영,유치사업자,충남
5611,유지,디에이치컨설팅,김덕화,유치사업자,경기
5612,유지,(주) 관악국제,리우자오,유치사업자,서울
5613,유지,해피투어,진총,유치사업자,부산
5614,유지,주식회사 리피치,강태월,유치사업자,서울
5615,유지,주식회사 메디웨이브,조희성,유치사업자,서울
5616,유지,주식회사 포지티브케이,박규보,유치사업자,서울
5617,유지,(주)에클라산테,전혜성,유치사업자,서울
5618,유지,주식회사 채은,이상우,유치사업자,경기
5619,유지,오케이메디케어,김부건,유치사업자,경기
5620,유지,에이치이티월드 주식회사,안종춘,유치사업자,서울
5621,유지,케이엠씨,이병만,유치사업자,경기
5622,유지,케이앤씨메디 주식회사,천수현,유치사업자,서울
5623,유지,주식회사 이레여행사,박수환,유치사업자,경기
5624,유지,블레스올 주식회사,박현주,유치사업자,서울
5625,유지,주식회사 기술의숲,심규남,유치사업자,대전
5626,유지,주식회사 굿바이브,이수민,유치사업자,서울
5627,유지,서브,최은옥,유치사업자,서울
5628,유지,주식회사 미업,동페이,유치사업자,서울
5629,유지,하우투그룹(주),강경희,유치사업자,서울
5630,유지,주식회사 비에스피글로벌,오윤서,유치사업자,서울
5631,유지,주식회사 서울예스바이오,이길용,유치사업자,경기
5632,유지,플래닛투어,심규남,유치사업자,대전
5633,유지,주식회사 가익코리아 ,이여정,유치사업자,인천
5634,유지,더블뷰티,전정준,유치사업자,서울
5635,유지,주식회사 태영트레이딩,이수남,유치사업자,경기
5636,유지,주식회사 지안인터네셔널,장설봉,유치사업자,서울
5637,유지,리엘아이엔씨,박나리,유치사업자,서울
5638,유지,스타닥,이승준,유치사업자,서울
5639,유지,주식회사 더원인러브,홍소연,유치사업자,부산
5640,유지,주식회사 해봄,문수민,유치사업자,서울
5641,유지,아도바이오(주),신승식,유치사업자,서울
5642,유지,주식회사 에이피메디랩 ,김지희 ,유치사업자,서울
5643,유지,차린 뷰티투어리즘 에이전시,카오프라이 사카오,유치사업자,서울
5644,유지,에이케이 컨설팅,김아인,유치사업자,경기
5645,유지,엔씨비,장성민,유치사업자,부산
5646,유지,주식회사 다온글로벌투어,박민철,유치사업자,서울
5647,유지,(주)탑트래블코리아,신승철,유치사업자,서울
5648,유지,주식회사티케이101글로벌코리아,홍상욱,유치사업자,서울
5649,유지,(주)라미체홀딩스,류혜수,유치사업자,서울
5650,유지,주식회사 제이앤파트너스,조수한,유치사업자,인천
5651,유지,주식회사 주역,이혜령,유치사업자,서울
5652,유지,자몽,장자인,유치사업자,서울
5653,유지,(주)휴먼브리스,하창우,유치사업자,서울
5654,유지,엠지트레이드,담비냠 에르데네바야르,유치사업자,충북
5655,유지,주식회사 이터랩,민원준,유치사업자,서울
5656,유지,애드플라이어컴퍼니,박노준,유치사업자,서울
5657,유지,주식회사 베테랑글로벌,김지인,유치사업자,경기
5658,유지,리얼리치 그룹,노재현,유치사업자,인천
5659,유지,주식회사 위드이노베이션,김대종,유치사업자,강원
5660,유지,베러디렉션,신양희,유치사업자,서울
5661,유지,성원국제,심성한,유치사업자,서울
5662,유지,주식회사 아틀라스21,홍규표,유치사업자,대구
5663,유지,글로벌 웨이브,이광우,유치사업자,서울
5664,유지,(주)헬스피디아,김대이,유치사업자,서울
5665,유지,살만메디컬투어리즘,살만,유치사업자,경기
5666,유지,주식회사 어포메이션,지현근,유치사업자,서울
5667,유지,신라쥬얼리,조동훈,유치사업자,서울
5668,유지,양자주식회사,이양,유치사업자,서울
5669,유지,새싹,박형준,유치사업자,서울
5670,유지,대한우즈 주식회사,하킴호자에바 후스노라,유치사업자,서울
5671,유지,(주)레이블코퍼레이션,최민석,유치사업자,서울
5672,유지,주식회사 이듄,김정진,유치사업자,서울
5673,유지,주식회사 아테나랩스,강수정,유치사업자,서울
5674,유지,주식회사 엠케이투어,간바타르 운드람,유치사업자,경기
5675,유지,주식회사 저스트임플란트,김민종,유치사업자,경기
5676,유지,(주)배앤파트너스,배화원,유치사업자,경기
5677,유지,주식회사 캐스팅엔,최준혁,유치사업자,인천
5678,유지,제이메디, 박소화,유치사업자,경기
5679,유지,(주)클럽다우앤트래블,김신영,유치사업자,서울
5680,유지,(주) 씰랜,벌드바타르,유치사업자,경기
5681,유지,글로벌조달개발원 주식회사,박월미,유치사업자,경기
5682,유지,위아고,성지강,유치사업자,서울
5683,유지,유니월드리소스 주식회사,박영석,유치사업자,서울
5684,유지,크루즈 고,이미경,유치사업자,부산
5685,유지,주식회사 바이커넥트,김한일,유치사업자,서울
5686,유지,바른인포테크(주),추인식,유치사업자,서울
5687,유지,뷰티투어,오예일,유치사업자,서울
5688,유지,(주)예뻐지다,윤강희,유치사업자,서울
5689,유지,(주)세명투어,유재순,유치사업자,서울
5690,유지,지금홀딩스 주식회사,김시정,유치사업자,서울
5691,유지,(주)마코비즈,임동재,유치사업자,경기
5692,유지,렛츠트레블,진민정,유치사업자,서울
5693,유지,주식회사 지티투어,염철호,유치사업자,서울
5694,유지,주식회사 월드와이드메디컬,이성준,유치사업자,서울
5695,유지,주식회사 바비톡,신정인,유치사업자,서울
5696,유지,뷰티케이글로벌,조영미,유치사업자,경기
5697,유지,케이엠오 컴퍼니,어드,유치사업자,전북
5698,유지,모은디자이니티,이승은,유치사업자,경기
5699,유지,동행국제여행사,권혁철,유치사업자,경기
5700,유지,퓨어(QX)화장품회사,권설,유치사업자,서울
5701,유지,안산 오피스 (메드-코리아),조 타티야나 블라디미로브나 ,유치사업자,경기
5702,유지,주식회사 올댓아너스클럽,김용순,유치사업자,서울
5703,유지,인코메디 인터내셔널,박홍수,유치사업자,대전
5704,유지,영인터네셔널,강영민,유치사업자,울산
5705,유지,디아만떼,원나웡난나팟,유치사업자,경기
5706,유지,주식회사 라티스,후용타오,유치사업자,서울
5707,유지,주식회사 엘씨엘글로벌,윤용,유치사업자,서울
5708,유지,메디링크,위추사,유치사업자,서울
5709,유지,주식회사 케이메디센터,성하영,유치사업자,서울
5710,유지,메디부스터 주식회사,김노충,유치사업자,서울
5711,유지,주식회사 웰픽,김한결,유치사업자,서울
5712,유지,주식회사 파라다이스투어,전원미,유치사업자,서울
5713,유지,주식회사 엔엔티디엠씨,박성희,유치사업자,서울
5714,유지,주식회사 라피스메디컬,이상하,유치사업자,서울
5715,유지,주식회사 한성뷰티랩,한밍,유치사업자,서울
5716,유지,주식회사 에이치알메디컬 ,원명수,유치사업자,인천
5717,유지,주식회사 한결경영솔루션,이용기,유치사업자,서울
5718,유지,비테 유한회사,이상승,유치사업자,경기
5719,유지,주식회사 네오커스,정준호,유치사업자,서울
5720,유지,월드 라인,송기권,유치사업자,서울
5721,유지,주식회사 메디컬인포,김재현,유치사업자,서울
5722,유지,제이앤제니 주식회사 ,이재욱,유치사업자,서울
5723,유지,에스코리아투어,신동일,유치사업자,서울
5724,유지,주식회사 서울리메디컬그룹 ,박용준,유치사업자,서울
5725,유지,알파메디컬,최승미,유치사업자,서울
5726,유지,주식회사 엑스프리베,백승민,유치사업자,서울
5727,유지,이고지고주식회사,임만종,유치사업자,광주
5728,유지,주식회사 맥파이디앰씨코리아,이도윤,유치사업자,서울
5729,유지,주식회사 위버네트워크,고우균,유치사업자,서울
5730,유지,에스유,진지수,유치사업자,서울
5731,유지,헬스온클라우드 주식회사,전상훈,유치사업자,경기
5732,유지,태일글로벌,장승환,유치사업자,서울
5733,유지,(주)태린메드,이태린,유치사업자,서울
5734,유지,(주)비타메드,김 이리나 발레리에브나,유치사업자,서울
5735,유지,메디캐디코리아,권대현,유치사업자,부산
5736,유지,주식회사신아국제교류센터,손세위,유치사업자,서울
5737,유지,나루,이충원,유치사업자,대구
5738,유지,비유코리아 유한회사,알린주아이,유치사업자,서울
5739,유지,유치업자 테스트8,홍길동,유치사업자,서울
5740,유지,(주)뷰티초이스,최기현,유치사업자,경기
5741,유지,(주)피플앤드림,김대식,유치사업자,서울
5742,유지,위드 마운틴,최상군,유치사업자,서울
5743,유지,사바이,문동필,유치사업자,서울
5744,유지,주식회사 시크시그널,원방,유치사업자,서울
5745,유지,주식회사 에이치앤애드,이상아,유치사업자,서울
5746,유지,에스엠항공여행 주식회사,연진숙,유치사업자,서울
5747,유지,에스비컨설팅,이수빈,유치사업자,경기
5748,유지,주식회사 메디치골드,장연,유치사업자,서울
5749,유지,(주)케이씨메디,이명신,유치사업자,서울
5750,유지,메디칼케어솔루션,이주연,유치사업자,경기
5751,유지,엠티 메티컬 코리아,레티두엇,유치사업자,서울
5752,유지,엑스비기획,임윤성,유치사업자,경기
5753,유지,유한국제 주식회사 ,박훈섭 ,유치사업자,제주
5754,유지,지오 글로벌,이도이,유치사업자,인천
5755,유지,비앤엠,김수미,유치사업자,서울
5756,유지,씨앤피벤처스,남지현,유치사업자,서울
5757,유지,하타홀딩스 주식회사,양달삼,유치사업자,제주
5758,유지,신웨아트,왕지이,유치사업자,서울
5759,유지,모두닥 주식회사,안무혁,유치사업자,서울
5760,유지,(주)세종글로벌국제여행사,김지현,유치사업자,서울
5761,유지,엔케이트레이딩 주식회사,이홍기,유치사업자,경기
5762,유지,주식회사 피케이이페미코리아 ,김은숙,유치사업자,서울
5763,유지,주식회사 알타이코리아,정혜라,유치사업자,서울
5764,유지,제니스글로벌메디컬솔루션 주식회사,풍묘묘,유치사업자,서울
5765,유지,한국득템여행,홍의택,유치사업자,서울
5766,유지,주식회사 모드,백윤상,유치사업자,서울
5767,유지,유한회사 바이오파마코리아,이수진,유치사업자,서울
5768,유지,주식회사 웰시스,이철웅,유치사업자,부산
5769,유지,코리브,양채원,유치사업자,서울
5770,유지,코리아드림투어(주),이진,유치사업자,서울
5771,유지,서울더그레이트,채민식,유치사업자,서울
5772,유지,한국관광산업개발,홍영애,유치사업자,서울
5773,유지,주식회사투어러시아엔카고,최세형,유치사업자,서울
5774,유지,주식회사 노바힐스,김대성,유치사업자,서울
5775,유지,주식회사 위아프렌즈,조계연,유치사업자,서울
5776,유지,케이케이데이 주식회사,첸밍밍,유치사업자,서울
5777,유지,도모퀸,김남순,유치사업자,인천
5778,유지,주식회사 메디스파이어,염지혜,유치사업자,서울
5779,유지,제이케이엠씨아이 주식회사,이강현,유치사업자,서울
5780,유지,트레이디풀,최승원,유치사업자,서울
5781,유지,주식회사 이앤씨코퍼레이션,공태환,유치사업자,서울
5782,유지,비오닉스 글로벌,이동화,유치사업자,대구
5783,유지,주식회사 오가투어,김제은,유치사업자,서울
5784,유지,케이엠오,김광만,유치사업자,전북
5785,유지,(주)강남프리티,김윤태,유치사업자,경기
5786,유지,피이제이,박은자,유치사업자,대구
5787,유지,한울,편승미,유치사업자,전남
5788,유지,주식회사 우주글로벌,금송란,유치사업자,인천
5789,유지,메디수정,신수정,유치사업자,서울
5790,유지,주식회사 이브이아이,이수인,유치사업자,대구
5791,유지,주식회사 계항국제여행사,멍칭카이,유치사업자,서울
5792,유지,주식회사 유니플러스,김도겸,유치사업자,인천
5793,유지,재우IMS,남미영,유치사업자,서울
5794,유지,다온  Medical Service,유하은,유치사업자,경기
5795,유지,주식회사 솔루나트래블,구용우,유치사업자,서울
5796,유지,주 홍원국제여행사,정향숙,유치사업자,서울
5797,유지,지안메이코리아,왕자옥,유치사업자,광주
5798,유지,프리스쿨투어,강채숙,유치사업자,서울
5799,유지,(주)해성,손준해,유치사업자,경기
5800,유지,차이노트 에이전시,김혜윤,유치사업자,서울
5801,유지,인코리아나우,황근원,유치사업자,서울
5802,유지,르메이,왕혜민,유치사업자,경기
5803,유지,더에피소드,이영은,유치사업자,서울
5804,유지,주식회사 빅크래프트,이종철,유치사업자,서울
5805,유지,큐리어스,박규리,유치사업자,서울
5806,유지,주식회사 씨케이포트서비스,최지훈,유치사업자,부산
5807,유지,에이티비코리아,한인섭,유치사업자,서울
5808,유지,주식회사 제이더블유솔루션즈,김중원,유치사업자,서울
5809,유지,(주)연화국제여행사,이현진,유치사업자,서울
5810,유지,메이드인,권한해,유치사업자,서울
5811,유지,주식회사 메디칼코리아허브,김양호,유치사업자,서울
5812,유지,해신,박연화,유치사업자,서울
5813,유지,(주)뷰티더라이브,류광한,유치사업자,서울
5814,유지,핑크코리아,안도사키,유치사업자,서울
5815,유지,플로우스파,유지영,유치사업자,서울
5816,유지,주식회사 러브미뷰티,이수진,유치사업자,서울
5817,유지,이원컴퍼니,박정현,유치사업자,경기
5818,유지,주식회사 유니컴퍼스,이영진,유치사업자,서울
5819,유지,포드림,반휘권,유치사업자,경기
5820,유지,주식회사 루미니크,은대선,유치사업자,서울
5821,유지,주식회사 이오파트너스,윤영현,유치사업자,서울
5822,유지,주식회사 유엠에쓰,윤명수,유치사업자,부산
5823,유지,엠제이씨티 주식회사,주소영,유치사업자,경기
5824,유지,베리헬스,곽은정,유치사업자,인천
5825,유지,월드콜링,김민애,유치사업자,서울
5826,유지,온나 글로벌,박현주,유치사업자,서울
5827,유지,가산국제,이창화,유치사업자,서울
5828,유지,레프트투라이트,탄노 사치코,유치사업자,서울
5829,유지,주식회사 넥스트노바,후앙파앙지에,유치사업자,서울
5830,유지,유한회사 타임스투어,최미화,유치사업자,제주
5831,유지,하이퍼커넥티드 주식회사,쨩이찡,유치사업자,서울
5832,유지,리본서울,한상윤,유치사업자,경기
5833,유지,케이뷰티의료관광,신대웅,유치사업자,경기
5834,유지,씨더파트너스,이윤제,유치사업자,경기
5835,유지,케이오모테나시,최경훈,유치사업자,서울
5836,유지,주식회사글로픽스,김대곤,유치사업자,서울
5837,유지,케이링크,정수임,유치사업자,부산
5838,유지,주식회사 코스모인터네셔날,손승원,유치사업자,경기
5839,유지,유진 MEDI,황찬우,유치사업자,전남
5840,유지,스페이스몽키컴퍼니,김선형,유치사업자,서울
5841,유지,프로스퍼투어,박길룡,유치사업자,서울
5842,유지,빅어드,엥흐볼뜨 우랑구,유치사업자,부산
5843,유지,주식회사 손코퍼레이션,손민지,유치사업자,서울
5844,유지,주식회사 바이탈커넥션,하용헌,유치사업자,서울
5845,유지,글로벌페이코리아,김은희,유치사업자,서울
5846,유지,제이와이,쏘이마야,유치사업자,경기
5847,유지,(주)화림각,자오옌팅,유치사업자,서울
5848,유지,자비아에이전시,심다예,유치사업자,서울
5849,유지,티티노바 주식회사,왕정정,유치사업자,인천
5850,유지,(주)란셀롯메디,박기순,유치사업자,서울
5851,유지,주식회사 의사이야기,이주환,유치사업자,서울
5852,유지,주식회사 캐리랩,박준서,유치사업자,서울
5853,유지,베네베네,이은정,유치사업자,대전
5854,유지,이루다 엔터테인먼트,구범승,유치사업자,서울
5855,유지,(주)브이아이피시스템,문창호,유치사업자,서울
5856,유지,(주)티지그룹,전영우,유치사업자,부산
5857,유지,글로우니스,김종민,유치사업자,서울
5858,유지,주식회사 파인드클리닉,김신국,유치사업자,서울
5859,유지,주식회사 대다모닷컴,강원주,유치사업자,서울
5860,유지,메가 엠지 인터내셔널,서지혜,유치사업자,경기
5861,유지,메디미디어,정여,유치사업자,서울
5862,유지,주식회사 노블메디컬그룹,양 훈,유치사업자,경기
5863,유지,주식회사 글로벌화천,퉁쇼룽,유치사업자,서울
5864,유지,씨디컴퍼니,이신숙,유치사업자,경기
5865,유지,합바이트코리아,이지은,유치사업자,서울
5866,유지,주식회사 뷰티이데아,민병운,유치사업자,인천
5867,유지,주식회사 리뉴얼,이면재,유치사업자,제주
5868,유지,노아,조민상,유치사업자,경기
5869,유지,주식회사 임플란트49만원,이걸,유치사업자,대전
5870,유지,인콘,진이준,유치사업자,서울
5871,유지,주식회사 대한글로벌코리아,한승엽,유치사업자,서울
5872,유지,뷰릿지코퍼레이션 주식회사,장동혁,유치사업자,서울
5873,유지,오리엔탈커브,임재범,유치사업자,인천
5874,유지,주식회사 엠에이유엠플러스,조영림,유치사업자,서울
5875,유지,주식회사디에이치인프라웍스,임동희,유치사업자,인천
5876,유지,주식회사 디엔브릿지,홍경표,유치사업자,서울
5877,유지,주식회사 에이와이에스컨시어지,이소영,유치사업자,서울
5878,유지,윤토투어주식회사,주길양,유치사업자,서울
5879,유지,글로벌엠피씨((주)우성알에스이),김인배,유치사업자,충남
5880,유지,(주)마크커뮤니케이션,전선영,유치사업자,서울
5881,유지,주식회사 화푸투어,조원규,유치사업자,서울
5882,유지,엘아르,한마목,유치사업자,경기
5883,유지,유한회사 에이치엠,김한흥,유치사업자,서울
5884,유지,주식회사 현대드림투어,박종선,유치사업자,서울
5885,유지,원업크리에이티브,이정민,유치사업자,울산
5886,유지,딕스어스광주,김유환,유치사업자,광주
5887,유지,(주)케이앤씨자원,배지연,유치사업자,서울
5888,유지,뉴미에이전시,서정호,유치사업자,서울
5889,유지,에프씨세컨드,홍정민,유치사업자,인천
5890,유지,주식회사 뉴벨,남혜민,유치사업자,경기
5891,유지,힐링하우스,박설,유치사업자,경기
5892,유지,주식회사 굿코션,강석준,유치사업자,서울
5893,유지,시리뷰티코리아,왕랏카탄유시리난,유치사업자,서울
5894,유지,시티투어,허채영,유치사업자,부산
5895,유지,주식회사 티즈루,김소영,유치사업자,서울
5896,유지,주식회사 큐케이,타벳나지브,유치사업자,서울
5897,유지,제이와이웰빙주식회사,황요,유치사업자,경기
5898,유지,주식회사 투토메디,문형준,유치사업자,서울
5899,유지,주식회사 뉴씨에프씨,장하정,유치사업자,경기
5900,유지,주식회사 한화국제,조휘,유치사업자,제주
5901,유지,코리아엠비티,황윤진,유치사업자,서울
5902,유지,(주)아이디헬스케어그룹,박상훈,유치사업자,서울
5903,유지,주식회사 롬브릿지,문왕수,유치사업자,경기
5904,유지,레빗비마케팅 주식회사,한현민,유치사업자,인천
5905,유지,다오-유,신채연,유치사업자,서울
5906,유지,레몬컨설팅,손지선,유치사업자,서울
5907,유지,주식회사 탱고인터내셔널,정종철,유치사업자,서울
5908,유지,주식회사 제이앤디메디컬,송희준,유치사업자,충남
5909,유지,스카이코리아,어럴젓뜨,유치사업자,경기
5910,유지,주식회사 필만,우정호,유치사업자,경기
5911,유지,비하인디자인,김기한,유치사업자,경기
5912,유지,한서코퍼레이션,대안나,유치사업자,서울
5913,유지,비파운더,유다연,유치사업자,서울
5914,유지,주식회사 위너드,김준성,유치사업자,서울
5915,유지,주식회사 메디워크인,안형석,유치사업자,서울
5916,유지,메디그레이스,손은지,유치사업자,서울
5917,유지,아프로디테,안성현,유치사업자,부산
5918,유지,주식회사 공감에이치엘 매니지먼트,김성겸,유치사업자,서울
5919,유지,(주)캐칭클릭,이단린자스민,유치사업자,서울
5920,유지,주식회사 진아국제여행사,김동휘,유치사업자,서울
5921,유지,피엘케이인터내셔날 주식회사,김종선,유치사업자,경북
5922,유지,글로우브릿지,안상혁,유치사업자,서울
5923,유지,주식회사 대한닥터,장영미,유치사업자,서울
5924,유지,주식회사 정명여행사,김규민,유치사업자,서울
5925,유지,(주)승목,황성민,유치사업자,강원
5926,유지,주식회사 지천태국제여행사,김현호,유치사업자,경기
5927,유지,안녕코리아투어 주식회사,필자원,유치사업자,서울
5928,유지,에이치디티글로벌 주식회사,박성식,유치사업자,서울
5929,유지,익스클루시브,김수현,유치사업자,경기
5930,유지,(주)제이에스비투어앤마이스,김희선,유치사업자,부산
5931,유지,블루솔루션즈메디컬코리아,남현욱,유치사업자,인천
5932,유지,주식회사 빅웨이브쓰리,서민희,유치사업자,경기
5933,유지,(주)하베스트코리아,박해수,유치사업자,서울
5934,유지,제이에스케이 메디라인,장서경,유치사업자,경기
5935,유지,비유,SASAKI JUSTIN MITSUAKI,유치사업자,서울
5936,유지,서울 메딕스,이은주 ,유치사업자,서울
5937,유지,케이관광,조영매,유치사업자,대전
5938,유지,메디차이나,이세한,유치사업자,서울
5939,유지,주식회사 대연이엔아이,오종산,유치사업자,서울
5940,유지,스포독,장종현,유치사업자,부산
5941,유지,엔트리커뮤니케이션즈,나윤규,유치사업자,서울
5942,유지,주식회사 에이픽스글로벌,함예진,유치사업자,서울
5943,유지,이브씨케이,김대정 외1명,유치사업자,경기
5944,유지,제미안,장저메이,유치사업자,서울
5945,유지,주식회사 스케줄홀딩스,김성진,유치사업자,서울
5946,유지,주식회사 병원사람들,이미숙,유치사업자,서울
5947,유지,앤엠,정봉림,유치사업자,서울
5948,유지,한국외국인지원센터 주식회사,김영진,유치사업자,서울
5949,유지,한국보건산업진흥원,홍길동,유치사업자,충북
5950,유지,위드유,오윤아,유치사업자,대구
5951,유지,주식회사 화태국제여행사,후우시링,유치사업자,서울
5952,유지,주식회사트레이드앤인베스트먼트아시아,라흐마토프 미르자혼,유치사업자,서울
5953,유지,엘케이의료기,압딜라지조바 촐포나이,유치사업자,서울
5954,유지,이지의료관광,김기남 ,유치사업자,대구
5955,유지,어고노핏,박선영,유치사업자,서울
5956,유지,유케이컨설팅,김보람,유치사업자,경기
5957,유지,올리브카운셀링,김민정,유치사업자,서울
5958,유지,주식회사 캐번클럽,최대현,유치사업자,서울
5959,유지,메디세이글로벌,정세이,유치사업자,서울
5960,유지,유한회사 제주브로,박동국,유치사업자,제주
5961,유지,나비27,이섭근,유치사업자,충북
5962,유지,주식회사 비주얼제이,정다운,유치사업자,서울
5963,유지,주식회사 비더블유컨설팅,기승현,유치사업자,서울
5964,유지,주식회사 바이비,박진감,유치사업자,서울
5965,유지,고운트립,배세환,유치사업자,강원
5966,유지,주식회사 파이브스톤즈이엔티,한재성,유치사업자,경기
5967,유지,한국드림관광(주),이진,유치사업자,서울
5968,유지,메디투어 엔 풀,김요나,유치사업자,경기
5969,유지,테스트3,,유치사업자,서울
5970,유지,스킨브릿지,이예슬,유치사업자,제주
5971,유지,"주식회사 글로위브 (Gloweave Co., Ltd)",김대영,유치사업자,서울
5972,유지,주식회사 세이프케어인터내셔널,홍석희,유치사업자,서울
5973,유지,포레스트 랩,심진애,유치사업자,부산
5974,유지,(주)웅진팜 ,신문경,유치사업자,경기
5975,유지,주식회사 내일마케팅컴퍼니,오명훈,유치사업자,서울
5976,유지,오늘의 이야기,김남준,유치사업자,부산
5977,유지,광일글로벌,김지성,유치사업자,서울
5978,유지,캐리스 메디컬 컴퍼니,강영아,유치사업자,서울
5979,유지,주식회사 지우코퍼레이션,이화선,유치사업자,서울
5980,유지,주식회사 워크도니,오경환,유치사업자,서울
5981,유지,티어업,김정섭,유치사업자,서울
5982,유지,케이메디,강인재,유치사업자,서울
5983,유지,주식회사 디케이에스글로벌,김진홍,유치사업자,부산
5984,유지,주식회사 유큐브,김정범,유치사업자,서울
5985,유지,주식회사 한명글로벌,천호진,유치사업자,서울
5986,유지,상승기획,유동현,유치사업자,서울
5987,유지,비엘트레이딩,김성훈,유치사업자,부산
5988,유지,주니식스 주식회사,덩지엔,유치사업자,서울
5989,유지,주식회사 화방관광,한무량,유치사업자,인천
5990,유지,(주)호텔마켓,전민수,유치사업자,경기
5991,유지,오리엔탈블랙,유진환,유치사업자,서울
5992,유지,주식회사 큐라유니온그룹,장은영,유치사업자,경기
5993,유지,주식회사 삼십칠점오,김성금,유치사업자,충남
5994,유지,코리아 뷰티 프로,이호,유치사업자,인천
5995,유지,주식회사 비티투어,박수현,유치사업자,서울
5996,유지,강례 주식회사,주중강,유치사업자,서울
5997,유지,클릭코,정인혁,유치사업자,서울
5998,유지,(주)제이앤비글로벌,주상돈,유치사업자,경기
5999,유지,리안외국인지원센터 인천,홍택군,유치사업자,인천
6000,유지,주식회사 글로브피알(GLOBPR Co.Ltd.),류주호,유치사업자,서울
6001,유지,주식회사뉴로엔터테인먼트,홍창기,유치사업자,서울
6002,유지,에스이 주식회사, 리아이,유치사업자,서울
6003,유지,플라이닥터,이동진,유치사업자,인천
6004,유지,주식회사 더블유이메디컬,최웅진,유치사업자,서울
6005,유지,주식회사 글로우앤코,조민재,유치사업자,서울
6006,유지,아델라메디컬,왕 구이슈앙,유치사업자,인천
6007,유지,(주)비즈파트너즈,김창현,유치사업자,서울
6008,유지,코리아뷰티게이트, 최상훈,유치사업자,서울
6009,유지,나인나인에이전시 주식회사,이주영,유치사업자,서울
6010,유지,주식회사 동안,리우즈하오,유치사업자,서울
6011,유지,주식회사 더블유웰니스파트너스,엄정우,유치사업자,서울
6012,유지,주식회사8282코리아,박미희,유치사업자,서울
6013,유지,뷰티링크,김지윤,유치사업자,서울
6014,유지,로얄코어컬렉티브 주식회사,구정연,유치사업자,서울
6015,유지,주식회사 에이치제이메디컬투어,정창화,유치사업자,경기
6016,유지,와이앤와이,최필,유치사업자,서울
6017,유지,정아투어,한정아,유치사업자,전북
6018,유지,주식회사 케이플러스지,김진화,유치사업자,서울
6019,유지,주식회사앤에스코어,송재준,유치사업자,경기
6020,유지,준스튜디오,박효철,유치사업자,서울
6021,유지,강남 메디컬 컨시어지,푸아 도미닉 쉰 지앙,유치사업자,서울
6022,유지,시너지에드,김종원,유치사업자,경기
6023,유지,소한예쁨,유열,유치사업자,인천
6024,유지,주식회사 코리안시스터즈,최영근,유치사업자,경기
6025,유지,주식회사 쉼표여행,박하나,유치사업자,경기
6026,유지,주식회사 동안기획,노윤숙,유치사업자,인천
6027,유지,케이링커,현수민,유치사업자,경기
6028,유지,주식회사 메디팔,강종일,유치사업자,서울
6029,유지,주식회사 콜리전스,김륜희,유치사업자,서울
6030,유지,주식회사 미미국제여행사,악보기,유치사업자,서울
6031,유지,주식회사 앤파미셀,김진동,유치사업자,서울
6032,유지,여행척척,김진민,유치사업자,서울
6033,유지,주식회사 백영국제여행사,유밍밍,유치사업자,충북
6034,유지,메디조이,한민이,유치사업자,서울
6035,유지,신데렐라 뷰티,김나연,유치사업자,부산
6036,유지,주식회사 셀이즈바이오,한충석,유치사업자,서울
6037,유지,주식회사 휴먼셀메디컬,양윤정,유치사업자,서울
6038,유지,스타브릿지,진펭,유치사업자,서울
6039,유지,(주)지티지한국의료관광,박용,유치사업자,서울
6040,유지,알리다 랩,이재우,유치사업자,서울
6041,유지,와이에이치 컴퍼니,왕영함,유치사업자,서울
6042,유지,주식회사 메디고코리아,김익환,유치사업자,서울
6043,유지,주식회사 닥터랩,최진규,유치사업자,서울
6044,유지,뷰오브,지성우,유치사업자,경기
6045,유지,주식회사 재하스,최재하,유치사업자,서울
6046,유지,루디아,김지현,유치사업자,서울
6047,유지,루마뷰티에이전시,박만수,유치사업자,서울
6048,유지,메디팩트,박희정,유치사업자,서울
6049,유지,주식회사 복성,루닝,유치사업자,제주
6050,유지,라잇투어,김주하,유치사업자,서울
6051,유지,스마일트래블서비스,정종화,유치사업자,서울
6052,유지,유한회사 더조이,이미경,유치사업자,서울
6053,유지,주식회사 허니즈,리루쥔,유치사업자,서울
6054,유지,주식회사 지은얼짱티에이치,잔타로타이타나톤,유치사업자,서울
6055,유지,민메디 인터네셔널,김수민,유치사업자,경기
6056,유지,메디넥서스,유선일,유치사업자,서울
6057,유지,(주)와이제이메디넷,윤종진,유치사업자,서울
6058,유지,주식회사 에이엔제이컴퍼니,안금복,유치사업자,인천
6059,유지,하스코리아 주식회사,나유진,유치사업자,인천
6060,유지,서미교역,임미,유치사업자,서울
6061,유지,데이터컴바인,김화수,유치사업자,서울
6062,유지,주식회사 뷰티컬라이즈,한동남,유치사업자,서울
6063,유지,제우스트레블(주),이수정,유치사업자,제주
6064,유지,한미인 주식회사,김준모,유치사업자,서울
6065,유지,주식회사 밴스마케팅,국기호,유치사업자,서울
6066,유지,열정의 시간,한동남,유치사업자,서울
6067,유지,(주)케이앤디알,유새하,유치사업자,경기
6068,유지,주식회사 프렌트립,임수열,유치사업자,서울
6069,유지,뉴에라,김엘레나,유치사업자,인천
6070,유지,주식회사 아이디네트웍스,박상훈,유치사업자,서울
6071,유지,(주)트래블디퍼런트,홍윤하,유치사업자,서울
6072,유지,주식회사 메디아트코리아,박율하,유치사업자,서울
6073,유지,메이드인코리아,윤세라린그레이스,유치사업자,서울
6074,유지,(주) 브이알메디투어앤홈,"정성영, 정한나",유치사업자,서울
6075,유지,(주)엠디스퀘어,오수환,유치사업자,서울
6076,유지,주식회사 셀메디바이오,한충석,유치사업자,서울
6077,유지,원 트래블,손원준,유치사업자,경기
6078,유지,주식회사 서울뷰티글로벌,최우다,유치사업자,충남
6079,유지,(주)마케이션,유승완,유치사업자,서울
6080,유지,주식회사 송가,송정환,유치사업자,서울
6081,유지,(주)서신국제,김정애,유치사업자,경기
6082,유지,주식회사 에이치엠에스테틱,박은화,유치사업자,경기
6083,유지,메디스,이미란,유치사업자,부산
6084,유지,청운,김수,유치사업자,서울
6085,유지,쉐어마린 투어,박세권,유치사업자,부산
6086,유지,유한회사 린코리아,이니나,유치사업자,인천
6087,유지,주식회사 에델라인,박미향,유치사업자,서울
6088,유지,몽크라페 주식회사,이민형,유치사업자,서울
6089,유지,주식회사 와이에스피알컴퍼니,원지페,유치사업자,경기
6090,유지,메디컴퍼스,강라엘,유치사업자,인천
6091,유지,늘봄투어,태권,유치사업자,인천
6092,유지,리사브이아이피(주),시에 리 사,유치사업자,서울
6093,유지,(주)트래볼루션,배인호,유치사업자,서울
6094,유지,웨이플러스 주식회사,왕리앤,유치사업자,서울
6095,유지,주식회사 셀라메디,박유하,유치사업자,서울
6096,유지,주식회사 한국제약홀딩스,주희경,유치사업자,충북
6097,유지,주식회사 누아,서덕진,유치사업자,서울
6098,유지,이메이마케팅,이화은,유치사업자,서울
6099,유지,더쁘띠 유한회사,문성영,유치사업자,경기
6100,유지,주식회사 팀트루패스,임우정,유치사업자,서울
6101,유지,트립닥,이창구,유치사업자,부산
6102,유지,주식회사 에픽투스,김태환,유치사업자,서울
6103,유지,주식회사 유비피메디컬,김상호,유치사업자,서울
6104,유지,주식회사다복메디칼,박두원,유치사업자,서울
6105,유지,원뷰티 유한회사,진위전,유치사업자,서울
6106,유지,(주)영산휴먼,정경숙,유치사업자,서울
6107,유지,주식회사 코넥스트립,배성준,유치사업자,서울
6108,유지,플랫퍼슨스,김지용,유치사업자,인천
6109,유지,위즈마케팅 ,쉬강,유치사업자,서울
6110,유지,쿨이엔지,엄수민,유치사업자,서울
6111,유지,케이잡스 주식회사,김우진,유치사업자,서울
6112,유지,주식회사 얄라코리아,박상원,유치사업자,서울
6113,유지,누베,고명혜,유치사업자,경기
6114,유지,힐인코리아,문은진,유치사업자,부산
6115,유지,제니하우스,후가동,유치사업자,서울
6116,유지,주식회사 한수코퍼레이션,이세진,유치사업자,경기
6117,유지,진글로벌,권혜진,유치사업자,경기
6118,유지,주식회사 월드베세토,임승욱,유치사업자,서울
6119,유지,한중문화건강교류협회,류주행,유치사업자,부산
6120,유지,지아이오엠(주),안진석,유치사업자,경기
6121,유지,두두 메디컬 서비스,권홍매,유치사업자,경기
6122,유지,주식회사 마이데이트립,김태준,유치사업자,서울
6123,유지,주식회사 메디시스홀딩스,지숙희,유치사업자,인천
6124,유지,㈜해천문화글로벌,강춘옥,유치사업자,대구
6125,유지,연세안 파트너스 주식회사,조남룡,유치사업자,경기
6126,유지,주식회사 메틱쓰리디,권영삼,유치사업자,충북
6127,유지,(주)월드메디투어,최호,유치사업자,경기
6128,유지,닥터뷰티,마샤오수,유치사업자,서울
6129,유지,코리아에이원,노정순,유치사업자,서울
6130,유지,주식회사 지나뷰티,부티로안,유치사업자,서울
6131,유지,엔애스그룹,김바딤,유치사업자,부산
6132,유지,부산메드,콜체마노브 안톤,유치사업자,부산
6133,유지,하이한,오맹,유치사업자,서울
6134,유지,주식회사 메이저컴퍼니,김기환,유치사업자,경기
6135,유지,주식회사 케이노바8글로벌,문정환,유치사업자,서울
6136,유지,주식회사 케이디엠코리아,한규덕,유치사업자,서울
6137,유지,주식회사 머스카,김은경,유치사업자,서울
6138,유지,(주)비티키키,기형도,유치사업자,서울
6139,유지,(주)미웰,이일수,유치사업자,서울
6140,유지,윰프로,정유미,유치사업자,서울
6141,유지,(주)솔리아사이언스,문승욱,유치사업자,서울
6142,유지,(주)구미호,정이은,유치사업자,서울
6143,유지,엑시트파트너스,유은실,유치사업자,서울
6144,유지,오월의나무 컴퍼니,정진서,유치사업자,서울
6145,유지,주식회사 뷰티올,김지민,유치사업자,서울
6146,유지,디벨럽코퍼레이션,김한결,유치사업자,서울
6147,유지,데이드림,서정욱,유치사업자,서울
6148,유지,네오심플릭스,정준호,유치사업자,서울
6149,유지,주식회사 옴니케어,최국보,유치사업자,서울
6150,유지,(주)티에치피,태복화,유치사업자,서울
6151,유지,주식회사오아이,오석환,유치사업자,대전
6152,유지,웰트립,이예나,유치사업자,제주
6153,유지,(주)코리아트래블,류호진,유치사업자,인천
6154,유지,(주)스마일스토리,연삼흠,유치사업자,서울
6155,유지,소넥트,손태준,유치사업자,인천
6156,유지,BDK (뷰티드림코리아)국제투어 여행사,이창빈,유치사업자,인천
6157,유지,(주)케이더마,금동조,유치사업자,서울
6158,유지,주식회사 타비스 트레이닝,아잇바에바 발누르,유치사업자,부산
6159,유지,공간블라썸스튜디오(studio),전예지,유치사업자,서울
6160,유지,마케팅외계인,허경석,유치사업자,서울
6161,유지,에버리코 주식회사,김찬우,유치사업자,서울
6162,유지,미인 메디컬 앤 뷰티,김덕화,유치사업자,경기
6163,유지,주식회사 한수코퍼레이션,이세진,유치사업자,서울
6164,유지,토피아플러스,최영근,유치사업자,인천
6165,유지,(주)엠제이여행사,신길광,유치사업자,제주
6166,유지,(주)신사국제여행사,김광일,유치사업자,제주
6167,유지,지티메디스 ,최알레프티나,유치사업자,경기
6168,유지,하이디,최해인,유치사업자,서울
6169,유지,티디컴퍼니,원정학,유치사업자,서울
6170,유지,유한회사 더파일론클럽,전민서,유치사업자,서울
6171,유지,에스와이글로벌,성태현,유치사업자,경기
6172,유지,주식회사 가이던스,마치앙,유치사업자,서울
6173,유지,토탈에이스플러스트레딩,진건웅,유치사업자,서울
6174,유지,루루컴퍼니 주식회사,우제중,유치사업자,서울
6175,유지,주식회사 아크틱,이정우 ,유치사업자,서울
6176,유지,수즈인터내셔널,최수하,유치사업자,서울
6177,유지,주식회사 메디브릿지앤디,조민결,유치사업자,전남
6178,유지,주식회사 지티큐이노베이션코리아,이태경,유치사업자,경기
6179,유지,(주)지메나코리아,김은희,유치사업자,인천
6180,유지,굿핸즈,조선희,유치사업자,세종
6181,유지,디어그리드(Dear grid),김강이,유치사업자,경기
6182,유지,영웨이브,황정원,유치사업자,서울
6183,유지,한국케어웍스(주),손홍근,유치사업자,서울
6184,유지,글로우,김경남,유치사업자,경북
6185,유지,투트라비디엠(주),오시난,유치사업자,서울
6186,유지,태경국제행정여행사 ,구자강,유치사업자,서울
6187,유지,주식회사 아이앤픽,구혜인,유치사업자,서울
6188,유지,주식회사 컨프론티어,홍기태,유치사업자,서울
6189,유지,연결혼정보 준 무역,윤동훈,유치사업자,경기
6190,유지,주식회사 아로니안 ,정경국 ,유치사업자,인천
6191,유지,엔텔뷰티,니꼴라에바 따찌야나,유치사업자,경기
6192,유지,서울브릿지 인터내셔널,정해민,유치사업자,서울
6193,유지,주식회사 중청국제,박영호,유치사업자,제주
6194,유지,엠원커뮤니케이션,이현우,유치사업자,광주
6195,유지,(주)오미트래블,최한광,유치사업자,서울
6196,유지,코에스테틱스,정송이,유치사업자,서울
6197,유지,주식회사 에런,류메이씨,유치사업자,서울
6198,유지,(주)씨앤이투어,엘비라 루사나 사론,유치사업자,서울
6199,유지,유이메디,임현철,유치사업자,서울
6200,유지,주식회사 트리마,허동찬,유치사업자,서울
6201,유지,주식회사 쉐어아트,문석호,유치사업자,서울
6202,유지,주식회사 페르소나미디어,박지현,유치사업자,서울
6203,유지,미라클코리아,왕 홍,유치사업자,경기
6204,유지,비피이 주식회사,"이석재(각자대표),정보인(각자대표)",유치사업자,서울
6205,유지,이엠티(EMT),엠류드밀라,유치사업자,서울
6206,유지,솔류션월드,김한섭,유치사업자,경기
6207,유지,주식회사 신한국무역,박미희,유치사업자,경기
6208,유지,주식회사 더클릭케어,박성용,유치사업자,서울
6209,유지,케이유 글로벌,황용근,유치사업자,서울
6210,유지,애드윈,정선화,유치사업자,광주
6211,유지,대호 주식회사,강동완,유치사업자,부산
6212,유지,주식회사 유에이치씨,박성재,유치사업자,서울
6213,유지,케이닥커넥트,김민지,유치사업자,서울
6214,유지,티앤코리아(주),조삼선,유치사업자,서울
6215,유지,마이매직라이드,이근형,유치사업자,대전
6216,유지,알파로지스틱스코리아 주식회사,왕빈빈,유치사업자,서울
6217,유지,주식회사 글로벌헬스파트너스,라흐맛조다 자혼기르,유치사업자,인천
6218,유지,하루,박상현,유치사업자,서울
6219,유지,조이메디,조래희,유치사업자,서울
6220,유지,주식회사 명성피앤디,김성노,유치사업자,서울
6221,유지,이무틱,신새미,유치사업자,서울
6222,유지,헤베,장윤지,유치사업자,서울
6223,유지,주식회사 메이플힐즈,한원호,유치사업자,서울
6224,유지,주식회사 링크메디,신정수,유치사업자,서울
6225,유지,주식회사 다와요국제여행사,장충국,유치사업자,인천
6226,유지,주식회사 원빅트리,리홍예,유치사업자,인천
6227,유지,제이씨&씨,이화규,유치사업자,서울
6228,유지,주식회사 트립비토즈,정지하,유치사업자,서울
6229,유지,(주)더블유앤피바이오,홍창희,유치사업자,서울
6230,유지,내추럴라이너주식회사,강병일,유치사업자,서울
6231,유지,주식회사 에스지메디컬,아드리아나 루이사 오테로 카라스칼,유치사업자,서울
6232,유지,메디링크,손정길,유치사업자,경기
6233,유지,주식회사재화,정달근,유치사업자,부산
6234,유지,주식회사 금화기획,이선엽,유치사업자,부산
6235,유지,신화홀리데이 주식회사,채근택,유치사업자,제주
6236,유지,엔젤롤,박은실,유치사업자,경기
6237,유지,우상글로벌 주식회사,이선,유치사업자,인천
6238,유지,주식회사스타리버인터내셔널,이귀옥,유치사업자,서울
6239,유지,백의의민족 주식회사,주유빈,유치사업자,서울
6240,유지,에스제이 스튜디오,김성주,유치사업자,인천
6241,유지,주식회사 삐삐에스그룹,자오시준,유치사업자,서울
6242,유지,픽쓰,김태관,유치사업자,부산
6243,유지,주식회사 유비무환,안상직,유치사업자,충남
6244,유지,주식회사 더웨이홀딩스,이주호,유치사업자,서울
6245,유지,주식회사 트렌비,강민구,유치사업자,경기
6246,유지,씨넥트,전시환,유치사업자,부산
6247,유지,주식회사 스타투어,이계숙,유치사업자,제주
6248,유지,주식회사 자유자재닷컴,추치엔,유치사업자,서울
6249,유지,주식회사 제이피뷰티코리아,염준호,유치사업자,경기
6250,유지,주식회사 케이글로비,서민정,유치사업자,서울
6251,유지,블리스글로벌스 주식회사,김동원,유치사업자,서울
6252,유지,케이트레블,백옥선,유치사업자,인천
6253,유지,에이치엠비제이 주식회사,박진만,유치사업자,서울
6254,유지,주식회사 메이크오버,장재훈,유치사업자,부산
6255,유지,캔즈플렉스(주),백진호,유치사업자,서울
6256,유지,주식회사 에스디에스코리아,김정남,유치사업자,인천
6257,유지,주식회사 하루에브릿지,황호빈,유치사업자,서울
6258,유지,(주)정호여행사,정현일,유치사업자,서울
6259,유지,(주)이든여행사,이봉규,유치사업자,부산
6260,유지,주식회사 디비디알,김승현,유치사업자,서울
6261,유지,주식회사 뷰티길컨설팅,주설청,유치사업자,서울
6262,유지,주식회사 르다컴퍼니,정유석,유치사업자,경기
6263,유지,상플랜,리뢰루,유치사업자,경기
6264,유지,메디브리지코리아,홍지수,유치사업자,서울
6265,유지,주식회사 비씨앤컴퍼니,우주엽,유치사업자,서울
6266,유지,세이메디투어,박성준,유치사업자,서울
6267,유지,주식회사 아크로모빌리티,박재원,유치사업자,인천
6268,유지,하나뷰티코리아,권명훈,유치사업자,강원
6269,유지,(주)엠에스비전컨설팅그룹,백영기,유치사업자,경기
6270,유지,주식회사 해나트래블,이향순,유치사업자,경기
6271,유지,주식회사 피투피글로벌,이청우,유치사업자,서울
6272,유지,나우뷰티 주식회사,텅쉬양,유치사업자,제주
6273,유지,주식회사 포에스브랜딩,홍성욱,유치사업자,서울
6274,유지,에프에프에스코리아,김희수,유치사업자,서울
6275,유지,주식회사 잇츠쏘미,최진우,유치사업자,서울
6276,유지,주식회사 케이밴코리아,최춘열,유치사업자,세종
6277,유지,메디 한류,박소현,유치사업자,인천
6278,유지,주식회사아우어컴퍼니,오승은,유치사업자,전남
6279,유지,(주)해피유유,양 설,유치사업자,경기
6280,유지,케이디쿠 주식회사,김동구,유치사업자,서울
6281,유지,와이컴퍼니,강 은 영,유치사업자,서울
6282,유지,티움커넥트,진호원,유치사업자,제주
6283,유지,주식회사정일투어,오혜영,유치사업자,서울
6284,유지,엔비 트래블,정진화,유치사업자,경기
6285,유지,보람트래블,이연하,유치사업자,서울
6286,유지,청아,양우청,유치사업자,서울
6287,유지,주식회사놀던오빠들,김준호,유치사업자,인천
6288,유지,주식회사 라브,최정우,유치사업자,경기
6289,유지,(주)익스클루시브,김수현,유치사업자,서울
6290,유지,(주)은빈개발,조재훈,유치사업자,부산
6291,유지,미인브릿지,예초은,유치사업자,서울
6292,유지,케어,김형식,유치사업자,경기
6293,유지,엠씨엘 주식회사 ,문예슬,유치사업자,인천
6294,유지,라라 메드 투어 ,아라,유치사업자,경북
6295,유지,다야글로벌,진다야,유치사업자,부산
6296,유지,주식회사 라블랑쉬,전미연,유치사업자,서울
6297,유지,주식회사 핏투어스,채승원,유치사업자,부산
6298,유지,(주)대일본초,전종호,유치사업자,인천
6299,유지,주식회사 윈코리아,임현진,유치사업자,부산
6300,유지,주식회사 제이지,박정훈,유치사업자,서울
6301,유지,미리사 유한회사,장리,유치사업자,서울
6302,유지,주식회사 룩소르홀딩스,김단순,유치사업자,서울
6303,유지,(주)베리드코리아,김택균,유치사업자,서울
6304,유지,코리아글로우,김소연,유치사업자,서울
6305,유지,에이치메디투어스,정대호,유치사업자,부산
6306,유지,(주)넥스트페이퍼엠앤씨,손명희,유치사업자,서울
6307,유지,(주) 또바기툴즈,정병기,유치사업자,서울
6308,유지,주식회사 해피메디투어,쉬안홍옌,유치사업자,서울
6309,유지,주식회사 가이아랩스,김건형,유치사업자,서울
6310,유지,주식회사 제이큐브,전진윤,유치사업자,부산
6311,유지,메디코어,채송아,유치사업자,서울
6312,유지,메리레이디,장천,유치사업자,서울
6313,유지,주식회사 메디비아랩,배정휘,유치사업자,서울
6314,유지,케이지비 스키,김동균,유치사업자,강원
6315,유지,가끔맛,한명환,유치사업자,경기
6316,유지,주식회사 스타팅라인,박석민,유치사업자,서울
6317,유지,주식회사 레드그레이,길경태,유치사업자,서울
6318,유지,주식회사 글로벌브라이트,최은교,유치사업자,서울
6319,유지,(주)비전링크,박성혁,유치사업자,서울
6320,유지,주식회사 힐넥서스,진성호,유치사업자,부산
6321,유지,글로벌 아이리스 코디네이션,윤효라,유치사업자,서울
6322,유지,비티프,배성원,유치사업자,경기
6323,유지,(주)제이에스인터내셔널,전승기,유치사업자,대전
6324,유지,주식회사 리라파트너스코리아,홍은경,유치사업자,서울
6325,유지,(주)유유투어,안재혁,유치사업자,경기
6326,유지,주식회사 재우메디스,최신혜,유치사업자,경기
6327,유지,주식회사 강남힐링,어명찬,유치사업자,서울
6328,유지,뷰티시그니처,한반석,유치사업자,경기
6329,유지,주식회사 알비아이,이상우,유치사업자,경기
6330,유지,베르노,김현애,유치사업자,서울
6331,유지,주식회사 여행먼저,장수형,유치사업자,경기
6332,유지,카빙,김소연,유치사업자,서울
6333,유지,제이와이뷰티,양금묘,유치사업자,서울
6334,유지,주식회사 비상투어,유예지,유치사업자,제주
6335,유지,힐링페이퍼서비스 유한회사,백진식,유치사업자,서울
6336,유지,한국벱솔투자자문 유한회사,허초,유치사업자,서울
6337,유지,주식회사 도이재웰니스,최윤서,유치사업자,서울
6338,유지,주식회사 신플로,이영욱,유치사업자,인천
6339,유지,우우무역,박선영 ,유치사업자,서울
6340,유지,주식회사 리화,조희경,유치사업자,부산
6341,유지,보성물류,안보성,유치사업자,경기
6342,유지,케이병원친구,김은정,유치사업자,서울
6343,유지,오하우 주식회사,전미령,유치사업자,서울
6344,유지,케이아이씨인베스트먼트 주식회사,김희곤,유치사업자,서울
6345,유지,엠픽 글로벌,홍진명,유치사업자,서울
6346,유지,지엠지 주식회사,마지안레이,유치사업자,서울
6347,유지,주식회사 데일리랩스,김승준,유치사업자,서울
6348,유지,(주)쥬베니스,김동연,유치사업자,서울
6349,유지,주식회사 공구리빙,김종유,유치사업자,서울
6350,유지,주식회사 닥터셀렉션,조주형,유치사업자,서울
6351,유지,더블유글로벌,왕싱윈,유치사업자,인천
6352,유지,주식회사 인사이트네트웍스,윤서영,유치사업자,서울
6353,유지,주식회사 뷰알앤씨,조신영,유치사업자,서울
6354,유지,주식회사 에어리어195,김정수,유치사업자,서울
6355,유지,푸꼬컴퍼니,김재호,유치사업자,서울
6356,유지,주식회사 더마포트,손병극,유치사업자,서울
6357,유지,에이치아워,김효진,유치사업자,부산
6358,유지,더블유아이엔엠,안보름,유치사업자,경기
6359,유지,주식회사 메디에이블,문선영,유치사업자,서울
6360,유지,에스아이에스 코리아,주타시파닛 수위파,유치사업자,서울
6361,유지,몽코르트레이딩 (주),냠체렌벌드바타르,유치사업자,서울
6362,유지,주식회사 예승컨설팅,최진,유치사업자,서울
6363,유지,(주)킴스발달전문기관,김민주,유치사업자,울산
6364,유지,주식회사 케이메디브릿지,정윤주,유치사업자,서울
6365,유지,미투코리아,쿠카노바 빅토리아,유치사업자,서울
6366,유지,주식회사 구영애여행, 구영애,유치사업자,부산
6367,유지,(주)에스바이오헬스,신영수,유치사업자,인천
6368,유지,주식회사 디포뮬러,최재원,유치사업자,서울
6369,유지,예스웰케어 주식회사,윤은식,유치사업자,경기
6370,유지,주식회사 고고싱투어,이덕봉,유치사업자,제주
6371,유지,주식회사 한유링스,황광춘,유치사업자,서울
6372,유지,유한회사 여유트래블,시안얀,유치사업자,서울
6373,유지,오레비아,서지은,유치사업자,서울
6374,유지,엠디이노베이션 유한책임회사,유재훈,유치사업자,경기
6375,유지,로드웍스컴퍼니 주식회사,박준,유치사업자,경기
6376,유지,이음,김현규,유치사업자,서울
6377,유지,주식회사 가이빙,박건환,유치사업자,서울
6378,유지,주식회사 오에스이,경규철,유치사업자,서울
6379,유지,주식회사 리타루스,이타찌야나,유치사업자,서울
6380,유지,(주)이을커뮤니케이션아임,김장욱,유치사업자,서울
6381,유지,주식회사 그렌느,류평평,유치사업자,서울
6382,유지,주식회사 메디올포,정유석,유치사업자,부산
6383,유지,주식회사 코더마랩,피아노,유치사업자,서울
6384,유지,케이에스잉그마 주식회사,손영득,유치사업자,서울
6385,유지,주식회사 이지코리아,이규호,유치사업자,서울
6386,유지,주식회사동행퓨어,천준필,유치사업자,인천
6387,유지,코리아엘메디컬,이휘권,유치사업자,경기
6388,유지,서울도시미디어 주식회사,김은혜,유치사업자,서울
6389,유지,정이무역,류정이,유치사업자,부산
6390,유지,주식회사 스페이셜코어,이종훈,유치사업자,서울
6391,유지,주식회사 블루오션마린,박원섭,유치사업자,인천
6392,유지,주식회사 아센디아,송영진,유치사업자,서울
6393,유지,한메디 트래블,고나탈리아,유치사업자,경기
6394,유지,유플로여행사,최예신,유치사업자,서울
6395,유지,주식회사 틱스잇,김태영,유치사업자,서울
6396,유지,주식회사 송도헬스케어네트웍스,카네가와 ,유치사업자,서울
6397,유지,주식회사 비씨아이코리아,남연화,유치사업자,서울
6398,유지,코어먼트,조아름,유치사업자,서울
6399,유지,조이코리아투어 주식회사,이송남,유치사업자,제주
6400,유지,유한회사디지인터내셔널,왕펑페이,유치사업자,서울
6401,유지,(주)오예커뮤니케이션,이앙,유치사업자,서울
6402,유지,주식회사 엘스타트레이딩,허흥준,유치사업자,경기
6403,유지,주식회사 미플로우,최다솜,유치사업자,서울
6404,유지,(주)엠제이글로벌파트너스,진진국,유치사업자,서울
6405,유지,(주)우리피플,김승호,유치사업자,서울
6406,유지,위어드,추헌우,유치사업자,서울
6407,유지,주식회사 르미,황아름,유치사업자,경기
6408,유지,크리에이커 주식회사,이주영,유치사업자,서울
6409,유지,주식회사 플랜스코리아,이경로,유치사업자,서울
6410,유지,스카이 웨이 트래블,김엘라다,유치사업자,인천
6411,유지,주식회사 케이베스트투어,김성희,유치사업자,서울
6412,유지,주식회사 디어엔트로피,김동욱,유치사업자,서울
6413,유지,(주)케이뷰티메디컬,우하이밍,유치사업자,서울
6414,유지,주식회사 삼천리네트웍스,임진혁,유치사업자,서울
6415,유지,주식회사 프록시,나카니시 카즈미,유치사업자,인천
6416,유지,도나 프레스티지 컨설팅,최영영,유치사업자,인천
6417,유지,서울리본,김하기,유치사업자,서울
6418,유지,(주)성광항공여행사,성원재,유치사업자,서울
6419,유지,주식회사 메디야,이정미,유치사업자,경남
6420,유지,주식회사 골든토드,김경준,유치사업자,인천
6421,유지,씨와이엘글로벌,이승재,유치사업자,인천
6422,유지,주식회사  아이패스,박충석,유치사업자,서울
6423,유지,무란미디어,정주성,유치사업자,서울
6424,유지,동동메디 주식회사,이동호,유치사업자,서울
6425,유지,아르메,롱 피살,유치사업자,서울
6426,유지,주식회사 화하국제,신용해,유치사업자,서울
6427,유지,알엔케이 메디투어,유남열,유치사업자,경기
6428,유지,주식회사 엑시즈,조은경,유치사업자,서울
6429,유지,날개마이스,박준호,유치사업자,서울
6430,유지,와이프레임 주식회사,엽성옥,유치사업자,경기
6431,유지,아르메드,투이치에브 아지즈벡 바코디르 우글리,유치사업자,경기
6432,유지,주식회사 리베이트코리아,윤수한,유치사업자,서울
6433,유지,주식회사 노즈랩,강차영,유치사업자,서울
6434,유지,주식회사 유라인홀딩스,유승민,유치사업자,서울
6435,유지,메디케이,차연희,유치사업자,인천
6436,유지,트래블이브 여행전야,추선아,유치사업자,인천
6437,유지,주식회사 청천국제상무,호택혜,유치사업자,인천
6438,유지,아우라뷰티,LU TINGTING,유치사업자,서울
6439,유지,정투어,정향화,유치사업자,서울
6440,유지,주식회사 더하다컴퍼니,반경태,유치사업자,서울
6441,유지,주식회사 라온브릿지코리아,이혜숙,유치사업자,서울
6442,유지,주식회사 드림투어홀딩스,황영성,유치사업자,인천
6443,유지,네트라 주식회사,명수정,유치사업자,서울
6444,유지,명주투어,공명주,유치사업자,부산
6445,유지,행복짓기,최준영,유치사업자,경기
6446,유지,에쓰엠틴탑,장설봉,유치사업자,서울
6447,유지,(주)아이비코어,김진목,유치사업자,부산
6448,유지,주식회사 라줌,오경준,유치사업자,서울
6449,유지,제이제이뷰티메디코리아,왕징난,유치사업자,경기
6450,유지,테라미디어,구자호,유치사업자,서울
6451,유지,주식회사 메디마크,정기국,유치사업자,서울
6452,유지,주식회사 샐리투어,김혜리,유치사업자,서울
6453,유지,주식회사 플레이스5 ,김재용,유치사업자,서울
6454,유지,타이거여행사 주식회사,심중,유치사업자,인천
6455,유지,강남펠리컨랩,김형석,유치사업자,서울
6456,유지,주식회사 에이치에이블,한창진,유치사업자,서울
6457,유지,싱야오국제(주),지샹,유치사업자,서울
6458,유지,더뉴메디링크,이승훈,유치사업자,서울
6459,유지,써니유코리아,박선유,유치사업자,서울
6460,유지,주식회사 이그나이트,노경수,유치사업자,경기
6461,유지,라쿵푸 마라탕,학우미,유치사업자,부산
6462,유지,제이케이뷰티파트너,표진주,유치사업자,경기
6463,유지,헤이,이동환,유치사업자,충북
6464,유지,주식회사 스카이메드투어,김발레리,유치사업자,인천
6465,유지,하모니 메드링크,송상현,유치사업자,경기
6466,유지,케메디 마케팅,김영남,유치사업자,서울
6467,유지,영화여행사,신유호,유치사업자,경기
6468,유지,포포뷰티,김정현,유치사업자,충남
6469,유지,(주) 마니투어,변금란,유치사업자,서울
6470,유지,주식회사 트윈티 ,탁경석,유치사업자,서울
6471,유지,복록수코리아,박재석,유치사업자,대구
6472,유지,주식회사 루이청상무국제,임성혜,유치사업자,경기
6473,유지,주식회사국제농업협력서비스,김동일,유치사업자,서울
6474,유지,아시아 브릿지,이정훈,유치사업자,서울
6475,유지,국제인재교류연구센터,박명현,유치사업자,충남
6476,유지,제이엠제이 이노베이션 ,박다솜 ,유치사업자,부산
6477,유지,에스비컴퍼니,최형기,유치사업자,경기
6478,유지,로담바이오주식회사,김민화,유치사업자,서울
6479,유지,주식회사 포에이치케어,정재현,유치사업자,서울
6480,유지,뮤토,김세미,유치사업자,서울
6481,유지,주식회사코레아니시마,구혜원,유치사업자,서울
6482,유지,주식회사 쿨롱,이재준,유치사업자,경기
6483,유지,테스트,테스트,유치사업자,대전
6484,유지,테스트,테스트,유치사업자,서울
6485,유지,메디코리아컨설팅,장시찬,유치사업자,경기
6486,유지,케이메디마케팅,김준규,유치사업자,경기
6487,유지,루먼컴퍼니,서수영,유치사업자,경기
6488,유지,주식회사 유니온,김야나,유치사업자,부산
6489,유지,주식회사 팔로우코리아,하장환,유치사업자,서울
6490,유지,주식회사 스타토,센지에,유치사업자,서울
6491,유지,(주)벨라리퀴,민두재,유치사업자,서울
6492,유지,와이엔인터내셔널 주식회사,강기태,유치사업자,경기
6493,유지,주식회사 위드코버팜,박주영,유치사업자,서울
6494,유지,주식회사 메디칼코리아센터,김기호,유치사업자,서울
6495,유지,(주)뉴양명여행사,왕학조,유치사업자,제주
6496,유지,케이비 엔터테인먼트,채길병,유치사업자,서울
6497,유지,유원메디,김숙이,유치사업자,부산
6498,유지,라우노바,김미진,유치사업자,인천
6499,유지,케이뷰티버틀러,한지혜,유치사업자,서울
6500,유지,주식회사 로간,이강우,유치사업자,경기
6501,유지,주식회사 고블린코어,박주연,유치사업자,서울
6502,유지,태국방콕리더스,이은엽,유치사업자,경기
6503,유지,글로메디 ,이원항,유치사업자,서울
6504,유지,주식회사플로우기획,박장현,유치사업자,서울
6505,유지,testin01,testin01,유치사업자,인천
6506,유지,주식회사 모드코스,홍경국,유치사업자,서울
6507,유지,탐코리아,진인리안,유치사업자,제주
6508,유지,리부트 주식회사 ,황은지,유치사업자,서울
6509,유지,에코차이나,정지윤,유치사업자,제주
6510,유지,(주)머스트고,이종화,유치사업자,대구
6511,유지,주식회사 엠알티메드,주진명,유치사업자,서울
6512,유지,루마,이서연,유치사업자,서울
6513,유지,비애프터 주식회사,이수혁,유치사업자,서울
6514,유지,테스트서울(우치),테스트,유치사업자,서울
6515,유지,스카이밍글 주식회사,현덕해,유치사업자,경기
6516,유지,메디허브 아시아 ,박흔,유치사업자,서울
6517,유지,케이글로우,이지현,유치사업자,서울
6518,유지,케이링크,"장병관, ZHAO NAN",유치사업자,서울
6519,유지,주식회사 리스타,송명석,유치사업자,서울
6520,유지,주식회사 포엘에이디 ,김지성,유치사업자,서울
6521,유지,엘제이메디컬,전내영,유치사업자,서울
6522,유지,테스트,테스트,유치사업자,서울
6523,유지,테스트,테스트,유치사업자,부산
6524,유지,서울언니,이성용,유치사업자,서울
6525,유지,주식회사 애부,장모리,유치사업자,부산
6526,유지,주식회사 드림스타코리아 ,싱위엔칭 ,유치사업자,서울
6527,유지,뷰티 링크 코리아,김성대,유치사업자,대구
6528,유지,효성글로벌,김효향,유치사업자,경기
6529,유지,데이데이투어,김용호,유치사업자,경기
6530,유지,르네라 메디컬 주식회사,황민호,유치사업자,인천
6531,유지,(주)메디포유,김현조,유치사업자,경기
6532,유지,주식회사 대한글로벌디에스,한승엽,유치사업자,서울
6533,유지,글로리랩스,김예지,유치사업자,서울
6534,유지,네오글로벌메디컬 주식회사,장민성,유치사업자,서울
6535,유지,핀고여행사,신성우,유치사업자,서울
6536,유지,앤티스(주),이주희,유치사업자,경기
6537,유지,티와이뷰티,장유라,유치사업자,서울
6538,유지,주식회사 나랑파트너스,이계숙,유치사업자,서울
6539,유지,주식회사 에이치엠웰니스,권호영,유치사업자,서울
6540,유지,주식회사 오엠티투어,웬응옥택,유치사업자,서울
6541,유지,온글로우 글로벌,김해란,유치사업자,경기
6542,유지,벨로라 웰니스,티세벨마,유치사업자,경기
6543,유지,주식회사 글로웹코리아,이윤덕,유치사업자,서울
6544,유지,주식회사 디렉터홀딩스,조상현,유치사업자,서울
6545,유지,주식회사 제너레이션,김도훈,유치사업자,서울
6546,유지,주식회사 뉴페이스국제여행사,왕이보,유치사업자,서울
6547,유지,주식회사 이윤컴퍼니,채정한,유치사업자,서울
6548,유지,(주)레보메드,신봉근,유치사업자,경기
6549,유지,글로우미,남현이,유치사업자,서울
6550,유지,주식회사 닥터브로,조동현,유치사업자,서울
6551,유지,주식회사 국뢰국제 여행사,궁서화,유치사업자,제주
6552,유지,에메랄드1004,김용태,유치사업자,전남
6553,유지,주식회사 더우아한,김복천,유치사업자,경기
6554,유지,노베라 인터네셔널,웬반탐,유치사업자,서울
6555,유지,주식회사 케이메디프라임,고성준,유치사업자,서울
6556,유지,오버플랜,제선우,유치사업자,충남
6557,유지,아우라플러스,배진영,유치사업자,경기
6558,유지,라이트플레이,김현우,유치사업자,경기
6559,유지,어반케이 스튜디오,성기석,유치사업자,서울
6560,유지,케이메디컬케어,배영진,유치사업자,경기
6561,유지,코어라인메디투어 주식회사,장저하우정,유치사업자,서울
6562,유지,주식회사대한산업개발,조열희,유치사업자,충북
6563,유지,주식회사 엠씨코어,우헌,유치사업자,전북
6564,유지,주식회사 프로마인드,이효범,유치사업자,서울
6565,유지,주식회사 메디힘,용성남,유치사업자,서울
6566,유지,주식회사 피디컴퍼니,박동일,유치사업자,서울
6567,유지,주식회사 더블유케이탑코퍼레이션,김궐,유치사업자,서울
6568,유지,주식회사 어드벤처코리아,호소야 치나츠,유치사업자,서울
6569,유지,주식회사 오차드메디컬그룹,김진규,유치사업자,서울
6570,유지,주식회사 올어바웃케이,정은아,유치사업자,서울
6571,유지,이바이주식회사,곽걸,유치사업자,제주
6572,유지,주식회사 지앤지인터내셔널,김동호,유치사업자,경기
6573,유지,(주)넷포스코리아,마재호,유치사업자,서울
6574,유지,비욘드씨유 주식회사,김형원,유치사업자,서울
6575,유지,(주)더제인투어,홍재연,유치사업자,제주
6576,유지,주식회사 글로벌인력교육,홍영실,유치사업자,경북
6577,유지,웰리시아,정철원,유치사업자,서울
6578,유지,에이유비월드 유한회사,진지아이,유치사업자,경기
6579,유지,(주)일찬산업개발,이교보,유치사업자,서울
6580,유지,스몰빅 코스랩 코리아,이 충 범,유치사업자,경기
6581,유지,원케어,정지원,유치사업자,서울
6582,유지,알리프메디 주식회사,김하난,유치사업자,서울
6583,유지,주식회사 디벨로퍼랩,권일웅,유치사업자,인천
6584,유지,유한회사 서영,박미희,유치사업자,경기
6585,유지,와이씨 투어,박영진,유치사업자,부산
6586,유지,주식회사 비비지네트웍스,김은희,유치사업자,서울
6587,유지,루나코리아,이성원,유치사업자,경기
6588,유지,주식회사 티유,강신호,유치사업자,경기
6589,유지,주식회사 클리노바,송영한,유치사업자,경기
6590,유지,주식회사 코브메디,송준식,유치사업자,서울
6591,유지,하늘 뷰앤몰,송인우,유치사업자,서울
6592,유지,주식회사 케이뷰티웨이,맹령영,유치사업자,서울
6593,유지,케이에스링크,한동매,유치사업자,인천
6594,유지,(주)둔산투어,최형준,유치사업자,전북
6595,유지,(주)아사히바이오,이광진,유치사업자,서울
6596,유지,메디패스(medipass),손미영,유치사업자,경기
6597,유지,원더마,김시영,유치사업자,서울
6598,유지,아카데미크,김 알레샤 빌로리예브나,유치사업자,서울
6599,유지,뷰니크,최성원,유치사업자,경기
6600,유지,주식회사 정윤글로벌,김정,유치사업자,서울
6601,유지,비쥬얼 허브,조우희,유치사업자,경기
6602,유지,유니스,유신월 ,유치사업자,서울
6603,유지,이화,오윤희,유치사업자,서울
6604,유지,주식회사 메디컬컨설팅그룹,채수정,유치사업자,부산
6605,유지,주식회사 더블엠글로벌케어,맹준형,유치사업자,서울
6606,유지,비비비오 컴퍼니,벌러르 바야르마,유치사업자,전북
6607,유지,케이윈코리아,손교진,유치사업자,서울
6608,유지,주식회사 비알에스트레이딩,김동윤 ,유치사업자,서울
6609,유지,주식회사 지지56바이오,강상원,유치사업자,서울
6610,유지,한국렉스파워,김동천,유치사업자,서울
6611,유지,(주)케이워크파트너스,조성곤,유치사업자,충남
6612,유지,주식회사 지지투어,간볼드 간둘람,유치사업자,서울
6613,유지,주식회사 르시에르,문태준,유치사업자,서울
6614,유지,주식회사라온하제글로벌,김영무,유치사업자,서울
6615,유지,주식회사골든메디코리아,유보근,유치사업자,서울
6616,유지,주식회사  한중문화여행,오 정 환,유치사업자,서울
6617,유지,레이어테크놀로지 주식회사,안영석,유치사업자,서울
6618,유지,웨이시,하재준,유치사업자,인천
6619,유지,주식회사 발렌라이프,민홍규,유치사업자,서울
6620,유지,주식회사 링큐메디,윤영필,유치사업자,경기
6621,유지,유에이치커넥트 주식회사,임채현,유치사업자,서울
6622,유지,주식회사 쓰리큐브드,범초(판차오),유치사업자,서울
6623,유지,주식회사 신엽여행사,강정식,유치사업자,제주
6624,유지,주식회사 한국청담국제여행사,유열덕,유치사업자,서울
6625,유지,(주)우정,노지만,유치사업자,경기
6626,유지,주식회사 메디그로우 ,신문석 ,유치사업자,서울
6627,유지,제주트립,신 엘레나레오니도브나,유치사업자,제주
6628,유지,유리콘 주식회사,임지현,유치사업자,서울
6629,유지,당인국제여행사,유대용,유치사업자,제주
6630,유지,박사(Dr.)한지현 K-뷰티케어센터,한지현,유치사업자,서울
6631,유지,주식회사 케이티피,주병천,유치사업자,경기
6632,유지,주식회사 퍼키스쿼드,원용주,유치사업자,서울
6633,유지,페이넥스,곽진규,유치사업자,서울
6634,유지,주식회사 플레드,정인호,유치사업자,강원
6635,유지,봄의료컨시어지 유한회사,제니퍼김,유치사업자,서울
6636,유지,베예사 엔 세울,이서원,유치사업자,경기
6637,유지,글로벌페이코리아,김은희,유치사업자,충남
6638,유지,주식회사 파콘,이상철,유치사업자,서울
6639,유지,주식회사 브라더월드,신용원,유치사업자,서울
6640,유지,올라엠앤피솔루션,임태완,유치사업자,대구
6641,유지,(주)글로벌이아이,심성우,유치사업자,서울
6642,유지,(주)아이엠제이메디파이,임지혁,유치사업자,서울
6643,유지,정언여행무역 주식회사,완준량,유치사업자,서울
6644,유지,주식회사 아이피엔글로벌,강대업,유치사업자,서울
6645,유지,엠제트메디칼케어,오다영,유치사업자,인천
6646,유지,플로위라인,주송이,유치사업자,경기
6647,유지,하림국제여행사 주식회사,송하림,유치사업자,제주
6648,유지,본로이,강주영,유치사업자,서울
6649,유지,주식회사 비엠오플러스,구원모,유치사업자,부산
6650,유지,라이즈온,전홍국,유치사업자,부산
6651,유지,주식회사그룬업코리아,이은정,유치사업자,경기
6652,유지,미미글로벌메디컬유한회사,김동현,유치사업자,제주
6653,유지,비비가이드 주식회사,조갑철,유치사업자,서울
6654,유지,다나뷰티 유한회사,한나잉,유치사업자,서울
6655,유지,미강한려,한민,유치사업자,세종
6656,유지,주식회사 닥터나우,정진웅,유치사업자,서울
6657,유지,박병준 101동 706호,박병준,유치사업자,경기
6658,유지,아프로디테,오상환,유치사업자,경기
6659,유지,주식회사 메디스텔라컨설팅컴퍼니,채은,유치사업자,경기
6660,유지,베스티글로벌마케팅,박서이,유치사업자,서울
6661,유지,스파크랩주식회사,한수민,유치사업자,경기
6662,유지,스킨몰,김현희,유치사업자,서울
6663,유지,(주)해밀리투어,이광일,유치사업자,서울
6664,유지,제이조에 글로벌,홍지희,유치사업자,서울
6665,유지,주식회사 한고마케팅,김영남,유치사업자,서울
6666,유지,(주)헤르카미래그룹,김명래,유치사업자,경기
6667,유지,주식회사 위더넥스글로벌,김재홍,유치사업자,서울
6668,유지,나야글로벌,황영재,유치사업자,서울
6669,유지,프로페나인어클락,황순호,유치사업자,경기
6670,유지,주식회사  에이치와이피,위종복,유치사업자,경기
6671,유지,메디링크 코리아,이상은,유치사업자,서울
6672,유지,(주)비비드코리아,장현민,유치사업자,경기
6673,유지,주식회사 이디이엔,서보라,유치사업자,서울
6674,유지,지민투어,슈가이 빅토리아,유치사업자,인천
6675,유지,아우름,고혜진,유치사업자,서울
6676,유지,주식회사 에피케이,진예슬,유치사업자,서울
6677,유지,주식회사 메디아크,이찬형,유치사업자,인천
6678,유지,주식회사 픽코리아,이지용,유치사업자,대전
6679,유지,유니드랩(YUNeed Lab.),정서윤,유치사업자,경기
6680,유지,여행사 하루,김성원,유치사업자,서울
6681,유지,주식회사 큐에스코퍼레이션,심규,유치사업자,서울
6682,유지,디마인드,김석주,유치사업자,서울
6683,유지,주식회사 지안인터내셔널그룹,강혜진,유치사업자,서울
6684,유지,렐린,장기석,유치사업자,서울
6685,유지,주식회사 포리덤,박종일,유치사업자,경기
6686,유지,유솔트립 주식회사,현재환,유치사업자,부산
6687,유지,로컬트래블랩,이정민,유치사업자,부산
6688,유지,팔성국제 주식회사,김철명,유치사업자,서울
6689,유지,케일로미 주식회사,강민철,유치사업자,경기
6690,유지,올글로우서울,이혜수,유치사업자,서울
6691,유지,(주)엠케이인터네셔널,이경호,유치사업자,제주
6692,유지,두리지엠에스주식회사,김대중,유치사업자,전남
6693,유지,해라메디컬 주식회사,박충석,유치사업자,서울
6694,유지,서웰리 메디 코리아,서희원,유치사업자,인천
6695,유지,환우 주식회사,이시우,유치사업자,제주
6696,유지,주식회사 브이투어,김영우,유치사업자,제주
6697,유지,뉴던,KIM DONALD YOUNG,유치사업자,경기
6698,유지,엘릿,한규연,유치사업자,서울
6699,유지,(주)에스엠퓨처인터내셔널,이종호,유치사업자,서울
6700,유지,(주)아이러브아이센터,이종호,유치사업자,서울
6701,유지,라피네앤코,고민봉,유치사업자,경기
6702,유지,서울 파라다이스 ,이상윤,유치사업자,경기
6703,유지,주식회사 코어코리아,문지현,유치사업자,서울
6704,유지,(주)아주세계여행사,김대수,유치사업자,서울
6705,유지,더온브릿지 주식회사,안소영,유치사업자,서울
6706,유지,투어 닥터,김동노,유치사업자,서울
6707,유지,차에이아이헬스케어 주식회사,윤경욱,유치사업자,서울
6708,유지,유케이티(UKT),김상균,유치사업자,서울
6709,유지,주식회사인터뷰 ,박성민 ,유치사업자,인천
6710,유지,퍼플,이인영,유치사업자,경기
6711,유지,메디서포트,빅토리아,유치사업자,부산
6712,유지,주식회사 여행준비니,정성빈,유치사업자,서울
6713,유지,홍익약국,이중길,유치사업자,서울
6714,유지,비에스에이치인터내셔널 주식회사,백승화,유치사업자,서울
6715,유지,주식회사 더세이프앤코,윤경보,유치사업자,제주
6716,유지,엔케이아이 코리아,"김동은, 임경오",유치사업자,경기
6717,유지,지앤지포에버,꼬오야우성,유치사업자,인천
6718,유지,글로벌  케어  브릿지,이채원 ,유치사업자,경기
6719,유지,클로메이,김상아,유치사업자,경기
6720,유지,결 메디큐레이션,강정훈,유치사업자,서울
6721,유지,큐레이트,장건혁,유치사업자,서울
6722,유지,핑크레이디,조완진,유치사업자,경기
6723,유지,엑시엄 플랜,조영신,유치사업자,서울
6724,유지,케이엔글로벌,히라나 와카나,유치사업자,대전
6725,유지,주식회사 니니즈,허지훈,유치사업자,서울
6726,유지,몽한글로벌 주식회사,이희우,유치사업자,부산
6727,유지,연 글로벌,형의연,유치사업자,서울
6728,유지,3D강남종합여행사(주),장연옥,유치사업자,서울
6729,유지,어니언트래블그룹,이종원,유치사업자,서울
6730,유지,웹투어 주식회사,홍성원,유치사업자,서울
6731,유지,재부자유주식회사,차잉파잉,유치사업자,서울
6732,유지,주식회사 위메이드,진해진,유치사업자,서울
6733,유지,주식회사 메디링크,김계복,유치사업자,서울
6734,유지,메디베이스코리아,장리유,유치사업자,서울
6735,유지,에스앤비소프트,배상민,유치사업자,서울
6736,유지,주식회사 메디투어코리아,정우영,유치사업자,서울
6737,유지,리사로사,한보영,유치사업자,서울
6738,유지,주식회사 그리니,김성민,유치사업자,서울
6739,유지,주식회사 플리피,이설비,유치사업자,서울
6740,유지,라온글로벌,점평,유치사업자,서울
6741,유지,아틀리에 메디 코리아  주식회사 ,염정희,유치사업자,인천
6742,유지,재원무역,자오원쉐,유치사업자,서울
6743,유지,누리하우스 주식회사,백아람,유치사업자,서울
6744,유지,나누리에이전트 주식회사,김기범,유치사업자,경기
6745,유지,주식회사  트리콜모빌리티,백승용,유치사업자,부산
6746,유지,주식회사 바다야트래블,윤홍성,유치사업자,서울
6747,유지,주식회사 글로우링크랩코리아,안도 리카,유치사업자,서울
6748,유지,가람,문가은,유치사업자,서울
6749,유지,트루컨설턴트,이하은,유치사업자,서울
6750,유지,유한회사 만커솔루션즈,샤오쯔제,유치사업자,서울
6751,유지,에스와이씨씨,안세연,유치사업자,서울
6752,유지,원그룹 주식회사,홍은자,유치사업자,경기
6753,유지,주식회사  메디오,박종관,유치사업자,서울
6754,유지,씨이원 주식회사,스후이쥐엔,유치사업자,서울
6755,유지,주식회사 더케이위드,양언석,유치사업자,서울
6756,유지,주식회사 케이메디가이드,최형준,유치사업자,서울
6757,유지,주식회사 올파인케어,조원석,유치사업자,서울
6758,유지,주식회사 만가복,쨩남,유치사업자,인천
6759,유지,주식회사 투씨미디어,임호섭,유치사업자,서울
6760,유지,닥터그로스,강준구,유치사업자,서울
6761,유지,주식회사 오라트래블,허재성,유치사업자,부산
6762,유지,소요유국제여행사,위민,유치사업자,인천
6763,유지,스타뷰 주식회사,위안멍,유치사업자,서울
6764,유지,상선약수 주식회사,송웨이,유치사업자,서울
6765,유지,제이코리아,박주희,유치사업자,서울
6766,유지,더영코리아,김재연,유치사업자,경기
6767,유지,주식회사 알오아이글로벌 ,김록원,유치사업자,서울
6768,유지,주식회사 탑스투어,최나리,유치사업자,경기
6769,유지,주식회사 더에이치홀딩스,허동훈,유치사업자,서울
6770,유지,퍼스트메디 주식회사,장종학,유치사업자,경기
6771,유지,엠케이씨엠 유한회사,한가이다브가도르즈,유치사업자,서울
6772,유지,렛츠팜,이남희,유치사업자,서울
6773,유지,주식회사 메디펙스,오희두,유치사업자,서울
6774,유지,(주)더플러리,조인자,유치사업자,서울
6775,유지,(주)더블유엣더블유,오호준,유치사업자,서울
6776,유지,주식회사 부릉,김형설,유치사업자,서울
6777,유지,주식회사 유오디아컴퍼니,최한나,유치사업자,서울
6778,유지,뉴브이아이피 유한회사,전은혜,유치사업자,제주
6779,유지,메이블리,엄준호,유치사업자,서울
6780,유지,주식회사 고메디,이은욱,유치사업자,부산
6781,유지,케이웰로 주식회사,손영득,유치사업자,경기
6782,유지,주식회사 비엔케이글로벌,왕빙,유치사업자,경기
6783,유지,주식회사 유유위,궈웨웨이,유치사업자,부산
6784,유지,(주)보나투어,김흥민,유치사업자,서울
6785,유지,예성스타 유한회사,통이,유치사업자,서울
6786,유지,하임글로벌,오수지,유치사업자,인천
6787,유지,(주)세강여행사,공번지,유치사업자,서울
6788,유지,더원인터내셔널,장기원,유치사업자,서울
6789,유지,캐머스 주식회사,팡송주,유치사업자,서울
6790,유지,주식회사 부스트리,강민준,유치사업자,서울
6791,유지,주식회사 삼공사컴퍼니,이진환,유치사업자,인천
6792,유지,주식회사 골든베이스,오찬식,유치사업자,서울
6793,유지,주식회사 유니아,전지윤,유치사업자,충남
6794,유지,주식회사 동현,손인기,유치사업자,서울
6795,유지,주식회사 로투어,박문일,유치사업자,경기
6796,유지,치트라만다 에스테틱,하라합 치트라 비안카,유치사업자,서울
6797,유지,글로벌 트렌스 메드,담비냠에르덴솝드,유치사업자,경기
6798,유지,주식회사 케이씨홀딩스,구본철,유치사업자,경기
6799,유지,주식회사 중앙네트워크,김찬규,유치사업자,경기
6800,유지,주식회사 케이몬스터그룹,이지헌,유치사업자,서울
6801,유지,아가페광고,김세윤,유치사업자,경기
6802,유지,주식회사 와이파크,왕잉,유치사업자,서울
6803,유지,메이드인코리아바이세라 주식회사,윤 세라린 그레이스,유치사업자,서울
6804,유지,주식회사 일공일컨설팅그룹,김성민,유치사업자,서울
6805,유지,(주)제인파트너스,허제인,유치사업자,경기
6806,유지,자이언트판다,김지영,유치사업자,경기
6807,유지,요아 beauty consulting,유가기,유치사업자,경남
6808,유지,케이비스타인터내셔널 주식회사,이청,유치사업자,서울
6809,유지,주식회사 세컨핸즈,윤경민,유치사업자,서울
6810,유지,블루밍메디컬,양연주,유치사업자,경기
6811,유지,한양국제마케팅(주),판치창,유치사업자,서울
6812,유지,주식회사 남미고,장미희,유치사업자,서울
6813,유지,주식회사 뷰티럭스,박현수,유치사업자,서울
6814,유지,한국헬스월드무역 주식회사,지윈첸,유치사업자,인천
6815,유지,주식회사 허니그루브하우스,김태형 ,유치사업자,서울
6816,유지,아린글로우 주식회사,유향숙,유치사업자,인천
6817,유지,주식회사 포시즌관광,송경환,유치사업자,서울
6818,유지,루네아,박채린,유치사업자,대구
6819,유지,주식회사 샤인트레이드 ,이호경  ,유치사업자,서울
6820,유지,메디브릿지,조병조,유치사업자,경기
6821,유지,아웃포스트스튜디오 주식회사,조현우,유치사업자,서울
6822,유지,주식회사 케이엠에스엔터프라이즈,김태형,유치사업자,서울
6823,유지,코리아  HIM MEDICAL,홍 스베트리나,유치사업자,경기
6824,유지,주식회사 제이앤케이코퍼레이션,김규리,유치사업자,경기
6825,유지,솔브플랜,한지우,유치사업자,서울
6826,유지,세계모두여행 주식회사,한원규,유치사업자,대구
6827,유지,주식회사 앤오크국제여행사,송호진,유치사업자,서울
6828,유지,주식회사 블루오션프레스티지,김지훈,유치사업자,인천
6829,유지,씨앤아이,최재하,유치사업자,대구
6830,유지,주식회사 나누기월드,나해리,유치사업자,부산
6831,유지,주식회사 더일치,문형석,유치사업자,서울
6832,유지,스텔라 K-투어,윤정숙,유치사업자,경기
6833,유지,주식회사 픽스업,정해민,유치사업자,경기
6834,유지,메디스노우 주식회사,ZHOU XUEFEI,유치사업자,서울
6835,유지,콜라여행사,엄산산,유치사업자,경기
6836,유지,넥스트스텝코리아,이미혜,유치사업자,인천
6837,유지,주식회사 에스에이서울,정상아,유치사업자,서울
6838,유지,프랜드여행사,최재성,유치사업자,제주
6839,유지,주식회사 모아글로벌,남명수,유치사업자,인천
6840,유지,주식회사 지엠인터네셔널,김성은,유치사업자,제주
6841,유지,주식회사 그랜드엔터프라이즈,한정선,유치사업자,서울
6842,유지,주식회사 럭셔리뷰티광명,김지안,유치사업자,경기
6843,유지,김재영행정사 사무소,김재영,유치사업자,서울
6844,유지,(주)젠셀릭스,강민지,유치사업자,서울
6845,유지,비앤에프,백주현,유치사업자,서울
6846,유지,고퍼소프트,김윤석,유치사업자,부산
6847,유지,홍미스튜디오 주식회사,유루,유치사업자,서울
6848,유지,주식회사 미모다,안성해,유치사업자,서울
6849,유지,메디비아,김희성,유치사업자,강원
6850,유지,이오엠기획,김영미,유치사업자,경기
6851,유지,글로티랩스,임지선,유치사업자,서울
6852,유지,티 팝 코리아,황지원,유치사업자,서울
6853,유지,주식회사 케이뷰티컨시어지,진의순,유치사업자,서울
6854,유지,자이로스인터내셔널 주식회사,박찬,유치사업자,경기
6855,유지,메디링크 코리아,조성민,유치사업자,서울
6856,유지,이슬여행 유한회사,고화양,유치사업자,서울
6857,유지,(주)강남미인,양징,유치사업자,서울
6858,유지,주식회사 큐로 (Curo),박종석,유치사업자,서울
6859,유지,네츄럴24 주식회사        ,예후이 ,유치사업자,서울
6860,유지,주식회사 릴라이브스튜디오,장애리,유치사업자,서울
6861,유지,주식회사 뷰메디칼,최인성,유치사업자,경기
6862,유지,주식회사 스킨이즈굿,김경옥,유치사업자,서울
6863,유지,주식회사 범글로벌,구범승,유치사업자,서울
6864,유지,우광무역회사,이사우,유치사업자,인천
6865,유지,주식회사 포트존,송준,유치사업자,서울
6866,유지,노블펄슨,이상민,유치사업자,부산
6867,유지,주식회사 씨에스티월드,이수림,유치사업자,서울
6868,유지,주식회사 서울글로,사열,유치사업자,서울
6869,유지,주식회사 에이치원글로벌,최지윤,유치사업자,부산
6870,유지,주식회사 케이메드글로벌트레이딩 포천지점,강경선,유치사업자,경기
6871,유지,주식회사 하란상사,김민,유치사업자,서울
6872,유지,미래,서주희,유치사업자,인천
6873,유지,에픽 아우라,김 동환,유치사업자,인천
6874,유지,스킨사이더코리아,염지혜,유치사업자,서울
6875,유지,스피드캣,이은석,유치사업자,서울
6876,유지,주식회사 에이지뷰티코리아 ,장양,유치사업자,서울
6877,유지,미로아 (MIROA),한승보,유치사업자,서울
6878,유지,케이오엠디(KOMD),임태정,유치사업자,충북
6879,유지,바오더,안예주,유치사업자,경기
6880,유지,주식회사 네스트앤파트너스,이원석,유치사업자,서울
6881,유지,주식회사 앤플라스,최영섭,유치사업자,경기
6882,유지,주식회사 홈인샵,성주환,유치사업자,경기
6883,유지,주식회사 허프딩,딩딩,유치사업자,서울
6884,유지,윤아메디투어,쏘신,유치사업자,서울
6885,유지,초이트립,최준성,유치사업자,경기
6886,유지,주식회사 와그,선우윤,유치사업자,서울
6887,유지,주식회사 플라이트 그룹,김주환,유치사업자,서울
6888,유지,(주)지니커넥트,김언균,유치사업자,서울
6889,유지,메디본,이재중,유치사업자,서울
6890,유지,주식회사 해사글로우,정혜령,유치사업자,서울
6891,유지,주식회사 메디커넥,김동수,유치사업자,서울
6892,유지,주식회사 심플리유,심현우,유치사업자,서울
6893,유지,엔디디프레스티지엔터프라이즈,권혁원,유치사업자,경기
6894,유지,주식회사 케이엠제이그룹,김민자,유치사업자,인천
6895,유지,주식회사 넥스,조현희,유치사업자,서울
6896,유지,아이케이컴퍼니,진익상,유치사업자,대전
6897,유지,주식회사 엘투엘원,신여정,유치사업자,서울
6898,유지,더클래스,차경윤,유치사업자,서울
6899,유지,메디니티,정태라,유치사업자,서울
6900,유지,럭스케어,곽재호,유치사업자,서울
6901,유지,주식회사 더브릿지코리아,한수호,유치사업자,인천
6902,유지,케이트래블1,김리나,유치사업자,부산
6903,유지,주식회사아나스트레이딩원,ABDUVALIEVA ZEINEGUL (제이네굴),유치사업자,인천
6904,유지,아우레코리아인터내셔널,황위궈,유치사업자,경기
6905,유지, 부산글로벌파트너스,성우영,유치사업자,부산
6906,유지,주식회사 수성국제여행사,정수성,유치사업자,제주
6907,유지,주식회사 브라더인터내셔널 트레이딩,김파,유치사업자,인천
6908,유지,주식회사 싱웨이메디투어,최광길,유치사업자,서울
6909,유지,(주)서정에프앤비,조복순,유치사업자,부산
6910,유지,인성월드투어 주식회사,강해성,유치사업자,제주
6911,유지,더블유아이마케팅,신인수,유치사업자,서울
6912,유지,라라투어,최원희,유치사업자,경기
6913,유지,에이온비 주식회사,유홍석,유치사업자,대전
6914,유지,선제이 컴퍼니,조용현,유치사업자,경기
6915,유지,비스포크메디,이정화,유치사업자,경기
6916,유지,주식회사 호이,김상균,유치사업자,부산
6917,유지,주식회사 케이즈,김자영,유치사업자,부산
6918,유지,디엑스메디컬,XIAN LILI(함려려),유치사업자,경기
6919,유지,무브케이,김채린,유치사업자,경기
6920,유지,닥터애니케어주식회사,이경민,유치사업자,충남
6921,유지,유치기관 테스트,김테스트,유치사업자,서울
